15 71 1.00667 1.32057 0.640507 8.66056 8.66056 1.19520 0.252261 -0.5500583057 1.061094020
16 71 1.03276 1.29655 0.669236 8.61462 8.61462 1.34263 0.233402 -0.7451559526 1.116867376
17 71 1.05998 1.27678 0.696222 8.58108 8.58108 1.49030 0.255074 -0.9635752915 1.136883062
18 71 1.07785 1.23789 0.722124 8.55871 8.55871 1.66811 0.334853 -1.208387135 1.149948104
19 71 1.08554 1.18872 0.746107 8.53533 8.53533 1.87070 0.448928 -1.454260530 1.176701488
20 71 1.08987 1.14873 0.766820 8.52000 8.52000 2.06638 0.565210 -1.677838171 1.206137636
21 71 1.09712 1.12871 0.785269 8.50806 8.50806 2.22949 0.667467 -1.865916169 1.220233817
22 71 1.11103 1.12851 0.803368 8.49893 8.49893 2.35444 0.660336 -2.029442300 1.193618857
23 71 1.14941 1.15718 0.836645 8.49511 8.49511 2.46082 0.565526 -2.186972755 1.128157161
24 71 1.01016 1.00894 0.738905 8.50071 8.50071 2.55829 0.467366 -2.343708715 1.025608744
25 71 1.08667 1.07220 0.799340 8.47995 8.47995 2.66596 0.374952 -2.514044835 0.8870681967
26 71 1.09873 1.06128 0.815580 8.47522 8.47522 2.80633 0.305328 -2.708905371 0.7330064617
27 71 1.10070 1.03378 0.826832 8.47180 8.47180 2.97563 0.290467 -2.918558295 0.5799736045
28 71 1.09920 1.00021 0.836591 8.46918 8.46918 3.16310 0.353362 -3.133733613 0.4299495173
29 71 1.09130 0.958235 0.842170 8.46724 8.46724 3.37111 0.478647 -3.359077148 0.2845066756
30 71 1.08480 0.915548 0.849157 8.46599 8.46599 3.60063 0.643734 -3.596890621 0.1638386706
31 71 1.07752 0.874903 0.854441 8.46559 8.46559 3.82927 0.832438 -3.828213908 0.08964774020
32 71 1.07193 0.844445 0.858292 8.46658 8.46658 4.01694 1.02732 -4.016386538 0.06614061350
33 71 1.06887 0.827637 0.860712 8.47093 8.47093 4.13443 1.21190 -4.133987313 0.06025346602
34 71 1.06740 0.819256 0.862147 8.48918 8.48918 4.20015 1.38419 -4.199947648 0.04098339971
35 71 1.06672 0.815325 0.862846 8.72542 8.72542 4.23211 1.54412 -4.232078361 0.01424941393
36 71 1.06672 0.815325 0.862846 8.72542 8.72542 4.23211 1.54412 -4.232078361 -0.01424941393
37 71 1.06740 0.819256 0.862147 8.48918 8.48918 4.20015 1.38419 -4.199947648 -0.04098339971
38 71 1.06887 0.827637 0.860712 8.47093 8.47093 4.13443 1.21190 -4.133987313 -0.06025346602
39 71 1.07193 0.844445 0.858292 8.46658 8.46658 4.01694 1.02732 -4.016386538 -0.06614061350
40 71 1.07752 0.874903 0.854441 8.46559 8.46559 3.82927 0.832438 -3.828213908 -0.08964774020
41 71 1.08480 0.915548 0.849157 8.46599 8.46599 3.60063 0.643734 -3.596890621 -0.1638386706
42 71 1.09130 0.958235 0.842170 8.46724 8.46724 3.37111 0.478647 -3.359077148 -0.2845066756
43 71 1.09920 1.00021 0.836591 8.46918 8.46918 3.16310 0.353362 -3.133733613 -0.4299495173
44 71 1.10070 1.03378 0.826832 8.47180 8.47180 2.97563 0.290467 -2.918558295 -0.5799736045
45 71 1.09873 1.06128 0.815580 8.47522 8.47522 2.80633 0.305328 -2.708905371 -0.7330064617
46 71 1.08667 1.07220 0.799340 8.47995 8.47995 2.66596 0.374952 -2.514044835 -0.8870681967
47 71 1.01016 1.00894 0.738905 8.50071 8.50071 2.55829 0.467366 -2.343708715 -1.025608744
48 71 1.14941 1.15718 0.836645 8.49511 8.49511 2.46082 0.565526 -2.186972755 -1.128157161
49 71 1.11103 1.12851 0.803368 8.49893 8.49893 2.35444 0.660336 -2.029442300 -1.193618857
50 71 1.09712 1.12871 0.785269 8.50806 8.50806 2.22949 0.667467 -1.865916169 -1.220233817
51 71 1.08987 1.14873 0.766820 8.52000 8.52000 2.06638 0.565210 -1.677838171 -1.206137636
52 71 1.08554 1.18872 0.746107 8.53533 8.53533 1.87070 0.448928 -1.454260530 -1.176701488
53 71 1.07785 1.23789 0.722124 8.55871 8.55871 1.66811 0.334853 -1.208387135 -1.149948104
54 71 1.05998 1.27678 0.696222 8.58108 8.58108 1.49030 0.255074 -0.9635752915 -1.136883062
55 71 1.03276 1.29655 0.669236 8.61462 8.61462 1.34263 0.233402 -0.7451559526 -1.116867376
56 71 1.00667 1.32057 0.640507 8.66056 8.66056 1.19520 0.252261 -0.5500583057 -1.061094020
17 72 1.05416 1.28275 0.689984 6.11526 6.11526 1.45359 0.244792 -0.9095236348 1.133874843
19 72 1.08407 1.20123 0.740077 6.08115 6.08115 1.81694 0.417776 -1.391057431 1.168850854
23 72 1.13019 1.14079 0.821126 6.04896 6.04896 2.42824 0.596492 -2.137053305 1.152974657
25 72 1.07652 1.06770 0.790082 6.04006 6.04006 2.62549 0.405584 -2.452090601 0.9383070765
29 72 1.09162 0.972962 0.837639 6.02977 6.02977 3.28429 0.422315 -3.266467548 0.3415926746
31 72 1.08044 0.891514 0.852242 6.02812 6.02812 3.73316 0.749294 -3.731390684 0.1149178767
35 72 1.06696 0.816729 0.862595 6.07226 6.07226 4.22061 1.46820 -4.220516215 0.02769784432
37 72 1.06696 0.816729 0.862595 6.07226 6.07226 4.22061 1.46820 -4.220516215 -0.02769784432
41 72 1.08044 0.891514 0.852242 6.02812 6.02812 3.73316 0.749294 -3.731390684 -0.1149178767
43 72 1.09162 0.972962 0.837639 6.02977 6.02977 3.28429 0.422315 -3.266467548 -0.3415926746
47 72 1.07652 1.06770 0.790082 6.04006 6.04006 2.62549 0.405584 -2.452090601 -0.9383070765
49 72 1.13019 1.14079 0.821126 6.04896 6.04896 2.42824 0.596492 -2.137053305 -1.152974657
53 72 1.08407 1.20123 0.740077 6.08115 6.08115 1.81694 0.417776 -1.391057431 -1.168850854
55 72 1.05416 1.28275 0.689984 6.11526 6.11526 1.45359 0.244792 -0.9095236348 -1.133874843
15 73 1.00280 1.34801 0.630649 8.80594 8.80594 1.12585 0.267889 -0.4686904270 1.023643603
16 73 1.02038 1.30383 0.657034 8.75373 8.75373 1.28084 0.238616 -0.6581056746 1.098836946
17 73 1.04809 1.28766 0.683851 8.71557 8.71557 1.41919 0.237992 -0.8584494345 1.130109600
18 73 1.07059 1.25992 0.709456 8.69127 8.69127 1.57544 0.288627 -1.085014219 1.142258001
19 73 1.08234 1.21392 0.733995 8.66472 8.66472 1.76451 0.387876 -1.328256720 1.161555052
20 73 1.08765 1.16899 0.755897 8.64719 8.64719 1.96135 0.502297 -1.558861728 1.190310131
21 73 1.09308 1.13819 0.775442 8.63366 8.63366 2.14103 0.610934 -1.762303058 1.215850498
22 73 1.10154 1.12658 0.792143 8.62305 8.62305 2.28249 0.703514 -1.932251610 1.214962743
23 73 1.11956 1.13313 0.811755 8.61521 8.61521 2.39537 0.626064 -2.088170662 1.173584556
24 73 1.20855 1.21349 0.881272 8.62632 8.62632 2.49464 0.531928 -2.240313712 1.097366988
25 73 1.05761 1.05314 0.774787 8.60528 8.60528 2.58966 0.437051 -2.394894824 0.9852797847
26 73 1.09193 1.07179 0.804993 8.59695 8.59695 2.70275 0.351482 -2.567828346 0.8432574610
27 73 1.09986 1.05517 0.818788 8.59276 8.59276 2.84810 0.294661 -2.762547202 0.6927891349
28 73 1.10047 1.02624 0.829131 8.58961 8.58961 3.01789 0.298217 -2.968278235 0.5449167326
29 73 1.09996 0.993990 0.839495 8.58719 8.58719 3.20384 0.374871 -3.178856764 0.3992945350
30 73 1.09035 0.950866 0.843587 8.58539 8.58539 3.41078 0.505652 -3.400810853 0.2604564812
31 73 1.08371 0.909117 0.850073 8.58428 8.58428 3.63593 0.671028 -3.632862040 0.1492770362
32 73 1.07671 0.870455 0.855002 8.58402 8.58402 3.85554 0.856533 -3.854617488 0.08430475171
33 73 1.07153 0.842267 0.858581 8.58522 8.58522 4.03131 1.04563 -4.030771759 0.06558371517
34 73 1.06874 0.826877 0.860837 8.58998 8.58998 4.14021 1.22404 -4.139774447 0.05941631080
35 73 1.06736 0.819013 0.862190 8.60960 8.60960 4.20211 1.39103 -4.201911506 0.03997056099
36 73 1.06672 0.815299 0.862850 8.86298 8.86298 4.23232 1.54620 -4.232294126 0.01386269047
37 73 1.06672 0.815299 0.862850 8.86298 8.86298 4.23232 1.54620 -4.232294126 -0.01386269047
38 73 1.06736 0.819013 0.862190 8.60960 8.60960 4.20211 1.39103 -4.201911506 -0.03997056099
39 73 1.06874 0.826877 0.860837 8.58998 8.58998 4.14021 1.22404 -4.139774447 -0.05941631080
40 73 1.07153 0.842267 0.858581 8.58522 8.58522 4.03131 1.04563 -4.030771759 -0.06558371517
41 73 1.07671 0.870455 0.855002 8.58402 8.58402 3.85554 0.856533 -3.854617488 -0.08430475171
42 73 1.08371 0.909117 0.850073 8.58428 8.58428 3.63593 0.671028 -3.632862040 -0.1492770362
43 73 1.09035 0.950866 0.843587 8.58539 8.58539 3.41078 0.505652 -3.400810853 -0.2604564812
44 73 1.09996 0.993990 0.839495 8.58719 8.58719 3.20384 0.374871 -3.178856764 -0.3992945350
45 73 1.10047 1.02624 0.829131 8.58961 8.58961 3.01789 0.298217 -2.968278235 -0.5449167326
46 73 1.09986 1.05517 0.818788 8.59276 8.59276 2.84810 0.294661 -2.762547202 -0.6927891349
47 73 1.09193 1.07179 0.804993 8.59695 8.59695 2.70275 0.351482 -2.567828346 -0.8432574610
48 73 1.05761 1.05314 0.774787 8.60528 8.60528 2.58966 0.437051 -2.394894824 -0.9852797847
49 73 1.20855 1.21349 0.881272 8.62632 8.62632 2.49464 0.531928 -2.240313712 -1.097366988
50 73 1.11956 1.13313 0.811755 8.61521 8.61521 2.39537 0.626064 -2.088170662 -1.173584556
51 73 1.10154 1.12658 0.792143 8.62305 8.62305 2.28249 0.703514 -1.932251610 -1.214962743
52 73 1.09308 1.13819 0.775442 8.63366 8.63366 2.14103 0.610934 -1.762303058 -1.215850498
53 73 1.08765 1.16899 0.755897 8.64719 8.64719 1.96135 0.502297 -1.558861728 -1.190310131
54 73 1.08234 1.21392 0.733995 8.66472 8.66472 1.76451 0.387876 -1.328256720 -1.161555052
55 73 1.07059 1.25992 0.709456 8.69127 8.69127 1.57544 0.288627 -1.085014219 -1.142258001
56 73 1.04809 1.28766 0.683851 8.71557 8.71557 1.41919 0.237992 -0.8584494345 -1.130109600
57 73 1.02038 1.30383 0.657034 8.75373 8.75373 1.28084 0.238616 -0.6581056746 -1.098836946
58 73 1.00280 1.34801 0.630649 8.80594 8.80594 1.12585 0.267889 -0.4686904270 -1.023643603
15 74 1.01340 1.38086 0.633386 6.27945 6.27945 1.09101 0.277566 -0.4283725128 1.003385683
17 74 1.04185 1.29175 0.677806 6.21045 6.21045 1.38668 0.234269 -0.8101099707 1.125427762
19 74 1.08025 1.22648 0.727887 6.17279 6.17279 1.71385 0.359612 -1.266122649 1.155079947
21 74 1.09028 1.14391 0.769435 6.14909 6.14909 2.09334 0.581587 -1.708231255 1.209952818
23 74 1.11238 1.12911 0.804770 6.13494 6.13494 2.36207 0.654161 -2.040215246 1.190328534
25 74 1.00622 1.00512 0.735974 6.13771 6.13771 2.55698 0.468681 -2.341548063 1.027254167
27 74 1.09818 1.06326 0.814348 6.11846 6.11846 2.79163 0.310166 -2.689642397 0.7476630000
29 74 1.09940 1.00620 0.834777 6.11412 6.11412 3.12895 0.337047 -3.095505303 0.4562394277
31 74 1.08664 0.926625 0.847537 6.11170 6.11170 3.54055 0.598499 -3.535385062 0.1910875490
33 74 1.07354 0.853192 0.857161 6.11155 6.11155 3.96081 0.962020 -3.960189103 0.06973080424
35 74 1.06790 0.822148 0.861640 6.12016 6.12016 4.17704 1.31330 -4.176731480 0.05058571147
39 74 1.06790 0.822148 0.861640 6.12016 6.12016 4.17704 1.31330 -4.176731480 -0.05058571147
41 74 1.07354 0.853192 0.857161 6.11155 6.11155 3.96081 0.962020 -3.960189103 -0.06973080424
43 74 1.08664 0.926625 0.847537 6.11170 6.11170 3.54055 0.598499 -3.535385062 -0.1910875490
45 74 1.09940 1.00620 0.834777 6.11412 6.11412 3.12895 0.337047 -3.095505303 -0.4562394277
47 74 1.09818 1.06326 0.814348 6.11846 6.11846 2.79163 0.310166 -2.689642397 -0.7476630000
49 74 1.00622 1.00512 0.735974 6.13771 6.13771 2.55698 0.468681 -2.341548063 -1.027254167
51 74 1.11238 1.12911 0.804770 6.13494 6.13494 2.36207 0.654161 -2.040215246 -1.190328534
53 74 1.09028 1.14391 0.769435 6.14909 6.14909 2.09334 0.581587 -1.708231255 -1.209952818
55 74 1.08025 1.22648 0.727887 6.17279 6.17279 1.71385 0.359612 -1.266122649 -1.155079947
57 74 1.04185 1.29175 0.677806 6.21045 6.21045 1.38668 0.234269 -0.8101099707 -1.125427762
59 74 1.01340 1.38086 0.633386 6.27945 6.27945 1.09101 0.277566 -0.4283725128 -1.003385683
16 75 1.00976 1.31466 0.644808 8.89327 8.89327 1.21863 0.247977 -0.5783981337 1.072618856
17 75 1.03554 1.29520 0.671838 8.85027 8.85027 1.35575 0.233182 -0.7643688977 1.119727598
19 75 1.07770 1.23854 0.721786 8.79729 8.79729 1.66550 0.333466 -1.205028528 1.149679631
22 75 1.09557 1.13066 0.782279 8.74636 8.74636 2.20441 0.651062 -1.835841678 1.220286915
23 75 1.10699 1.12709 0.798936 8.73693 8.73693 2.32827 0.680732 -1.993155080 1.203395456
26 75 1.07494 1.06669 0.788744 8.71844 8.71844 2.62114 0.409188 -2.445261168 0.9439629098
28 75 1.10047 1.04860 0.821619 8.70879 8.70879 2.88926 0.288640 -2.814046450 0.6549376591
29 75 1.10011 1.01889 0.831242 8.70586 8.70586 3.05865 0.309595 -3.015511286 0.5118334449
31 75 1.08933 0.943724 0.844834 8.70195 8.70195 3.44895 0.532273 -3.440683384 0.2385636855
32 75 1.08273 0.903138 0.850946 8.70097 8.70097 3.66927 0.697320 -3.666725130 0.1365337659
34 75 1.07118 0.840329 0.858842 8.70227 8.70227 4.04427 1.06285 -4.043741678 0.06516489623
37 75 1.06671 0.815275 0.862855 8.99976 8.99976 4.23252 1.54817 -4.232492847 0.01349630823
38 75 1.06671 0.815275 0.862855 8.99976 8.99976 4.23252 1.54817 -4.232492847 -0.01349630823
41 75 1.07118 0.840329 0.858842 8.70227 8.70227 4.04427 1.06285 -4.043741678 -0.06516489623
43 75 1.08273 0.903138 0.850946 8.70097 8.70097 3.66927 0.697320 -3.666725130 -0.1365337659
44 75 1.08933 0.943724 0.844834 8.70195 8.70195 3.44895 0.532273 -3.440683384 -0.2385636855
46 75 1.10011 1.01889 0.831242 8.70586 8.70586 3.05865 0.309595 -3.015511286 -0.5118334449
47 75 1.10047 1.04860 0.821619 8.70879 8.70879 2.88926 0.288640 -2.814046450 -0.6549376591
49 75 1.07494 1.06669 0.788744 8.71844 8.71844 2.62114 0.409188 -2.445261168 -0.9439629098
52 75 1.10699 1.12709 0.798936 8.73693 8.73693 2.32827 0.680732 -1.993155080 -1.203395456
53 75 1.09557 1.13066 0.782279 8.74636 8.74636 2.20441 0.651062 -1.835841678 -1.220286915
56 75 1.07770 1.23854 0.721786 8.79729 8.79729 1.66550 0.333466 -1.205028528 -1.149679631
58 75 1.03554 1.29520 0.671838 8.85027 8.85027 1.35575 0.233182 -0.7643688977 -1.119727598
59 75 1.00976 1.31466 0.644808 8.89327 8.89327 1.21863 0.247977 -0.5783981337 -1.072618856
17 76 1.02914 1.29810 0.665845 6.30575 6.30575 1.32605 0.234195 -0.7211447026 1.112808226
21 76 1.08835 1.16237 0.759336 6.23702 6.23702 1.99398 0.521717 -1.596022454 1.195266563
23 76 1.10272 1.12650 0.793721 6.22083 6.22083 2.29372 0.705729 -1.946870405 1.212768420
25 76 1.21329 1.21812 0.884784 6.22491 6.22491 2.49589 0.530668 -2.242307533 1.096130686
27 76 1.09093 1.07213 0.803837 6.20286 6.20286 2.69430 0.356520 -2.555682766 0.8530722251
29 76 1.10063 1.03083 0.827752 6.19761 6.19761 2.99224 0.293000 -2.938201521 0.5660894778
31 76 1.09148 0.959833 0.841836 6.19452 6.19452 3.36242 0.472825 -3.349887622 0.2899512680
33 76 1.07868 0.881329 0.853620 6.19326 6.19326 3.79179 0.799175 -3.790505725 0.09844282955
35 76 1.06956 0.831488 0.860106 6.19576 6.19576 4.10590 1.15753 -4.105417066 0.06294217495
37 76 1.06693 0.816535 0.862629 6.24433 6.24433 4.22220 1.47648 -4.222114335 0.02629383331
39 76 1.06693 0.816535 0.862629 6.24433 6.24433 4.22220 1.47648 -4.222114335 -0.02629383331
41 76 1.06956 0.831488 0.860106 6.19576 6.19576 4.10590 1.15753 -4.105417066 -0.06294217495
43 76 1.07868 0.881329 0.853620 6.19326 6.19326 3.79179 0.799175 -3.790505725 -0.09844282955
45 76 1.09148 0.959833 0.841836 6.19452 6.19452 3.36242 0.472825 -3.349887622 -0.2899512680
47 76 1.10063 1.03083 0.827752 6.19761 6.19761 2.99224 0.293000 -2.938201521 -0.5660894778
49 76 1.09093 1.07213 0.803837 6.20286 6.20286 2.69430 0.356520 -2.555682766 -0.8530722251
51 76 1.21329 1.21812 0.884784 6.22491 6.22491 2.49589 0.530668 -2.242307533 -1.096130686
53 76 1.10272 1.12650 0.793721 6.22083 6.22083 2.29372 0.705729 -1.946870405 -1.212768420
55 76 1.08835 1.16237 0.759336 6.23702 6.23702 1.99398 0.521717 -1.596022454 -1.195266563
59 76 1.02914 1.29810 0.665845 6.30575 6.30575 1.32605 0.234195 -0.7211447026 -1.112808226
16 77 1.00292 1.33429 0.633816 9.03353 9.03353 1.15414 0.260945 -0.5015963504 1.039435815
17 77 1.02373 1.30200 0.660390 8.98515 8.98515 1.29706 0.236720 -0.6802377639 1.104363059
18 77 1.04979 1.28638 0.685545 8.94901 8.94901 1.42854 0.239555 -0.8723534152 1.131243027
19 77 1.07082 1.25942 0.709783 8.92642 8.92642 1.57770 0.289658 -1.088127855 1.142405426
20 77 1.08205 1.21582 0.733080 8.89977 8.89977 1.75679 0.383521 -1.318886495 1.160524832
23 77 1.09927 1.12722 0.788850 8.85806 8.85806 2.25792 0.686548 -1.900979086 1.218389522
24 77 1.11369 1.12975 0.806105 8.84975 8.84975 2.36905 0.648432 -2.050131364 1.187146474
25 77 1.15423 1.16155 0.840391 8.84725 8.84725 2.46601 0.560450 -2.195068990 1.123768335
26 77 1.00230 1.00131 0.733063 8.85589 8.85589 2.55576 0.469894 -2.339557826 1.028765060
27 77 1.08419 1.07154 0.796936 8.83167 8.83167 2.65341 0.383891 -2.495159085 0.9026356284
29 77 1.10072 1.04181 0.824155 8.82334 8.82334 2.92957 0.287080 -2.863353984 0.6193043513
30 77 1.09971 1.01177 0.833220 8.82061 8.82061 3.09797 0.323838 -3.060477135 0.4805063874
31 77 1.09147 0.973281 0.837376 8.81853 8.81853 3.28159 0.420642 -3.263566090 0.3434538881
32 77 1.08828 0.936862 0.845957 8.81700 8.81700 3.48561 0.558386 -3.478737742 0.2187045935
34 77 1.07530 0.862714 0.855972 8.81618 8.81618 3.90204 0.901092 -3.901288433 0.07652606116
36 77 1.06850 0.825565 0.861055 8.82341 8.82341 4.15028 1.24630 -4.149871748 0.05764402685
37 77 1.06728 0.818584 0.862265 8.84594 8.84594 4.20556 1.40360 -4.205387186 0.03807681895
38 77 1.06671 0.815253 0.862859 9.13583 9.13583 4.23270 1.55004 -4.232676271 0.01314871078
39 77 1.06671 0.815253 0.862859 9.13583 9.13583 4.23270 1.55004 -4.232676271 -0.01314871078
40 77 1.06728 0.818584 0.862265 8.84594 8.84594 4.20556 1.40360 -4.205387186 -0.03807681895
41 77 1.06850 0.825565 0.861055 8.82341 8.82341 4.15028 1.24630 -4.149871748 -0.05764402685
43 77 1.07530 0.862714 0.855972 8.81618 8.81618 3.90204 0.901092 -3.901288433 -0.07652606116
45 77 1.08828 0.936862 0.845957 8.81700 8.81700 3.48561 0.558386 -3.478737742 -0.2187045935
46 77 1.09147 0.973281 0.837376 8.81853 8.81853 3.28159 0.420642 -3.263566090 -0.3434538881
47 77 1.09971 1.01177 0.833220 8.82061 8.82061 3.09797 0.323838 -3.060477135 -0.4805063874
48 77 1.10072 1.04181 0.824155 8.82334 8.82334 2.92957 0.287080 -2.863353984 -0.6193043513
50 77 1.08419 1.07154 0.796936 8.83167 8.83167 2.65341 0.383891 -2.495159085 -0.9026356284
51 77 1.00230 1.00131 0.733063 8.85589 8.85589 2.55576 0.469894 -2.339557826 -1.028765060
52 77 1.15423 1.16155 0.840391 8.84725 8.84725 2.46601 0.560450 -2.195068990 -1.123768335
53 77 1.11369 1.12975 0.806105 8.84975 8.84975 2.36905 0.648432 -2.050131364 -1.187146474
54 77 1.09927 1.12722 0.788850 8.85806 8.85806 2.25792 0.686548 -1.900979086 -1.218389522
57 77 1.08205 1.21582 0.733080 8.89977 8.89977 1.75679 0.383521 -1.318886495 -1.160524832
58 77 1.07082 1.25942 0.709783 8.92642 8.92642 1.57770 0.289658 -1.088127855 -1.142405426
59 77 1.04979 1.28638 0.685545 8.94901 8.94901 1.42854 0.239555 -0.8723534152 -1.131243027
60 77 1.02373 1.30200 0.660390 8.98515 8.98515 1.29706 0.236720 -0.6802377639 -1.104363059
61 77 1.00292 1.33429 0.633816 9.03353 9.03353 1.15414 0.260945 -0.5015963504 -1.039435815
17 78 1.01796 1.30554 0.654481 6.40123 6.40123 1.26820 0.240276 -0.6412577401 1.094127469
19 78 1.06651 1.26772 0.703943 6.35431 6.35431 1.53863 0.272707 -1.033353424 1.139981295
23 78 1.09652 1.12935 0.784164 6.30621 6.30621 2.22037 0.661457 -1.854892100 1.220406247
25 78 1.13367 1.14358 0.824032 6.29582 6.29582 2.43608 0.589183 -2.148933085 1.147417029
29 78 1.10025 1.05159 0.820386 6.28028 6.28028 2.87083 0.290782 -2.791141168 0.6716866465
31 78 1.10012 0.993712 0.839761 6.27655 6.27655 3.20634 0.376255 -3.181611510 0.3974397787
35 78 1.07257 0.847893 0.857842 6.27477 6.27477 3.99453 1.00020 -3.993958295 0.06727282446
37 78 1.06777 0.821399 0.861771 6.28483 6.28483 4.18300 1.33012 -4.182713173 0.04847087965
41 78 1.06777 0.821399 0.861771 6.28483 6.28483 4.18300 1.33012 -4.182713173 -0.04847087965
43 78 1.07257 0.847893 0.857842 6.27477 6.27477 3.99453 1.00020 -3.993958295 -0.06727282446
47 78 1.10012 0.993712 0.839761 6.27655 6.27655 3.20634 0.376255 -3.181611510 -0.3974397787
49 78 1.10025 1.05159 0.820386 6.28028 6.28028 2.87083 0.290782 -2.791141168 -0.6716866465
53 78 1.13367 1.14358 0.824032 6.29582 6.29582 2.43608 0.589183 -2.148933085 -1.147417029
55 78 1.09652 1.12935 0.784164 6.30621 6.30621 2.22037 0.661457 -1.854892100 -1.220406247
59 78 1.06651 1.26772 0.703943 6.35431 6.35431 1.53863 0.272707 -1.033353424 -1.139981295
61 78 1.01796 1.30554 0.654481 6.40123 6.40123 1.26820 0.240276 -0.6412577401 -1.094127469
16 79 1.01525 1.38461 0.634299 9.17676 9.17676 1.08883 0.278212 -0.4258564050 1.002094850
17 79 1.01287 1.31040 0.648711 9.12038 9.12038 1.23902 0.244595 -0.6036886368 1.082000252
18 79 1.03800 1.29392 0.674152 9.07989 9.07989 1.36761 0.233323 -0.7818527423 1.122074826
19 79 1.06175 1.27463 0.698217 9.04942 9.04942 1.50246 0.259105 -0.9813055510 1.137721644
20 79 1.07755 1.23912 0.721482 9.02963 9.02963 1.66315 0.332224 -1.202009878 1.149441281
21 79 1.08486 1.19464 0.743243 9.00574 9.00574 1.84496 0.433958 -1.424127417 1.172909835
22 79 1.08898 1.15660 0.762426 8.99052 8.99052 2.02363 0.539451 -1.629600164 1.199767171
23 79 1.09438 1.13301 0.779583 8.97840 8.97840 2.18073 0.635875 -1.808026096 1.219266018
24 79 1.10387 1.12654 0.795197 8.96875 8.96875 2.30390 0.698604 -1.960307066 1.210421722
25 79 1.12245 1.13506 0.814397 8.96169 8.96169 2.40593 0.616758 -2.103709111 1.167424315
26 79 1.21804 1.22278 0.888300 8.97707 8.97707 2.49704 0.529504 -2.244150138 1.094982722
27 79 1.05327 1.04936 0.771419 8.95301 8.95301 2.58465 0.441740 -2.386775772 0.9918239282
28 79 1.08993 1.07232 0.802722 8.94395 8.94395 2.68663 0.361274 -2.544550307 0.8621107679
29 79 1.09906 1.05988 0.816384 8.93970 8.93970 2.81631 0.302364 -2.721867027 0.7232097868
30 79 1.10072 1.03498 0.826449 8.93647 8.93647 2.96882 0.289627 -2.910468506 0.5857065872
31 79 1.09934 1.00495 0.835137 8.93392 8.93392 3.13598 0.340265 -3.103411179 0.4507835636
32 79 1.09210 0.967638 0.839920 8.93197 8.93197 3.31876 0.444166 -3.303463381 0.3182232750
33 79 1.08724 0.930305 0.846980 8.93058 8.93058 3.52075 0.583908 -3.515019387 0.2007435627
34 79 1.08052 0.892009 0.852167 8.92985 8.92985 3.73030 0.746918 -3.728500456 0.1158053543
35 79 1.07469 0.859360 0.856395 8.93003 8.93003 3.92255 0.921678 -3.921849975 0.07377542266
36 79 1.07057 0.837051 0.859294 8.93186 8.93186 4.06659 1.09437 -4.066068862 0.06453048363
37 79 1.06840 0.824994 0.861151 8.93791 8.93791 4.15469 1.25652 -4.154301483 0.05672807337
38 79 1.06725 0.818394 0.862299 8.96199 8.96199 4.20710 1.40938 -4.206929173 0.03719114304
39 79 1.06671 0.815232 0.862862 9.27126 9.27126 4.23287 1.55181 -4.232845931 0.01281849580
40 79 1.06671 0.815232 0.862862 9.27126 9.27126 4.23287 1.55181 -4.232845931 -0.01281849580
41 79 1.06725 0.818394 0.862299 8.96199 8.96199 4.20710 1.40938 -4.206929173 -0.03719114304
42 79 1.06840 0.824994 0.861151 8.93791 8.93791 4.15469 1.25652 -4.154301483 -0.05672807337
43 79 1.07057 0.837051 0.859294 8.93186 8.93186 4.06659 1.09437 -4.066068862 -0.06453048363
44 79 1.07469 0.859360 0.856395 8.93003 8.93003 3.92255 0.921678 -3.921849975 -0.07377542266
45 79 1.08052 0.892009 0.852167 8.92985 8.92985 3.73030 0.746918 -3.728500456 -0.1158053543
46 79 1.08724 0.930305 0.846980 8.93058 8.93058 3.52075 0.583908 -3.515019387 -0.2007435627
47 79 1.09210 0.967638 0.839920 8.93197 8.93197 3.31876 0.444166 -3.303463381 -0.3182232750
48 79 1.09934 1.00495 0.835137 8.93392 8.93392 3.13598 0.340265 -3.103411179 -0.4507835636
49 79 1.10072 1.03498 0.826449 8.93647 8.93647 2.96882 0.289627 -2.910468506 -0.5857065872
50 79 1.09906 1.05988 0.816384 8.93970 8.93970 2.81631 0.302364 -2.721867027 -0.7232097868
51 79 1.08993 1.07232 0.802722 8.94395 8.94395 2.68663 0.361274 -2.544550307 -0.8621107679
52 79 1.05327 1.04936 0.771419 8.95301 8.95301 2.58465 0.441740 -2.386775772 -0.9918239282
53 79 1.21804 1.22278 0.888300 8.97707 8.97707 2.49704 0.529504 -2.244150138 -1.094982722
54 79 1.12245 1.13506 0.814397 8.96169 8.96169 2.40593 0.616758 -2.103709111 -1.167424315
55 79 1.10387 1.12654 0.795197 8.96875 8.96875 2.30390 0.698604 -1.960307066 -1.210421722
56 79 1.09438 1.13301 0.779583 8.97840 8.97840 2.18073 0.635875 -1.808026096 -1.219266018
57 79 1.08898 1.15660 0.762426 8.99052 8.99052 2.02363 0.539451 -1.629600164 -1.199767171
58 79 1.08486 1.19464 0.743243 9.00574 9.00574 1.84496 0.433958 -1.424127417 -1.172909835
59 79 1.07755 1.23912 0.721482 9.02963 9.02963 1.66315 0.332224 -1.202009878 -1.149441281
60 79 1.06175 1.27463 0.698217 9.04942 9.04942 1.50246 0.259105 -0.9813055510 -1.137721644
61 79 1.03800 1.29392 0.674152 9.07989 9.07989 1.36761 0.233323 -0.7818527423 -1.122074826
62 79 1.01287 1.31040 0.648711 9.12038 9.12038 1.23902 0.244595 -0.6036886368 -1.082000252
63 79 1.01525 1.38461 0.634299 9.17676 9.17676 1.08883 0.278212 -0.4258564050 -1.002094850
17 80 1.00846 1.31688 0.643062 6.49702 6.49702 1.20927 0.249635 -0.5669989392 1.068101687
19 80 1.05665 1.28038 0.692597 6.44382 6.44382 1.46873 0.248674 -0.9319036674 1.135219427
21 80 1.08344 1.20606 0.737765 6.41152 6.41152 1.79679 0.406219 -1.367073331 1.165991998
23 80 1.09306 1.13852 0.775262 6.39103 6.39103 2.13900 0.609672 -1.759985582 1.215631718
27 80 0.998400 0.997516 0.730171 6.38413 6.38413 2.55464 0.471016 -2.337718567 1.030157233
29 80 1.09697 1.06638 0.812054 6.36219 6.36219 2.76621 0.319856 -2.655804071 0.7737023172
31 80 1.10000 1.01689 0.831802 6.35775 6.35775 3.06971 0.313295 -3.028219138 0.5029630056
33 80 1.08970 0.946244 0.844404 6.35507 6.35507 3.43549 0.522818 -3.426654141 0.2461423022
37 80 1.06922 0.829598 0.860399 6.35732 6.35732 4.11976 1.18286 -4.119291264 0.06189279288
39 80 1.06690 0.816369 0.862659 6.41270 6.41270 4.22356 1.48390 -4.223478025 0.02502255221
41 80 1.06690 0.816369 0.862659 6.41270 6.41270 4.22356 1.48390 -4.223478025 -0.02502255221
43 80 1.06922 0.829598 0.860399 6.35732 6.35732 4.11976 1.18286 -4.119291264 -0.06189279288
47 80 1.08970 0.946244 0.844404 6.35507 6.35507 3.43549 0.522818 -3.426654141 -0.2461423022
49 80 1.10000 1.01689 0.831802 6.35775 6.35775 3.06971 0.313295 -3.028219138 -0.5029630056
51 80 1.09697 1.06638 0.812054 6.36219 6.36219 2.76621 0.319856 -2.655804071 -0.7737023172
53 80 0.998400 0.997516 0.730171 6.38413 6.38413 2.55464 0.471016 -2.337718567 -1.030157233
57 80 1.09306 1.13852 0.775262 6.39103 6.39103 2.13900 0.609672 -1.759985582 -1.215631718
59 80 1.08344 1.20606 0.737765 6.41152 6.41152 1.79679 0.406219 -1.367073331 -1.165991998
61 80 1.05665 1.28038 0.692597 6.44382 6.44382 1.46873 0.248674 -0.9319036674 -1.135219427
63 80 1.00846 1.31688 0.643062 6.49702 6.49702 1.20927 0.249635 -0.5669989392 -1.068101687
17 81 1.00488 1.32539 0.637699 9.25615 9.25615 1.17899 0.255499 -0.5307924710 1.052744642
19 81 1.05131 1.28519 0.687067 9.17656 9.17656 1.43704 0.241161 -0.8849759180 1.132198600
20 81 1.07102 1.25897 0.710078 9.15561 9.15561 1.57973 0.290595 -1.090937051 1.142539883
22 81 1.08692 1.17606 0.752341 9.11153 9.11153 1.92793 0.482513 -1.520543118 1.185259174
23 81 1.09028 1.14351 0.769617 9.09797 9.09797 2.09545 0.582876 -1.710615029 1.210240843
25 81 1.10941 1.12786 0.801635 9.07846 9.07846 2.34457 0.668171 -2.015634861 1.197579266
26 81 1.13538 1.14498 0.825440 9.07318 9.07318 2.43955 0.585925 -2.154207116 1.144880238
28 81 1.07183 1.06454 0.786147 9.06120 9.06120 2.61353 0.415645 -2.433221535 0.9539159365
29 81 1.09373 1.07072 0.807240 9.05508 9.05508 2.72065 0.341462 -2.593208233 0.8229114625
31 81 1.10054 1.02821 0.828546 9.04822 9.04822 3.00691 0.295794 -2.955443166 0.5539405792
32 81 1.09922 0.998583 0.837159 9.04584 9.04584 3.17280 0.358300 -3.144533954 0.4225696620
34 81 1.08622 0.924063 0.847919 9.04275 9.04275 3.55438 0.608781 -3.549579272 0.1845417689
35 81 1.07971 0.887167 0.852853 9.04214 9.04214 3.75813 0.770252 -3.756591010 0.1075005655
37 81 1.07032 0.835664 0.859491 9.04450 9.04450 4.07621 1.10883 -4.075699345 0.06424318662
38 81 1.06831 0.824472 0.861240 9.05103 9.05103 4.15876 1.26620 -4.158382656 0.05580319728
40 81 1.06670 0.815213 0.862866 9.40612 9.40612 4.23303 1.55349 -4.233003169 0.01250439653
41 81 1.06670 0.815213 0.862866 9.40612 9.40612 4.23303 1.55349 -4.233003169 -0.01250439653
43 81 1.06831 0.824472 0.861240 9.05103 9.05103 4.15876 1.26620 -4.158382656 -0.05580319728
44 81 1.07032 0.835664 0.859491 9.04450 9.04450 4.07621 1.10883 -4.075699345 -0.06424318662
46 81 1.07971 0.887167 0.852853 9.04214 9.04214 3.75813 0.770252 -3.756591010 -0.1075005655
47 81 1.08622 0.924063 0.847919 9.04275 9.04275 3.55438 0.608781 -3.549579272 -0.1845417689
49 81 1.09922 0.998583 0.837159 9.04584 9.04584 3.17280 0.358300 -3.144533954 -0.4225696620
50 81 1.10054 1.02821 0.828546 9.04822 9.04822 3.00691 0.295794 -2.955443166 -0.5539405792
52 81 1.09373 1.07072 0.807240 9.05508 9.05508 2.72065 0.341462 -2.593208233 -0.8229114625
53 81 1.07183 1.06454 0.786147 9.06120 9.06120 2.61353 0.415645 -2.433221535 -0.9539159365
55 81 1.13538 1.14498 0.825440 9.07318 9.07318 2.43955 0.585925 -2.154207116 -1.144880238
56 81 1.10941 1.12786 0.801635 9.07846 9.07846 2.34457 0.668171 -2.015634861 -1.197579266
58 81 1.09028 1.14351 0.769617 9.09797 9.09797 2.09545 0.582876 -1.710615029 -1.210240843
59 81 1.08692 1.17606 0.752341 9.11153 9.11153 1.92793 0.482513 -1.520543118 -1.185259174
61 81 1.07102 1.25897 0.710078 9.15561 9.15561 1.57973 0.290595 -1.090937051 -1.142539883
62 81 1.05131 1.28519 0.687067 9.17656 9.17656 1.43704 0.241161 -0.8849759180 -1.132198600
64 81 1.00488 1.32539 0.637699 9.25615 9.25615 1.17899 0.255499 -0.5307924710 -1.052744642
17 82 1.00266 1.33669 0.633027 6.59332 6.59332 1.14839 0.262293 -0.4948817658 1.036276441
19 82 1.04581 1.28925 0.681616 6.53383 6.53383 1.40701 0.236284 -0.8403320016 1.128496220
21 82 1.07981 1.22883 0.726723 6.49883 6.49883 1.70445 0.354452 -1.254391651 1.153961653
23 82 1.08955 1.15159 0.765205 6.47532 6.47532 2.05055 0.555644 -1.659991908 1.203809009
25 82 1.10499 1.12667 0.796585 6.46064 6.46064 2.31319 0.691927 -1.972710208 1.207980270
27 82 1.22280 1.22746 0.891820 6.46839 6.46839 2.49811 0.528424 -2.245858120 1.093913983
29 82 1.08892 1.07239 0.801645 6.44352 6.44352 2.67964 0.365759 -2.534312255 0.8704572681
31 82 1.10075 1.03874 0.825214 6.43818 6.43818 2.94737 0.287745 -2.884825062 0.6039454303
33 82 1.09132 0.973536 0.837125 6.43493 6.43493 3.27923 0.419180 -3.261020654 0.3450899307
35 82 1.08266 0.902664 0.851021 6.43323 6.43323 3.67196 0.699466 -3.669454876 0.1355482544
37 82 1.07178 0.843598 0.858403 6.43391 6.43391 4.02250 1.03432 -4.021957970 0.06591129603
39 82 1.06766 0.820760 0.861883 6.44553 6.44553 4.18809 1.34522 -4.187830432 0.04647937135
43 82 1.06766 0.820760 0.861883 6.44553 6.44553 4.18809 1.34522 -4.187830432 -0.04647937135
45 82 1.07178 0.843598 0.858403 6.43391 6.43391 4.02250 1.03432 -4.021957970 -0.06591129603
47 82 1.08266 0.902664 0.851021 6.43323 6.43323 3.67196 0.699466 -3.669454876 -0.1355482544
49 82 1.09132 0.973536 0.837125 6.43493 6.43493 3.27923 0.419180 -3.261020654 -0.3450899307
51 82 1.10075 1.03874 0.825214 6.43818 6.43818 2.94737 0.287745 -2.884825062 -0.6039454303
53 82 1.08892 1.07239 0.801645 6.44352 6.44352 2.67964 0.365759 -2.534312255 -0.8704572681
55 82 1.22280 1.22746 0.891820 6.46839 6.46839 2.49811 0.528424 -2.245858120 -1.093913983
57 82 1.10499 1.12667 0.796585 6.46064 6.46064 2.31319 0.691927 -1.972710208 -1.207980270
59 82 1.08955 1.15159 0.765205 6.47532 6.47532 2.05055 0.555644 -1.659991908 -1.203809009
61 82 1.07981 1.22883 0.726723 6.49883 6.49883 1.70445 0.354452 -1.254391651 -1.153961653
63 82 1.04581 1.28925 0.681616 6.53383 6.53383 1.40701 0.236284 -0.8403320016 -1.128496220
65 82 1.00266 1.33669 0.633027 6.59332 6.59332 1.14839 0.262293 -0.4948817658 -1.036276441
17 83 1.00359 1.35328 0.630236 9.39303 9.39303 1.11764 0.270054 -0.4591899372 1.018950466
18 83 1.01591 1.30727 0.652227 9.34223 9.34223 1.25691 0.241872 -0.6265102622 1.089634755
19 83 1.04019 1.29271 0.676230 9.30392 9.30392 1.37840 0.233747 -0.7978238878 1.124031998
20 83 1.06249 1.27368 0.699069 9.27476 9.27476 1.50772 0.260938 -0.9889405738 1.138067638
21 83 1.07742 1.23965 0.721207 9.25623 9.25623 1.66103 0.331106 -1.199282128 1.149228311
22 83 1.08456 1.19722 0.742002 9.23198 9.23198 1.83392 0.427568 -1.411134375 1.171300697
23 83 1.08858 1.16022 0.760477 9.21684 9.21684 2.00490 0.528236 -1.608404182 1.196926107
24 83 1.09350 1.13569 0.777162 9.20466 9.20466 2.15838 0.621761 -1.782165334 1.217560413
25 83 1.10139 1.12660 0.791938 9.19484 9.19484 2.28100 0.702474 -1.930332436 1.215222800
26 83 1.11623 1.13111 0.808606 9.18725 9.18725 2.38134 0.638135 -2.067771319 1.181124634
27 83 1.15901 1.16596 0.844072 9.18609 9.18609 2.47043 0.556101 -2.201991811 1.119934735
28 83 0.994519 0.993731 0.727297 9.19811 9.19811 2.55360 0.472058 -2.336013702 1.031444117
29 83 1.08173 1.07056 0.794665 9.16996 9.16996 2.64298 0.391700 -2.479239262 0.9158063365
30 83 1.09633 1.06760 0.810982 9.16499 9.16499 2.75517 0.324588 -2.640878852 0.7853107467
31 83 1.10049 1.04828 0.821746 9.16145 9.16145 2.89120 0.288466 -2.816444327 0.6531918544
32 83 1.10026 1.02157 0.830483 9.15864 9.15864 3.04380 0.305031 -2.998385802 0.5238075639
33 83 1.10029 0.993491 0.840016 9.15644 9.15644 3.20855 0.377480 -3.184036041 0.3958091584
34 83 1.09087 0.954774 0.842857 9.15472 9.15472 3.38980 0.491287 -3.378787324 0.2730076768
35 83 1.08523 0.918137 0.848784 9.15357 9.15357 3.58651 0.632971 -3.582473446 0.1699635511
36 83 1.07891 0.882629 0.853452 9.15307 9.15307 3.78427 0.792640 -3.782931907 0.1003723375
37 83 1.07360 0.853520 0.857118 9.15353 9.15353 3.95874 0.959767 -3.958119133 0.06991403266
38 83 1.07009 0.834415 0.859671 9.15580 9.15580 4.08497 1.12250 -4.084463796 0.06394502448
39 83 1.06823 0.823991 0.861322 9.16280 9.16280 4.16252 1.27539 -4.162154110 0.05487612494
40 83 1.06719 0.818055 0.862359 9.19013 9.19013 4.20984 1.42007 -4.209683446 0.03553099301
41 83 1.06670 0.815195 0.862869 9.54048 9.54048 4.23317 1.55508 -4.233149171 0.01220526588
42 83 1.06670 0.815195 0.862869 9.54048 9.54048 4.23317 1.55508 -4.233149171 -0.01220526588
43 83 1.06719 0.818055 0.862359 9.19013 9.19013 4.20984 1.42007 -4.209683446 -0.03553099301
44 83 1.06823 0.823991 0.861322 9.16280 9.16280 4.16252 1.27539 -4.162154110 -0.05487612494
45 83 1.07009 0.834415 0.859671 9.15580 9.15580 4.08497 1.12250 -4.084463796 -0.06394502448
46 83 1.07360 0.853520 0.857118 9.15353 9.15353 3.95874 0.959767 -3.958119133 -0.06991403266
47 83 1.07891 0.882629 0.853452 9.15307 9.15307 3.78427 0.792640 -3.782931907 -0.1003723375
48 83 1.08523 0.918137 0.848784 9.15357 9.15357 3.58651 0.632971 -3.582473446 -0.1699635511
49 83 1.09087 0.954774 0.842857 9.15472 9.15472 3.38980 0.491287 -3.378787324 -0.2730076768
50 83 1.10029 0.993491 0.840016 9.15644 9.15644 3.20855 0.377480 -3.184036041 -0.3958091584
51 83 1.10026 1.02157 0.830483 9.15864 9.15864 3.04380 0.305031 -2.998385802 -0.5238075639
52 83 1.10049 1.04828 0.821746 9.16145 9.16145 2.89120 0.288466 -2.816444327 -0.6531918544
53 83 1.09633 1.06760 0.810982 9.16499 9.16499 2.75517 0.324588 -2.640878852 -0.7853107467
54 83 1.08173 1.07056 0.794665 9.16996 9.16996 2.64298 0.391700 -2.479239262 -0.9158063365
55 83 0.994519 0.993731 0.727297 9.19811 9.19811 2.55360 0.472058 -2.336013702 -1.031444117
56 83 1.15901 1.16596 0.844072 9.18609 9.18609 2.47043 0.556101 -2.201991811 -1.119934735
57 83 1.11623 1.13111 0.808606 9.18725 9.18725 2.38134 0.638135 -2.067771319 -1.181124634
58 83 1.10139 1.12660 0.791938 9.19484 9.19484 2.28100 0.702474 -1.930332436 -1.215222800
59 83 1.09350 1.13569 0.777162 9.20466 9.20466 2.15838 0.621761 -1.782165334 -1.217560413
60 83 1.08858 1.16022 0.760477 9.21684 9.21684 2.00490 0.528236 -1.608404182 -1.196926107
61 83 1.08456 1.19722 0.742002 9.23198 9.23198 1.83392 0.427568 -1.411134375 -1.171300697
62 83 1.07742 1.23965 0.721207 9.25623 9.25623 1.66103 0.331106 -1.199282128 -1.149228311
63 83 1.06249 1.27368 0.699069 9.27476 9.27476 1.50772 0.260938 -0.9889405738 -1.138067638
64 83 1.04019 1.29271 0.676230 9.30392 9.30392 1.37840 0.233747 -0.7978238878 -1.124031998
65 83 1.01591 1.30727 0.652227 9.34223 9.34223 1.25691 0.241872 -0.6265102622 -1.089634755
66 83 1.00359 1.35328 0.630236 9.39303 9.39303 1.11764 0.270054 -0.4591899372 -1.018950466
17 84 1.01716 1.38829 0.635271 6.69194 6.69194 1.08692 0.278787 -0.4236364857 1.000953791
19 84 1.03454 1.29570 0.670899 6.62393 6.62393 1.35099 0.233218 -0.7573796073 1.118723306
23 84 1.08760 1.16946 0.755654 6.55915 6.55915 1.95906 0.500938 -1.556246201 1.189963239
25 84 1.09844 1.12767 0.787524 6.54270 6.54270 2.24760 0.679558 -1.888121596 1.219303686
29 84 1.07029 1.06342 0.784883 6.52507 6.52507 2.61018 0.418548 -2.427887769 0.9583148414
31 84 1.09966 1.05661 0.818095 6.51789 6.51789 2.83865 0.296674 -2.750541259 0.7017171089
37 84 1.07577 0.865259 0.855653 6.51115 6.51115 3.88664 0.886026 -3.885832249 0.07886574709
41 84 1.06688 0.816226 0.862684 6.57769 6.57769 4.22472 1.49058 -4.224651023 0.02386644122
43 84 1.06688 0.816226 0.862684 6.57769 6.57769 4.22472 1.49058 -4.224651023 -0.02386644122
47 84 1.07577 0.865259 0.855653 6.51115 6.51115 3.88664 0.886026 -3.885832249 -0.07886574709
53 84 1.09966 1.05661 0.818095 6.51789 6.51789 2.83865 0.296674 -2.750541259 -0.7017171089
55 84 1.07029 1.06342 0.784883 6.52507 6.52507 2.61018 0.418548 -2.427887769 -0.9583148414
59 84 1.09844 1.12767 0.787524 6.54270 6.54270 2.24760 0.679558 -1.888121596 -1.219303686
61 84 1.08760 1.16946 0.755654 6.55915 6.55915 1.95906 0.500938 -1.556246201 -1.189963239
65 84 1.03454 1.29570 0.670899 6.62393 6.62393 1.35099 0.233218 -0.7573796073 -1.118723306
67 84 1.01716 1.38829 0.635271 6.69194 6.69194 1.08692 0.278787 -0.4236364857 -1.000953791
18 85 1.00737 1.31902 0.641533 9.47397 9.47397 1.20091 0.251175 -0.5569047196 1.063966302
19 85 1.02878 1.29822 0.665516 9.43142 9.43142 1.32451 0.234295 -0.7189365784 1.112404571
21 85 1.07120 1.25856 0.710346 9.37928 9.37928 1.58158 0.291450 -1.093484325 1.142663038
22 85 1.08153 1.21909 0.731498 9.35222 9.35222 1.74354 0.376090 -1.302739546 1.158791573
23 85 1.08658 1.17919 0.750780 9.33508 9.33508 1.91346 0.473987 -1.503871379 1.183083671
24 85 1.09004 1.14720 0.767685 9.32154 9.32154 2.07500 0.570435 -1.687555060 1.207382215
26 85 1.10609 1.12688 0.797896 9.30168 9.30168 2.32170 0.685663 -1.984201671 1.205487738
27 85 1.12525 1.13704 0.816880 9.29532 9.29532 2.41489 0.608713 -2.117021579 1.161857635
28 85 1.22757 1.23215 0.895346 9.31538 9.31538 2.49910 0.527421 -2.247445725 1.092916561
29 85 1.04899 1.04554 0.768123 9.28792 9.28792 2.58039 0.445783 -2.379841794 0.9973753529
31 85 1.09811 1.06348 0.814198 9.27369 9.27369 2.78989 0.310775 -2.687352969 0.7494128409
32 85 1.10072 1.04214 0.824040 9.27041 9.27041 2.92767 0.287058 -2.861055923 0.6209534539
33 85 1.09990 1.01511 0.832296 9.26778 9.26778 3.07952 0.316780 -3.039445141 0.4951377410
36 85 1.08429 0.912525 0.849588 9.26307 9.26307 3.61717 0.656455 -3.613760969 0.1568801086
37 85 1.07815 0.878405 0.853995 9.26269 9.26269 3.80878 0.814106 -3.807608245 0.09428548097
38 85 1.07314 0.850998 0.857442 9.26329 9.26329 3.97468 0.977388 -3.974084329 0.06860062302
39 85 1.06989 0.833287 0.859837 9.26578 9.26578 4.09296 1.13546 -4.092461852 0.06362230078
41 85 1.06717 0.817904 0.862386 9.30233 9.30233 4.21106 1.42502 -4.210916216 0.03475239212
42 85 1.06670 0.815179 0.862872 9.67440 9.67440 4.23331 1.55660 -4.233284980 0.01192006267
43 85 1.06670 0.815179 0.862872 9.67440 9.67440 4.23331 1.55660 -4.233284980 -0.01192006267
44 85 1.06717 0.817904 0.862386 9.30233 9.30233 4.21106 1.42502 -4.210916216 -0.03475239212
46 85 1.06989 0.833287 0.859837 9.26578 9.26578 4.09296 1.13546 -4.092461852 -0.06362230078
47 85 1.07314 0.850998 0.857442 9.26329 9.26329 3.97468 0.977388 -3.974084329 -0.06860062302
48 85 1.07815 0.878405 0.853995 9.26269 9.26269 3.80878 0.814106 -3.807608245 -0.09428548097
49 85 1.08429 0.912525 0.849588 9.26307 9.26307 3.61717 0.656455 -3.613760969 -0.1568801086
52 85 1.09990 1.01511 0.832296 9.26778 9.26778 3.07952 0.316780 -3.039445141 -0.4951377410
53 85 1.10072 1.04214 0.824040 9.27041 9.27041 2.92767 0.287058 -2.861055923 -0.6209534539
54 85 1.09811 1.06348 0.814198 9.27369 9.27369 2.78989 0.310775 -2.687352969 -0.7494128409
56 85 1.04899 1.04554 0.768123 9.28792 9.28792 2.58039 0.445783 -2.379841794 -0.9973753529
57 85 1.22757 1.23215 0.895346 9.31538 9.31538 2.49910 0.527421 -2.247445725 -1.092916561
58 85 1.12525 1.13704 0.816880 9.29532 9.29532 2.41489 0.608713 -2.117021579 -1.161857635
59 85 1.10609 1.12688 0.797896 9.30168 9.30168 2.32170 0.685663 -1.984201671 -1.205487738
61 85 1.09004 1.14720 0.767685 9.32154 9.32154 2.07500 0.570435 -1.687555060 -1.207382215
62 85 1.08658 1.17919 0.750780 9.33508 9.33508 1.91346 0.473987 -1.503871379 -1.183083671
63 85 1.08153 1.21909 0.731498 9.35222 9.35222 1.74354 0.376090 -1.302739546 -1.158791573
64 85 1.07120 1.25856 0.710346 9.37928 9.37928 1.58158 0.291450 -1.093484325 -1.142663038
66 85 1.02878 1.29822 0.665516 9.43142 9.43142 1.32451 0.234295 -0.7189365784 -1.112404571
67 85 1.00737 1.31902 0.641533 9.47397 9.47397 1.20091 0.251175 -0.5569047196 -1.063966302
19 86 1.02406 1.30187 0.660717 6.71415 6.71415 1.29857 0.236558 -0.6823386072 1.104850425
21 86 1.06737 1.26625 0.705046 6.67156 6.67156 1.54584 0.275674 -1.043576668 1.140415714
23 86 1.08548 1.18926 0.745846 6.64257 6.64257 1.86834 0.447552 -1.451507075 1.176351954
25 86 1.09416 1.13356 0.779041 6.62427 6.62427 2.17583 0.632764 -1.802328507 1.218947283
27 86 1.11746 1.13183 0.809785 6.61248 6.61248 2.38678 0.633492 -2.075650745 1.178285585
29 86 0.990659 0.989958 0.724440 6.62193 6.62193 2.55263 0.473028 -2.334428995 1.032637195
31 86 1.09567 1.06863 0.809954 6.59695 6.59695 2.74507 0.329199 -2.627090395 0.7961039371
33 86 1.10045 1.02587 0.829240 6.59242 6.59242 3.01996 0.298706 -2.970697282 0.5432177577
35 86 1.09175 0.962434 0.841262 6.58955 6.58955 3.34815 0.463350 -3.334766206 0.2990223403
37 86 1.08058 0.892423 0.852102 6.58817 6.58817 3.72791 0.744929 -3.726077917 0.1165550008
39 86 1.07113 0.840102 0.858873 6.58928 6.58928 4.04580 1.06493 -4.045271713 0.06511926802
41 86 1.06757 0.820210 0.861979 6.60255 6.60255 4.19249 1.35883 -4.192244158 0.04461396596
45 86 1.06757 0.820210 0.861979 6.60255 6.60255 4.19249 1.35883 -4.192244158 -0.04461396596
47 86 1.07113 0.840102 0.858873 6.58928 6.58928 4.04580 1.06493 -4.045271713 -0.06511926802
49 86 1.08058 0.892423 0.852102 6.58817 6.58817 3.72791 0.744929 -3.726077917 -0.1165550008
51 86 1.09175 0.962434 0.841262 6.58955 6.58955 3.34815 0.463350 -3.334766206 -0.2990223403
53 86 1.10045 1.02587 0.829240 6.59242 6.59242 3.01996 0.298706 -2.970697282 -0.5432177577
55 86 1.09567 1.06863 0.809954 6.59695 6.59695 2.74507 0.329199 -2.627090395 -0.7961039371
57 86 0.990659 0.989958 0.724440 6.62193 6.62193 2.55263 0.473028 -2.334428995 -1.032637195
59 86 1.11746 1.13183 0.809785 6.61248 6.61248 2.38678 0.633492 -2.075650745 -1.178285585
61 86 1.09416 1.13356 0.779041 6.62427 6.62427 2.17583 0.632764 -1.802328507 -1.218947283
63 86 1.08548 1.18926 0.745846 6.64257 6.64257 1.86834 0.447552 -1.451507075 -1.176351954
65 86 1.06737 1.26625 0.705046 6.67156 6.67156 1.54584 0.275674 -1.043576668 -1.140415714
67 86 1.02406 1.30187 0.660717 6.71415 6.71415 1.29857 0.236558 -0.6823386072 -1.104850425
19 87 1.01882 1.30490 0.655400 9.55913 9.55913 1.27277 0.239660 -0.6473045827 1.095869186
20 87 1.04216 1.29156 0.678106 9.52274 9.52274 1.38826 0.234388 -0.8124645844 1.125684997
22 87 1.07731 1.24012 0.720958 9.47750 9.47750 1.65911 0.330095 -1.196805217 1.149036913
23 87 1.08427 1.19958 0.740867 9.45283 9.45283 1.82389 0.421776 -1.399283269 1.169848846
25 87 1.09306 1.13882 0.775118 9.42555 9.42555 2.13729 0.608611 -1.758036538 1.215444863
26 87 1.09939 1.12717 0.789033 9.41559 9.41559 2.25933 0.687506 -1.902743704 1.218241869
28 87 1.13875 1.14782 0.828185 9.40319 9.40319 2.44572 0.580069 -2.163655743 1.140228277
31 87 1.09209 1.07172 0.805190 9.38512 9.38512 2.70424 0.350614 -2.569960575 0.8415395532
32 87 1.09930 1.05870 0.817028 9.38121 9.38121 2.82454 0.300115 -2.732485913 0.7152219875
34 87 1.09954 1.00886 0.834028 9.37567 9.37567 3.11413 0.330524 -3.078788963 0.4678025974
35 87 1.09115 0.973739 0.836884 9.37374 9.37374 3.27715 0.417890 -3.258769499 0.3465392998
37 87 1.08339 0.907227 0.850342 9.37131 9.37131 3.64640 0.679225 -3.643501544 0.1451708528
38 87 1.07745 0.874482 0.854494 9.37104 9.37104 3.83175 0.834681 -3.830704810 0.08911480150
40 87 1.06970 0.832267 0.859989 9.37450 9.37450 4.10027 1.14776 -4.099780942 0.06326673064
41 87 1.06808 0.823136 0.861469 9.38250 9.38250 4.16924 1.29242 -4.168895444 0.05303666607
43 87 1.06669 0.815164 0.862875 9.80794 9.80794 4.23343 1.55805 -4.233411526 0.01164783973
44 87 1.06669 0.815164 0.862875 9.80794 9.80794 4.23343 1.55805 -4.233411526 -0.01164783973
46 87 1.06808 0.823136 0.861469 9.38250 9.38250 4.16924 1.29242 -4.168895444 -0.05303666607
47 87 1.06970 0.832267 0.859989 9.37450 9.37450 4.10027 1.14776 -4.099780942 -0.06326673064
49 87 1.07745 0.874482 0.854494 9.37104 9.37104 3.83175 0.834681 -3.830704810 -0.08911480150
50 87 1.08339 0.907227 0.850342 9.37131 9.37131 3.64640 0.679225 -3.643501544 -0.1451708528
52 87 1.09115 0.973739 0.836884 9.37374 9.37374 3.27715 0.417890 -3.258769499 -0.3465392998
53 87 1.09954 1.00886 0.834028 9.37567 9.37567 3.11413 0.330524 -3.078788963 -0.4678025974
55 87 1.09930 1.05870 0.817028 9.38121 9.38121 2.82454 0.300115 -2.732485913 -0.7152219875
56 87 1.09209 1.07172 0.805190 9.38512 9.38512 2.70424 0.350614 -2.569960575 -0.8415395532
59 87 1.13875 1.14782 0.828185 9.40319 9.40319 2.44572 0.580069 -2.163655743 -1.140228277
61 87 1.09939 1.12717 0.789033 9.41559 9.41559 2.25933 0.687506 -1.902743704 -1.218241869
62 87 1.09306 1.13882 0.775118 9.42555 9.42555 2.13729 0.608611 -1.758036538 -1.215444863
64 87 1.08427 1.19958 0.740867 9.45283 9.45283 1.82389 0.421776 -1.399283269 -1.169848846
65 87 1.07731 1.24012 0.720958 9.47750 9.47750 1.65911 0.330095 -1.196805217 -1.149036913
67 87 1.04216 1.29156 0.678106 9.52274 9.52274 1.38826 0.234388 -0.8124645844 -1.125684997
68 87 1.01882 1.30490 0.655400 9.55913 9.55913 1.27277 0.239660 -0.6473045827 -1.095869186
19 88 1.01415 1.30898 0.650221 6.80457 6.80457 1.24675 0.243391 -0.6134694218 1.085372465
21 88 1.05863 1.27832 0.694726 6.75648 6.75648 1.48132 0.252289 -0.9504213957 1.136221524
23 88 1.08290 1.21005 0.735850 6.72572 6.72572 1.78030 0.396822 -1.347313201 1.163701141
25 88 1.09027 1.14317 0.769763 6.70536 6.70536 2.09722 0.583957 -1.712615171 1.210480980
27 88 1.10717 1.12714 0.799139 6.69191 6.69191 2.32954 0.679775 -1.994882787 1.202976803
29 88 1.23236 1.23686 0.898878 6.70360 6.70360 2.50002 0.526486 -2.248925257 1.091983568
31 88 1.08692 1.07224 0.799588 6.67555 6.67555 2.66736 0.373988 -2.516128283 0.8853556665
35 88 1.10047 0.993316 0.840260 6.66673 6.66673 3.21050 0.378571 -3.186186386 0.3943643804
37 88 1.08586 0.921910 0.848236 6.66472 6.66472 3.56602 0.617500 -3.561515380 0.1791557405
39 88 1.07463 0.859042 0.856436 6.66448 6.66448 3.92451 0.923678 -3.923812477 0.07353436515
41 88 1.06872 0.826758 0.860856 6.66902 6.66902 4.14112 1.22600 -4.140687092 0.05927300009
43 88 1.06686 0.816102 0.862707 6.73960 6.73960 4.22573 1.49663 -4.225667313 0.02281082531
45 88 1.06686 0.816102 0.862707 6.73960 6.73960 4.22573 1.49663 -4.225667313 -0.02281082531
47 88 1.06872 0.826758 0.860856 6.66902 6.66902 4.14112 1.22600 -4.140687092 -0.05927300009
49 88 1.07463 0.859042 0.856436 6.66448 6.66448 3.92451 0.923678 -3.923812477 -0.07353436515
51 88 1.08586 0.921910 0.848236 6.66472 6.66472 3.56602 0.617500 -3.561515380 -0.1791557405
53 88 1.10047 0.993316 0.840260 6.66673 6.66673 3.21050 0.378571 -3.186186386 -0.3943643804
57 88 1.08692 1.07224 0.799588 6.67555 6.67555 2.66736 0.373988 -2.516128283 -0.8853556665
59 88 1.23236 1.23686 0.898878 6.70360 6.70360 2.50002 0.526486 -2.248925257 -1.091983568
61 88 1.10717 1.12714 0.799139 6.69191 6.69191 2.32954 0.679775 -1.994882787 -1.202976803
63 88 1.09027 1.14317 0.769763 6.70536 6.70536 2.09722 0.583957 -1.712615171 -1.210480980
65 88 1.08290 1.21005 0.735850 6.72572 6.72572 1.78030 0.396822 -1.347313201 -1.163701141
67 88 1.05863 1.27832 0.694726 6.75648 6.75648 1.48132 0.252289 -0.9504213957 -1.136221524
69 88 1.01415 1.30898 0.650221 6.80457 6.80457 1.24675 0.243391 -0.6134694218 -1.085372465
18 89 1.01910 1.39191 0.636293 9.74252 9.74252 1.08521 0.279301 -0.4216633386 0.9999379115
19 89 1.01000 1.31428 0.645122 9.68721 9.68721 1.22030 0.247689 -0.5804435075 1.073411266
20 89 1.03141 1.29717 0.667968 9.64698 9.64698 1.33633 0.233639 -0.7359952302 1.115387041
21 89 1.05388 1.28300 0.689689 9.61559 9.61559 1.45190 0.244392 -0.9070261606 1.133714520
22 89 1.07136 1.25818 0.710589 9.59784 9.59784 1.58327 0.292234 -1.095804639 1.142776281
23 89 1.08130 1.22051 0.730810 9.57045 9.57045 1.73783 0.372897 -1.295735364 1.158057229
24 89 1.08627 1.18210 0.749346 9.55343 9.55343 1.90024 0.466217 -1.488590470 1.181102358
25 89 1.08966 1.15060 0.765762 9.53991 9.53991 2.05599 0.558927 -1.666124863 1.204614465
26 89 1.09489 1.13187 0.780807 9.52883 9.52883 2.19161 0.642821 -1.820747303 1.219848290
27 89 1.10344 1.12651 0.794654 9.51979 9.51979 2.30019 0.701221 -1.955396754 1.211315595
28 89 1.11867 1.13257 0.810924 9.51283 9.51283 2.39182 0.629146 -2.082989177 1.175558450
29 89 1.16376 1.17039 0.847704 9.51307 9.51307 2.47425 0.552333 -2.207979627 1.116558772
30 89 0.986817 0.986197 0.721600 9.52881 9.52881 2.55173 0.473933 -2.332952156 1.033746344
31 89 1.07931 1.06934 0.792499 9.49626 9.49626 2.63418 0.398565 -2.465641873 0.9270749090
32 89 1.09500 1.06950 0.808964 9.49115 9.49115 2.73580 0.333668 -2.614318727 0.8061610133
33 89 1.10006 1.05349 0.819559 9.48756 9.48756 2.85890 0.292646 -2.776191186 0.6826920935
34 89 1.10060 1.02981 0.828063 9.48468 9.48468 2.99795 0.294026 -2.944924078 0.5613486886
35 89 1.09926 1.00288 0.835751 9.48236 9.48236 3.14773 0.345811 -3.116583299 0.4417141663
36 89 1.09212 0.969098 0.839458 9.48052 9.48052 3.31011 0.438616 -3.294214104 0.3240002510
37 89 1.08821 0.936415 0.846028 9.47916 9.47916 3.48800 0.560106 -3.481211137 0.2174496761
38 89 1.08260 0.902266 0.851086 9.47832 9.47832 3.67423 0.701276 -3.671753780 0.1347231829
39 89 1.07678 0.870843 0.854953 9.47816 9.47816 3.85324 0.854395 -3.852306017 0.08474541496
40 89 1.07233 0.846609 0.858008 9.47905 9.47905 4.00283 1.01006 -4.002264891 0.06681147792
41 89 1.06954 0.831339 0.860129 9.48201 9.48201 4.10698 1.15944 -4.106497634 0.06287407129
42 89 1.06801 0.822754 0.861535 9.49053 9.49053 4.17225 1.30033 -4.171918123 0.05213241345
43 89 1.06712 0.817632 0.862434 9.52322 9.52322 4.21327 1.43421 -4.213135726 0.03328871886
44 89 1.06669 0.815149 0.862877 9.94116 9.94116 4.23355 1.55943 -4.233529631 0.01138773356
45 89 1.06669 0.815149 0.862877 9.94116 9.94116 4.23355 1.55943 -4.233529631 -0.01138773356
46 89 1.06712 0.817632 0.862434 9.52322 9.52322 4.21327 1.43421 -4.213135726 -0.03328871886
47 89 1.06801 0.822754 0.861535 9.49053 9.49053 4.17225 1.30033 -4.171918123 -0.05213241345
48 89 1.06954 0.831339 0.860129 9.48201 9.48201 4.10698 1.15944 -4.106497634 -0.06287407129
49 89 1.07233 0.846609 0.858008 9.47905 9.47905 4.00283 1.01006 -4.002264891 -0.06681147792
50 89 1.07678 0.870843 0.854953 9.47816 9.47816 3.85324 0.854395 -3.852306017 -0.08474541496
51 89 1.08260 0.902266 0.851086 9.47832 9.47832 3.67423 0.701276 -3.671753780 -0.1347231829
52 89 1.08821 0.936415 0.846028 9.47916 9.47916 3.48800 0.560106 -3.481211137 -0.2174496761
53 89 1.09212 0.969098 0.839458 9.48052 9.48052 3.31011 0.438616 -3.294214104 -0.3240002510
54 89 1.09926 1.00288 0.835751 9.48236 9.48236 3.14773 0.345811 -3.116583299 -0.4417141663
55 89 1.10060 1.02981 0.828063 9.48468 9.48468 2.99795 0.294026 -2.944924078 -0.5613486886
56 89 1.10006 1.05349 0.819559 9.48756 9.48756 2.85890 0.292646 -2.776191186 -0.6826920935
57 89 1.09500 1.06950 0.808964 9.49115 9.49115 2.73580 0.333668 -2.614318727 -0.8061610133
58 89 1.07931 1.06934 0.792499 9.49626 9.49626 2.63418 0.398565 -2.465641873 -0.9270749090
59 89 0.986817 0.986197 0.721600 9.52881 9.52881 2.55173 0.473933 -2.332952156 -1.033746344
60 89 1.16376 1.17039 0.847704 9.51307 9.51307 2.47425 0.552333 -2.207979627 -1.116558772
61 89 1.11867 1.13257 0.810924 9.51283 9.51283 2.39182 0.629146 -2.082989177 -1.175558450
62 89 1.10344 1.12651 0.794654 9.51979 9.51979 2.30019 0.701221 -1.955396754 -1.211315595
63 89 1.09489 1.13187 0.780807 9.52883 9.52883 2.19161 0.642821 -1.820747303 -1.219848290
64 89 1.08966 1.15060 0.765762 9.53991 9.53991 2.05599 0.558927 -1.666124863 -1.204614465
65 89 1.08627 1.18210 0.749346 9.55343 9.55343 1.90024 0.466217 -1.488590470 -1.181102358
66 89 1.08130 1.22051 0.730810 9.57045 9.57045 1.73783 0.372897 -1.295735364 -1.158057229
67 89 1.07136 1.25818 0.710589 9.59784 9.59784 1.58327 0.292234 -1.095804639 -1.142776281
68 89 1.05388 1.28300 0.689689 9.61559 9.61559 1.45190 0.244392 -0.9070261606 -1.133714520
69 89 1.03141 1.29717 0.667968 9.64698 9.64698 1.33633 0.233639 -0.7359952302 -1.115387041
70 89 1.01000 1.31428 0.645122 9.68721 9.68721 1.22030 0.247689 -0.5804435075 -1.073411266
71 89 1.01910 1.39191 0.636293 9.74252 9.74252 1.08521 0.279301 -0.4216633386 -0.9999379115
19 90 1.00645 1.32107 0.640186 6.89530 6.89530 1.19339 0.252610 -0.5478989754 1.060177346
23 90 1.07942 1.23076 0.725762 6.80933 6.80933 1.69674 0.350250 -1.244731175 1.153068577
29 90 1.14042 1.14925 0.829528 6.76275 6.76275 2.44849 0.577429 -2.167904424 1.138091525
31 90 1.06725 1.06110 0.782413 6.75461 6.75461 2.60421 0.423802 -2.418348960 0.9661598240
37 90 1.09029 0.950412 0.843669 6.74069 6.74069 3.41320 0.507328 -3.403356960 0.2590261703
41 90 1.07061 0.837236 0.859268 6.74113 6.74113 4.06532 1.09251 -4.064798676 0.06456657730
43 90 1.06748 0.819735 0.862062 6.75616 6.75616 4.19630 1.37118 -4.196078301 0.04287105844
47 90 1.06748 0.819735 0.862062 6.75616 6.75616 4.19630 1.37118 -4.196078301 -0.04287105844
49 90 1.07061 0.837236 0.859268 6.74113 6.74113 4.06532 1.09251 -4.064798676 -0.06456657730
53 90 1.09029 0.950412 0.843669 6.74069 6.74069 3.41320 0.507328 -3.403356960 -0.2590261703
59 90 1.06725 1.06110 0.782413 6.75461 6.75461 2.60421 0.423802 -2.418348960 -0.9661598240
61 90 1.14042 1.14925 0.829528 6.76275 6.76275 2.44849 0.577429 -2.167904424 -1.138091525
67 90 1.07942 1.23076 0.725762 6.80933 6.80933 1.69674 0.350250 -1.244731175 -1.153068577
71 90 1.00645 1.32107 0.640186 6.89530 6.89530 1.19339 0.252610 -0.5478989754 -1.060177346
19 91 1.00372 1.32973 0.635609 9.81582 9.81582 1.16613 0.258242 -0.5156413244 1.045929015
20 91 1.02160 1.30308 0.658286 9.77140 9.77140 1.28697 0.237866 -0.6664002546 1.100993621
22 91 1.06374 1.27196 0.700546 9.70981 9.70981 1.51694 0.264274 -1.002270318 1.138655301
23 91 1.07720 1.24056 0.720730 9.69380 9.69380 1.65736 0.329176 -1.194546105 1.148863999
24 91 1.08400 1.20176 0.739824 9.66865 9.66865 1.81473 0.416503 -1.388431133 1.168534004
25 91 1.08788 1.16682 0.757013 9.65367 9.65367 1.97189 0.508556 -1.570885464 1.191908478
27 91 1.09776 1.12814 0.786404 9.63135 9.63135 2.23870 0.673584 -1.877146246 1.219863616
29 91 1.12797 1.13907 0.819238 9.61744 9.61744 2.42260 0.601693 -2.128555684 1.156817528
30 91 1.23716 1.24160 0.902418 9.64264 9.64264 2.50089 0.525613 -2.250307398 1.091108970
31 91 1.04476 1.04169 0.764886 9.61135 9.61135 2.57672 0.449305 -2.373849703 1.002141975
32 91 1.08592 1.07204 0.798603 9.60052 9.60052 2.66194 0.377765 -2.508020335 0.8920259316
33 91 1.09705 1.06621 0.812191 9.59611 9.59611 2.76767 0.319257 -2.657756335 0.7721895639
34 91 1.10051 1.04801 0.821851 9.59277 9.59277 2.89280 0.288331 -2.818421425 0.6517534542
36 91 1.09928 0.997342 0.837637 9.58789 9.58789 3.18042 0.362257 -3.152979104 0.4168164076
37 91 1.09184 0.963504 0.841011 9.58616 9.58616 3.34222 0.459444 -3.328471385 0.3028385884
38 91 1.08731 0.930732 0.846915 9.58490 9.58490 3.51846 0.582226 -3.512654771 0.2018847031
40 91 1.07617 0.867471 0.855376 9.58411 9.58411 3.87335 0.873281 -3.872495486 0.08107283662
41 91 1.07198 0.844703 0.858258 9.58514 9.58514 4.01524 1.02521 -4.014693105 0.06621406011
43 91 1.06795 0.822399 0.861597 9.59740 9.59740 4.17506 1.30787 -4.174738177 0.05124247617
44 91 1.06710 0.817509 0.862456 9.63199 9.63199 4.21427 1.43849 -4.214136761 0.03260022486
45 91 1.06669 0.815136 0.862880 10.0741 10.0741 4.23366 1.56075 -4.233640030 0.01113895536
46 91 1.06669 0.815136 0.862880 10.0741 10.0741 4.23366 1.56075 -4.233640030 -0.01113895536
47 91 1.06710 0.817509 0.862456 9.63199 9.63199 4.21427 1.43849 -4.214136761 -0.03260022486
48 91 1.06795 0.822399 0.861597 9.59740 9.59740 4.17506 1.30787 -4.174738177 -0.05124247617
50 91 1.07198 0.844703 0.858258 9.58514 9.58514 4.01524 1.02521 -4.014693105 -0.06621406011
51 91 1.07617 0.867471 0.855376 9.58411 9.58411 3.87335 0.873281 -3.872495486 -0.08107283662
53 91 1.08731 0.930732 0.846915 9.58490 9.58490 3.51846 0.582226 -3.512654771 -0.2018847031
54 91 1.09184 0.963504 0.841011 9.58616 9.58616 3.34222 0.459444 -3.328471385 -0.3028385884
55 91 1.09928 0.997342 0.837637 9.58789 9.58789 3.18042 0.362257 -3.152979104 -0.4168164076
57 91 1.10051 1.04801 0.821851 9.59277 9.59277 2.89280 0.288331 -2.818421425 -0.6517534542
58 91 1.09705 1.06621 0.812191 9.59611 9.59611 2.76767 0.319257 -2.657756335 -0.7721895639
59 91 1.08592 1.07204 0.798603 9.60052 9.60052 2.66194 0.377765 -2.508020335 -0.8920259316
60 91 1.04476 1.04169 0.764886 9.61135 9.61135 2.57672 0.449305 -2.373849703 -1.002141975
61 91 1.23716 1.24160 0.902418 9.64264 9.64264 2.50089 0.525613 -2.250307398 -1.091108970
62 91 1.12797 1.13907 0.819238 9.61744 9.61744 2.42260 0.601693 -2.128555684 -1.156817528
64 91 1.09776 1.12814 0.786404 9.63135 9.63135 2.23870 0.673584 -1.877146246 -1.219863616
66 91 1.08788 1.16682 0.757013 9.65367 9.65367 1.97189 0.508556 -1.570885464 -1.191908478
67 91 1.08400 1.20176 0.739824 9.66865 9.66865 1.81473 0.416503 -1.388431133 -1.168534004
68 91 1.07720 1.24056 0.720730 9.69380 9.69380 1.65736 0.329176 -1.194546105 -1.148863999
69 91 1.06374 1.27196 0.700546 9.70981 9.70981 1.51694 0.264274 -1.002270318 -1.138655301
71 91 1.02160 1.30308 0.658286 9.77140 9.77140 1.28697 0.237866 -0.6664002546 -1.100993621
72 91 1.00372 1.32973 0.635609 9.81582 9.81582 1.16613 0.258242 -0.5156413244 -1.045929015
19 92 1.00245 1.34113 0.631838 6.98654 6.98654 1.13868 0.264639 -0.4835902974 1.030888303
21 92 1.03885 1.29346 0.674957 6.92774 6.92774 1.37177 0.233453 -0.7880087487 1.122849217
25 92 1.08696 1.17565 0.752547 6.86625 6.86625 1.92983 0.483637 -1.522734113 1.185546108
27 92 1.09565 1.13052 0.782457 6.84967 6.84967 2.20594 0.652050 -1.837651422 1.220319817
29 92 1.11985 1.13332 0.812027 6.83881 6.83881 2.39651 0.625068 -2.089840506 1.172939887
31 92 0.982994 0.982450 0.718776 6.85203 6.85203 2.55089 0.474779 -2.331572516 1.034780103
33 92 1.09431 1.07022 0.808010 6.82366 6.82366 2.72726 0.337985 -2.602459637 0.8155513106
35 92 1.10069 1.03343 0.826942 6.81905 6.81905 2.97758 0.290729 -2.920874861 0.5783336110
37 92 1.09098 0.973898 0.836651 6.81606 6.81606 3.27529 0.416745 -3.256764377 0.3478321969
39 92 1.08409 0.911364 0.849753 6.81433 6.81433 3.62355 0.661395 -3.620262155 0.1542592514
41 92 1.07365 0.853786 0.857084 6.81441 6.81441 3.95707 0.957955 -3.956447374 0.07006487380
43 92 1.06852 0.825665 0.861038 6.81969 6.81969 4.14950 1.24454 -4.149096466 0.05779527952
45 92 1.06684 0.815995 0.862726 6.89869 6.89869 4.22662 1.50214 -4.226553631 0.02184336530
47 92 1.06684 0.815995 0.862726 6.89869 6.89869 4.22662 1.50214 -4.226553631 -0.02184336530
49 92 1.06852 0.825665 0.861038 6.81969 6.81969 4.14950 1.24454 -4.149096466 -0.05779527952
51 92 1.07365 0.853786 0.857084 6.81441 6.81441 3.95707 0.957955 -3.956447374 -0.07006487380
53 92 1.08409 0.911364 0.849753 6.81433 6.81433 3.62355 0.661395 -3.620262155 -0.1542592514
55 92 1.09098 0.973898 0.836651 6.81606 6.81606 3.27529 0.416745 -3.256764377 -0.3478321969
57 92 1.10069 1.03343 0.826942 6.81905 6.81905 2.97758 0.290729 -2.920874861 -0.5783336110
59 92 1.09431 1.07022 0.808010 6.82366 6.82366 2.72726 0.337985 -2.602459637 -0.8155513106
61 92 0.982994 0.982450 0.718776 6.85203 6.85203 2.55089 0.474779 -2.331572516 -1.034780103
63 92 1.11985 1.13332 0.812027 6.83881 6.83881 2.39651 0.625068 -2.089840506 -1.172939887
65 92 1.09565 1.13052 0.782457 6.84967 6.84967 2.20594 0.652050 -1.837651422 -1.220319817
67 92 1.08696 1.17565 0.752547 6.86625 6.86625 1.92983 0.483637 -1.522734113 -1.185546108
71 92 1.03885 1.29346 0.674957 6.92774 6.92774 1.37177 0.233453 -0.7880087487 -1.122849217
73 92 1.00245 1.34113 0.631838 6.98654 6.98654 1.13868 0.264639 -0.4835902974 -1.030888303
19 93 1.00468 1.35813 0.630198 9.94562 9.94562 1.11117 0.271811 -0.4516966894 1.015211499
20 93 1.01264 1.31068 0.648425 9.89611 9.89611 1.23755 0.244830 -0.6018373622 1.081345396
22 93 1.05497 1.28200 0.690828 9.82779 9.82779 1.45845 0.245980 -0.9167129374 1.134324368
23 93 1.07151 1.25783 0.710811 9.81161 9.81161 1.58481 0.292954 -1.097927002 1.142880775
25 93 1.08598 1.18479 0.748023 9.76691 9.76691 1.88812 0.459111 -1.474536512 1.179291727
26 93 1.08929 1.15384 0.763945 9.75342 9.75342 2.03831 0.548270 -1.646182053 1.201980525
28 93 1.10127 1.12662 0.791777 9.73309 9.73309 2.27983 0.701657 -1.928824771 1.215422523
29 93 1.11391 1.12986 0.806321 9.72576 9.72576 2.37015 0.647517 -2.051707868 1.186627092
32 93 1.06574 1.05991 0.781204 9.71074 9.71074 2.60154 0.426187 -2.414066556 0.9696707839
34 93 1.09849 1.06220 0.815025 9.70000 9.70000 2.79961 0.307469 -2.700130038 0.7396687049
35 93 1.10071 1.04241 0.823944 9.69689 9.69689 2.92610 0.287047 -2.859153764 0.6223192560
37 93 1.10064 0.993182 0.840496 9.69231 9.69231 3.21225 0.379550 -3.188106575 0.3930754006
38 93 1.09125 0.957797 0.842260 9.69066 9.69066 3.37348 0.480243 -3.361584408 0.2830302849
40 93 1.08064 0.892774 0.852045 9.68885 9.68885 3.72587 0.743242 -3.724018084 0.1171965445
41 93 1.07560 0.864348 0.855768 9.68891 9.68891 3.89214 0.891372 -3.891355471 0.07800278533
43 93 1.06924 0.829720 0.860380 9.69354 9.69354 4.11885 1.18114 -4.118383222 0.06197440959
44 93 1.06789 0.822068 0.861654 9.70315 9.70315 4.17768 1.31507 -4.177374135 0.05036896768
46 93 1.06669 0.815124 0.862882 10.2069 10.2069 4.23376 1.56201 -4.233743380 0.01090078310
47 93 1.06669 0.815124 0.862882 10.2069 10.2069 4.23376 1.56201 -4.233743380 -0.01090078310
49 93 1.06789 0.822068 0.861654 9.70315 9.70315 4.17768 1.31507 -4.177374135 -0.05036896768
50 93 1.06924 0.829720 0.860380 9.69354 9.69354 4.11885 1.18114 -4.118383222 -0.06197440959
52 93 1.07560 0.864348 0.855768 9.68891 9.68891 3.89214 0.891372 -3.891355471 -0.07800278533
53 93 1.08064 0.892774 0.852045 9.68885 9.68885 3.72587 0.743242 -3.724018084 -0.1171965445
55 93 1.09125 0.957797 0.842260 9.69066 9.69066 3.37348 0.480243 -3.361584408 -0.2830302849
56 93 1.10064 0.993182 0.840496 9.69231 9.69231 3.21225 0.379550 -3.188106575 -0.3930754006
58 93 1.10071 1.04241 0.823944 9.69689 9.69689 2.92610 0.287047 -2.859153764 -0.6223192560
59 93 1.09849 1.06220 0.815025 9.70000 9.70000 2.79961 0.307469 -2.700130038 -0.7396687049
61 93 1.06574 1.05991 0.781204 9.71074 9.71074 2.60154 0.426187 -2.414066556 -0.9696707839
64 93 1.11391 1.12986 0.806321 9.72576 9.72576 2.37015 0.647517 -2.051707868 -1.186627092
65 93 1.10127 1.12662 0.791777 9.73309 9.73309 2.27983 0.701657 -1.928824771 -1.215422523
67 93 1.08929 1.15384 0.763945 9.75342 9.75342 2.03831 0.548270 -1.646182053 -1.201980525
68 93 1.08598 1.18479 0.748023 9.76691 9.76691 1.88812 0.459111 -1.474536512 -1.179291727
70 93 1.07151 1.25783 0.710811 9.81161 9.81161 1.58481 0.292954 -1.097927002 -1.142880775
71 93 1.05497 1.28200 0.690828 9.82779 9.82779 1.45845 0.245980 -0.9167129374 -1.134324368
73 93 1.01264 1.31068 0.648425 9.89611 9.89611 1.23755 0.244830 -0.6018373622 -1.081345396
74 93 1.00468 1.35813 0.630198 9.94562 9.94562 1.11117 0.271811 -0.4516966894 -1.015211499
19 94 1.02108 1.39548 0.637356 7.08064 7.08064 1.08369 0.279763 -0.4198979653 0.9990277160
21 94 1.02849 1.29831 0.665245 7.01350 7.01350 1.32327 0.234379 -0.7171537563 1.112074665
23 94 1.06807 1.26500 0.705961 6.97447 6.97447 1.55187 0.278217 -1.052096989 1.140781216
25 94 1.08492 1.19419 0.743461 6.94618 6.94618 1.84691 0.435088 -1.426415500 1.173194948
27 94 1.09307 1.13908 0.775002 6.92790 6.92790 2.13583 0.607707 -1.756374536 1.215283511
29 94 1.10924 1.12780 0.801451 6.91548 6.91548 2.34350 0.669012 -2.014143041 1.197989702
31 94 1.24197 1.24635 0.905965 6.93141 6.93141 2.50169 0.524795 -2.251601465 1.090287464
33 94 1.08493 1.07178 0.797642 6.89980 6.89980 2.65693 0.381337 -2.500478399 0.8982436140
35 94 1.10034 1.05055 0.820827 6.89427 6.89427 2.87733 0.289923 -2.799250943 0.6657412767
37 94 1.09923 1.00201 0.836016 6.89077 6.89077 3.15269 0.348212 -3.122128396 0.4379046323
39 94 1.08861 0.938974 0.845618 6.88855 6.88855 3.47432 0.550286 -3.467038419 0.2247001571
41 94 1.07774 0.876081 0.854291 6.88774 6.88774 3.82236 0.826214 -3.821267800 0.09116551555
43 94 1.07018 0.834868 0.859605 6.88970 6.88970 4.08178 1.11746 -4.081272009 0.06405911201
45 94 1.06741 0.819320 0.862136 6.90660 6.90660 4.19964 1.38241 -4.199430196 0.04124389682
49 94 1.06741 0.819320 0.862136 6.90660 6.90660 4.19964 1.38241 -4.199430196 -0.04124389682
51 94 1.07018 0.834868 0.859605 6.88970 6.88970 4.08178 1.11746 -4.081272009 -0.06405911201
53 94 1.07774 0.876081 0.854291 6.88774 6.88774 3.82236 0.826214 -3.821267800 -0.09116551555
55 94 1.08861 0.938974 0.845618 6.88855 6.88855 3.47432 0.550286 -3.467038419 -0.2247001571
57 94 1.09923 1.00201 0.836016 6.89077 6.89077 3.15269 0.348212 -3.122128396 -0.4379046323
59 94 1.10034 1.05055 0.820827 6.89427 6.89427 2.87733 0.289923 -2.799250943 -0.6657412767
61 94 1.08493 1.07178 0.797642 6.89980 6.89980 2.65693 0.381337 -2.500478399 -0.8982436140
63 94 1.24197 1.24635 0.905965 6.93141 6.93141 2.50169 0.524795 -2.251601465 -1.090287464
65 94 1.10924 1.12780 0.801451 6.91548 6.91548 2.34350 0.669012 -2.014143041 -1.197989702
67 94 1.09307 1.13908 0.775002 6.92790 6.92790 2.13583 0.607707 -1.756374536 -1.215283511
69 94 1.08492 1.19419 0.743461 6.94618 6.94618 1.84691 0.435088 -1.426415500 -1.173194948
71 94 1.06807 1.26500 0.705961 6.97447 6.97447 1.55187 0.278217 -1.052096989 -1.140781216
73 94 1.02849 1.29831 0.665245 7.01350 7.01350 1.32327 0.234379 -0.7171537563 -1.112074665
75 94 1.02108 1.39548 0.637356 7.08064 7.08064 1.08369 0.279763 -0.4198979653 -0.9990277160
21 95 1.02435 1.30177 0.660985 9.97929 9.97929 1.29980 0.236429 -0.6840432678 1.105241319
22 95 1.04555 1.28942 0.681371 9.94610 9.94610 1.40568 0.236120 -0.8383542860 1.128310272
23 95 1.06428 1.27119 0.701191 9.92021 9.92021 1.52100 0.265792 -1.008122404 1.138908240
24 95 1.07709 1.24095 0.720521 9.90546 9.90546 1.65576 0.328336 -1.192477309 1.148707037
26 95 1.08756 1.16983 0.755467 9.86487 9.86487 1.95730 0.499894 -1.554233907 1.189696555
27 95 1.09025 1.14287 0.769881 9.85262 9.85262 2.09873 0.584878 -1.714317383 1.210684208
28 95 1.09643 1.12945 0.783999 9.84245 9.84245 2.21899 0.660553 -1.853234771 1.220416394
29 95 1.10541 1.12674 0.797085 9.83407 9.83407 2.31646 0.689532 -1.977120508 1.207049589
31 95 1.16849 1.17484 0.851301 9.82939 9.82939 2.47757 0.549038 -2.213210259 1.113564083
32 95 0.979189 0.978715 0.715966 9.84922 9.84922 2.55010 0.475572 -2.330280771 1.035745892
33 95 1.07691 1.06795 0.790421 9.81177 9.81177 2.62664 0.404640 -2.453894763 0.9368121780
34 95 1.09362 1.07081 0.807089 9.80649 9.80649 2.71938 0.342145 -2.591422217 0.8243358568
36 95 1.10074 1.03676 0.825871 9.79993 9.79993 2.95869 0.288592 -2.898387232 0.5942862316
37 95 1.09973 1.01211 0.833128 9.79753 9.79753 3.09613 0.323106 -3.058383820 0.4819608157
39 95 1.09053 0.952152 0.843351 9.79406 9.79406 3.40388 0.500910 -3.393582574 0.2645406268
41 95 1.07996 0.888627 0.852654 9.79244 9.79244 3.74975 0.763174 -3.748138081 0.1099240336
42 95 1.07507 0.861457 0.856130 9.79261 9.79261 3.90970 0.908703 -3.908966300 0.07545074667
43 95 1.07137 0.841378 0.858700 9.79393 9.79393 4.03724 1.05341 -4.036700789 0.06538426103
44 95 1.06912 0.829010 0.860492 9.79763 9.79763 4.12412 1.19124 -4.123661735 0.06147043277
46 95 1.06706 0.817287 0.862495 9.84641 9.84641 4.21607 1.44649 -4.215951547 0.03130217093
47 95 1.06669 0.815112 0.862884 10.3394 10.3394 4.23386 1.56321 -4.233840267 0.01067255465
48 95 1.06669 0.815112 0.862884 10.3394 10.3394 4.23386 1.56321 -4.233840267 -0.01067255465
49 95 1.06706 0.817287 0.862495 9.84641 9.84641 4.21607 1.44649 -4.215951547 -0.03130217093
51 95 1.06912 0.829010 0.860492 9.79763 9.79763 4.12412 1.19124 -4.123661735 -0.06147043277
52 95 1.07137 0.841378 0.858700 9.79393 9.79393 4.03724 1.05341 -4.036700789 -0.06538426103
53 95 1.07507 0.861457 0.856130 9.79261 9.79261 3.90970 0.908703 -3.908966300 -0.07545074667
54 95 1.07996 0.888627 0.852654 9.79244 9.79244 3.74975 0.763174 -3.748138081 -0.1099240336
56 95 1.09053 0.952152 0.843351 9.79406 9.79406 3.40388 0.500910 -3.393582574 -0.2645406268
58 95 1.09973 1.01211 0.833128 9.79753 9.79753 3.09613 0.323106 -3.058383820 -0.4819608157
59 95 1.10074 1.03676 0.825871 9.79993 9.79993 2.95869 0.288592 -2.898387232 -0.5942862316
61 95 1.09362 1.07081 0.807089 9.80649 9.80649 2.71938 0.342145 -2.591422217 -0.8243358568
62 95 1.07691 1.06795 0.790421 9.81177 9.81177 2.62664 0.404640 -2.453894763 -0.9368121780
63 95 0.979189 0.978715 0.715966 9.84922 9.84922 2.55010 0.475572 -2.330280771 -1.035745892
64 95 1.16849 1.17484 0.851301 9.82939 9.82939 2.47757 0.549038 -2.213210259 -1.113564083
66 95 1.10541 1.12674 0.797085 9.83407 9.83407 2.31646 0.689532 -1.977120508 -1.207049589
67 95 1.09643 1.12945 0.783999 9.84245 9.84245 2.21899 0.660553 -1.853234771 -1.220416394
68 95 1.09025 1.14287 0.769881 9.85262 9.85262 2.09873 0.584878 -1.714317383 -1.210684208
69 95 1.08756 1.16983 0.755467 9.86487 9.86487 1.95730 0.499894 -1.554233907 -1.189696555
71 95 1.07709 1.24095 0.720521 9.90546 9.90546 1.65576 0.328336 -1.192477309 -1.148707037
72 95 1.06428 1.27119 0.701191 9.92021 9.92021 1.52100 0.265792 -1.008122404 -1.138908240
73 95 1.04555 1.28942 0.681371 9.94610 9.94610 1.40568 0.236120 -0.8383542860 -1.128310272
74 95 1.02435 1.30177 0.660985 9.97929 9.97929 1.29980 0.236429 -0.6840432678 -1.105241319
23 96 1.06023 1.27650 0.696496 7.05535 7.05535 1.49196 0.255606 -0.9659970551 1.137000918
25 96 1.08241 1.21341 0.734239 7.02592 7.02592 1.76658 0.389043 -1.330757989 1.161832935
29 96 1.10220 1.12652 0.793033 6.99191 6.99191 2.28887 0.707997 -1.940529109 1.213766501
31 96 1.14372 1.15212 0.832162 6.98462 6.98462 2.45348 0.572634 -2.175600579 1.134149805
35 96 1.09805 1.06366 0.814083 6.96892 6.96892 2.78856 0.311248 -2.685589580 0.7507617828
37 96 1.10027 1.02187 0.830398 6.96488 6.96488 3.04215 0.304552 -2.996475950 0.5251443643
41 96 1.08255 0.901928 0.851142 6.96077 6.96077 3.67617 0.702824 -3.673716356 0.1340223680
43 96 1.07284 0.849367 0.857651 6.96115 6.96115 3.98507 0.989200 -3.984487679 0.06786472407
47 96 1.06682 0.815900 0.862743 7.05520 7.05520 4.22739 1.50717 -4.227331243 0.02095362380
49 96 1.06682 0.815900 0.862743 7.05520 7.05520 4.22739 1.50717 -4.227331243 -0.02095362380
53 96 1.07284 0.849367 0.857651 6.96115 6.96115 3.98507 0.989200 -3.984487679 -0.06786472407
55 96 1.08255 0.901928 0.851142 6.96077 6.96077 3.67617 0.702824 -3.673716356 -0.1340223680
59 96 1.10027 1.02187 0.830398 6.96488 6.96488 3.04215 0.304552 -2.996475950 -0.5251443643
61 96 1.09805 1.06366 0.814083 6.96892 6.96892 2.78856 0.311248 -2.685589580 -0.7507617828
65 96 1.14372 1.15212 0.832162 6.98462 6.98462 2.45348 0.572634 -2.175600579 -1.134149805
67 96 1.10220 1.12652 0.793033 6.99191 6.99191 2.28887 0.707997 -1.940529109 -1.213766501
71 96 1.08241 1.21341 0.734239 7.02592 7.02592 1.76658 0.389043 -1.330757989 -1.161832935
73 96 1.06023 1.27650 0.696496 7.05535 7.05535 1.49196 0.255606 -0.9659970551 -1.137000918
20 97 1.00247 1.34320 0.631400 10.1472 10.1472 1.13456 0.265665 -0.4787975518 1.028574079
21 97 1.01522 1.30791 0.651448 10.1009 10.1009 1.25298 0.242451 -0.6214377114 1.088008965
22 97 1.03582 1.29506 0.672108 10.0646 10.0646 1.35713 0.233182 -0.7663926327 1.120011079
23 97 1.05596 1.28106 0.691870 10.0356 10.0356 1.46449 0.247535 -0.9256464567 1.134859347
24 97 1.07165 1.25751 0.711015 10.0210 10.0210 1.58623 0.293618 -1.099875684 1.142977506
25 97 1.08088 1.22300 0.729598 9.99265 9.99265 1.72783 0.367335 -1.283434003 1.156794677
26 97 1.08570 1.18730 0.746798 9.97585 9.97585 1.87697 0.452589 -1.461569556 1.177631992
27 97 1.08894 1.15694 0.762242 9.96240 9.96240 2.02185 0.538389 -1.627598790 1.199499231
28 97 1.09332 1.13647 0.776568 9.95121 9.95121 2.15263 0.618164 -1.775569485 1.217027205
29 97 1.09949 1.12713 0.789178 9.94190 9.94190 2.26044 0.688266 -1.904143046 1.218120934
30 97 1.11024 1.12818 0.802534 9.93430 9.93430 2.34975 0.664083 -2.022857828 1.195543726
31 97 1.13063 1.14114 0.821497 9.92918 9.92918 2.42930 0.595514 -2.138646553 1.152241860
32 97 1.24680 1.25111 0.909521 9.95998 9.95998 2.50245 0.524028 -2.252815623 1.089514366
33 97 1.04056 1.03783 0.761700 9.92445 9.92445 2.57351 0.452399 -2.368618842 1.006277932
34 97 1.08394 1.07146 0.796703 9.91257 9.91257 2.65228 0.384719 -2.493445910 0.9040512122
35 97 1.09592 1.06827 0.810334 9.90806 9.90806 2.74876 0.327485 -2.632135840 0.7921467732
36 97 1.10013 1.05284 0.819846 9.90469 9.90469 2.86300 0.291964 -2.781337343 0.6788969916
37 97 1.10064 1.03114 0.827656 9.90193 9.90193 2.99050 0.292702 -2.936146138 0.5675399957
38 97 1.09942 1.00654 0.834680 9.89966 9.89966 3.12705 0.336188 -3.093360899 0.4577207774
39 97 1.09081 0.974021 0.836424 9.89785 9.89785 3.27363 0.415721 -3.254967043 0.3489926466
40 97 1.08976 0.946633 0.844337 9.89639 9.89639 3.43341 0.521367 -3.424487920 0.2473246417
41 97 1.08472 0.915105 0.849220 9.89541 9.89541 3.60304 0.645584 -3.599356256 0.1628075629
42 97 1.07928 0.884684 0.853183 9.89496 9.89496 3.77241 0.782423 -3.770986551 0.1035249320
43 97 1.07458 0.858785 0.856469 9.89523 9.89523 3.92610 0.925307 -3.925405896 0.07334138053
44 97 1.07110 0.839928 0.858897 9.89670 9.89670 4.04698 1.06654 -4.046448416 0.06508458906
45 97 1.06900 0.828356 0.860596 9.90066 9.90066 4.12901 1.20089 -4.128559073 0.06093423957
46 97 1.06779 0.821468 0.861759 9.91144 9.91144 4.18245 1.32852 -4.182156952 0.04867693866
47 97 1.06704 0.817186 0.862513 9.95212 9.95212 4.21689 1.45022 -4.216775513 0.03068980612
48 97 1.06668 0.815101 0.862886 10.4718 10.4718 4.23395 1.56437 -4.233931221 0.01045366173
49 97 1.06668 0.815101 0.862886 10.4718 10.4718 4.23395 1.56437 -4.233931221 -0.01045366173
50 97 1.06704 0.817186 0.862513 9.95212 9.95212 4.21689 1.45022 -4.216775513 -0.03068980612
51 97 1.06779 0.821468 0.861759 9.91144 9.91144 4.18245 1.32852 -4.182156952 -0.04867693866
52 97 1.06900 0.828356 0.860596 9.90066 9.90066 4.12901 1.20089 -4.128559073 -0.06093423957
53 97 1.07110 0.839928 0.858897 9.89670 9.89670 4.04698 1.06654 -4.046448416 -0.06508458906
54 97 1.07458 0.858785 0.856469 9.89523 9.89523 3.92610 0.925307 -3.925405896 -0.07334138053
55 97 1.07928 0.884684 0.853183 9.89496 9.89496 3.77241 0.782423 -3.770986551 -0.1035249320
56 97 1.08472 0.915105 0.849220 9.89541 9.89541 3.60304 0.645584 -3.599356256 -0.1628075629
57 97 1.08976 0.946633 0.844337 9.89639 9.89639 3.43341 0.521367 -3.424487920 -0.2473246417
58 97 1.09081 0.974021 0.836424 9.89785 9.89785 3.27363 0.415721 -3.254967043 -0.3489926466
59 97 1.09942 1.00654 0.834680 9.89966 9.89966 3.12705 0.336188 -3.093360899 -0.4577207774
60 97 1.10064 1.03114 0.827656 9.90193 9.90193 2.99050 0.292702 -2.936146138 -0.5675399957
61 97 1.10013 1.05284 0.819846 9.90469 9.90469 2.86300 0.291964 -2.781337343 -0.6788969916
62 97 1.09592 1.06827 0.810334 9.90806 9.90806 2.74876 0.327485 -2.632135840 -0.7921467732
63 97 1.08394 1.07146 0.796703 9.91257 9.91257 2.65228 0.384719 -2.493445910 -0.9040512122
64 97 1.04056 1.03783 0.761700 9.92445 9.92445 2.57351 0.452399 -2.368618842 -1.006277932
65 97 1.24680 1.25111 0.909521 9.95998 9.95998 2.50245 0.524028 -2.252815623 -1.089514366
66 97 1.13063 1.14114 0.821497 9.92918 9.92918 2.42930 0.595514 -2.138646553 -1.152241860
67 97 1.11024 1.12818 0.802534 9.93430 9.93430 2.34975 0.664083 -2.022857828 -1.195543726
68 97 1.09949 1.12713 0.789178 9.94190 9.94190 2.26044 0.688266 -1.904143046 -1.218120934
69 97 1.09332 1.13647 0.776568 9.95121 9.95121 2.15263 0.618164 -1.775569485 -1.217027205
70 97 1.08894 1.15694 0.762242 9.96240 9.96240 2.02185 0.538389 -1.627598790 -1.199499231
71 97 1.08570 1.18730 0.746798 9.97585 9.97585 1.87697 0.452589 -1.461569556 -1.177631992
72 97 1.08088 1.22300 0.729598 9.99265 9.99265 1.72783 0.367335 -1.283434003 -1.156794677
73 97 1.07165 1.25751 0.711015 10.0210 10.0210 1.58623 0.293618 -1.099875684 -1.142977506
74 97 1.05596 1.28106 0.691870 10.0356 10.0356 1.46449 0.247535 -0.9256464567 -1.134859347
75 97 1.03582 1.29506 0.672108 10.0646 10.0646 1.35713 0.233182 -0.7663926327 -1.120011079
76 97 1.01522 1.30791 0.651448 10.1009 10.1009 1.25298 0.242451 -0.6214377114 -1.088008965
77 97 1.00247 1.34320 0.631400 10.1472 10.1472 1.13456 0.265665 -0.4787975518 -1.028574079
23 98 1.05154 1.28499 0.687305 7.13709 7.13709 1.43838 0.241431 -0.8869674392 1.132343297
25 98 1.07909 1.23236 0.724955 7.10635 7.10635 1.69032 0.346764 -1.236639083 1.152340507
27 98 1.08811 1.16460 0.758165 7.08315 7.08315 1.98282 0.515063 -1.583338014 1.193569610
29 98 1.09721 1.12861 0.785444 7.06796 7.06796 2.23093 0.668418 -1.867661146 1.220189414
31 98 1.12217 1.13486 0.814141 7.05792 7.05792 2.40495 0.617627 -2.102264030 1.168012502
33 98 0.975402 0.974993 0.713172 7.07523 7.07523 2.54936 0.476317 -2.329068772 1.036650190
37 98 1.10075 1.03982 0.824847 7.03842 7.03842 2.94113 0.287418 -2.877320986 0.6093036025
39 98 1.10083 0.993081 0.840725 7.03531 7.03531 3.21382 0.380432 -3.189831687 0.3919183175
41 98 1.08692 0.928320 0.847282 7.03334 7.03334 3.53142 0.591752 -3.526001757 0.1954980047
43 98 1.07652 0.869406 0.855133 7.03280 7.03280 3.86179 0.862362 -3.860885103 0.08313613100
45 98 1.06982 0.832893 0.859895 7.03520 7.03520 4.09578 1.14015 -4.095281741 0.06349311478
47 98 1.06735 0.818955 0.862200 7.05409 7.05409 4.20257 1.39268 -4.202377423 0.03972444532
51 98 1.06735 0.818955 0.862200 7.05409 7.05409 4.20257 1.39268 -4.202377423 -0.03972444532
53 98 1.06982 0.832893 0.859895 7.03520 7.03520 4.09578 1.14015 -4.095281741 -0.06349311478
55 98 1.07652 0.869406 0.855133 7.03280 7.03280 3.86179 0.862362 -3.860885103 -0.08313613100
57 98 1.08692 0.928320 0.847282 7.03334 7.03334 3.53142 0.591752 -3.526001757 -0.1954980047
59 98 1.10083 0.993081 0.840725 7.03531 7.03531 3.21382 0.380432 -3.189831687 -0.3919183175
61 98 1.10075 1.03982 0.824847 7.03842 7.03842 2.94113 0.287418 -2.877320986 -0.6093036025
65 98 0.975402 0.974993 0.713172 7.07523 7.07523 2.54936 0.476317 -2.329068772 -1.036650190
67 98 1.12217 1.13486 0.814141 7.05792 7.05792 2.40495 0.617627 -2.102264030 -1.168012502
69 98 1.09721 1.12861 0.785444 7.06796 7.06796 2.23093 0.668418 -1.867661146 -1.220189414
71 98 1.08811 1.16460 0.758165 7.08315 7.08315 1.98282 0.515063 -1.583338014 -1.193569610
73 98 1.07909 1.23236 0.724955 7.10635 7.10635 1.69032 0.346764 -1.236639083 -1.152340507
75 98 1.05154 1.28499 0.687305 7.13709 7.13709 1.43838 0.241431 -0.8869674392 -1.132343297
20 99 1.02310 1.39902 0.638456 10.2775 10.2775 1.08232 0.280181 -0.4183091768 0.9982075511
23 99 1.04701 1.28842 0.682795 10.1513 10.1513 1.41341 0.237135 -0.8498516200 1.129363862
25 99 1.07700 1.24131 0.720328 10.1128 10.1128 1.65429 0.327567 -1.190575776 1.148563935
26 99 1.08350 1.20562 0.737977 10.0865 10.0865 1.79862 0.407267 -1.369261454 1.166249435
28 99 1.09014 1.14611 0.768291 10.0595 10.0595 2.08114 0.574159 -1.694469769 1.208254971
29 99 1.09533 1.13104 0.781783 10.0492 10.0492 2.20013 0.648298 -1.830778936 1.220171983
31 99 1.11602 1.13100 0.808405 10.0339 10.0339 2.38039 0.638939 -2.066401259 1.181608876
32 99 1.14535 1.15356 0.833458 10.0310 10.0310 2.45574 0.570452 -2.179097039 1.132328697
34 99 1.06275 1.05748 0.778828 10.0199 10.0199 2.59672 0.430541 -2.406319583 0.9760014522
35 99 1.08876 1.07239 0.801469 10.0128 10.0128 2.67853 0.366481 -2.532685528 0.8717863279
37 99 1.10052 1.04779 0.821938 10.0056 10.0056 2.89415 0.288223 -2.820079560 0.6505478374
38 99 1.10044 1.02560 0.829321 10.0030 10.0030 3.02149 0.299074 -2.972481284 0.5419651391
40 99 1.09209 0.970217 0.839054 9.99903 9.99903 3.30325 0.434239 -3.286852533 0.3286302255
41 99 1.08896 0.941268 0.845243 9.99769 9.99769 3.46206 0.541552 -3.454319706 0.2313292006
43 99 1.07861 0.880967 0.853667 9.99643 9.99643 3.79388 0.801004 -3.792615159 0.09791506219
46 99 1.06889 0.827753 0.860693 10.0027 10.0027 4.13356 1.21011 -4.133114254 0.06036949776
47 99 1.06774 0.821196 0.861806 10.0141 10.0141 4.18461 1.33482 -4.184330942 0.04786018276
49 99 1.06668 0.815091 0.862888 10.6042 10.6042 4.23403 1.56548 -4.234016715 0.01024354453
50 99 1.06668 0.815091 0.862888 10.6042 10.6042 4.23403 1.56548 -4.234016715 -0.01024354453
52 99 1.06774 0.821196 0.861806 10.0141 10.0141 4.18461 1.33482 -4.184330942 -0.04786018276
53 99 1.06889 0.827753 0.860693 10.0027 10.0027 4.13356 1.21011 -4.133114254 -0.06036949776
56 99 1.07861 0.880967 0.853667 9.99643 9.99643 3.79388 0.801004 -3.792615159 -0.09791506219
58 99 1.08896 0.941268 0.845243 9.99769 9.99769 3.46206 0.541552 -3.454319706 -0.2313292006
59 99 1.09209 0.970217 0.839054 9.99903 9.99903 3.30325 0.434239 -3.286852533 -0.3286302255
61 99 1.10044 1.02560 0.829321 10.0030 10.0030 3.02149 0.299074 -2.972481284 -0.5419651391
62 99 1.10052 1.04779 0.821938 10.0056 10.0056 2.89415 0.288223 -2.820079560 -0.6505478374
64 99 1.08876 1.07239 0.801469 10.0128 10.0128 2.67853 0.366481 -2.532685528 -0.8717863279
65 99 1.06275 1.05748 0.778828 10.0199 10.0199 2.59672 0.430541 -2.406319583 -0.9760014522
67 99 1.14535 1.15356 0.833458 10.0310 10.0310 2.45574 0.570452 -2.179097039 -1.132328697
68 99 1.11602 1.13100 0.808405 10.0339 10.0339 2.38039 0.638939 -2.066401259 -1.181608876
70 99 1.09533 1.13104 0.781783 10.0492 10.0492 2.20013 0.648298 -1.830778936 -1.220171983
71 99 1.09014 1.14611 0.768291 10.0595 10.0595 2.08114 0.574159 -1.694469769 -1.208254971
73 99 1.08350 1.20562 0.737977 10.0865 10.0865 1.79862 0.407267 -1.369261454 -1.166249435
74 99 1.07700 1.24131 0.720328 10.1128 10.1128 1.65429 0.327567 -1.190575776 -1.148563935
76 99 1.04701 1.28842 0.682795 10.1513 10.1513 1.41341 0.237135 -0.8498516200 -1.129363862
79 99 1.02310 1.39902 0.638456 10.2775 10.2775 1.08232 0.280181 -0.4183091768 -0.9982075511
21 100 1.00503 1.32493 0.637943 7.27191 7.27191 1.18044 0.255199 -0.5325090797 1.053503587
23 100 1.04239 1.29142 0.678327 7.21893 7.21893 1.38944 0.234481 -0.8142091209 1.125873516
27 100 1.08639 1.18103 0.749870 7.16026 7.16026 1.90506 0.469048 -1.494168791 1.181824176
29 100 1.09384 1.13448 0.778186 7.14362 7.14362 2.16800 0.627811 -1.793254590 1.218370996
31 100 1.11122 1.12859 0.803573 7.13208 7.13208 2.35557 0.659424 -2.031037931 1.193142523
33 100 1.25164 1.25590 0.913086 7.15256 7.15256 2.50316 0.523307 -2.253957057 1.088785529
37 100 1.09989 1.05492 0.818903 7.11139 7.11139 2.84969 0.294344 -2.764568028 0.6912903933
39 100 1.09965 1.01082 0.833483 7.10780 7.10780 3.10323 0.325964 -3.066446246 0.4763614540
41 100 1.09074 0.953710 0.843060 7.10541 7.10541 3.39553 0.495187 -3.384804673 0.2695467896
43 100 1.08068 0.893074 0.851995 7.10422 7.10422 3.72411 0.741792 -3.722245198 0.1177517548
47 100 1.06821 0.823914 0.861335 7.11180 7.11180 4.16312 1.27688 -4.162754970 0.05472180717
49 100 1.06681 0.815817 0.862758 7.20935 7.20935 4.22807 1.51178 -4.228017233 0.02013272091
51 100 1.06681 0.815817 0.862758 7.20935 7.20935 4.22807 1.51178 -4.228017233 -0.02013272091
53 100 1.06821 0.823914 0.861335 7.11180 7.11180 4.16312 1.27688 -4.162754970 -0.05472180717
57 100 1.08068 0.893074 0.851995 7.10422 7.10422 3.72411 0.741792 -3.722245198 -0.1177517548
59 100 1.09074 0.953710 0.843060 7.10541 7.10541 3.39553 0.495187 -3.384804673 -0.2695467896
61 100 1.09965 1.01082 0.833483 7.10780 7.10780 3.10323 0.325964 -3.066446246 -0.4763614540
63 100 1.09989 1.05492 0.818903 7.11139 7.11139 2.84969 0.294344 -2.764568028 -0.6912903933
67 100 1.25164 1.25590 0.913086 7.15256 7.15256 2.50316 0.523307 -2.253957057 -1.088785529
69 100 1.11122 1.12859 0.803573 7.13208 7.13208 2.35557 0.659424 -2.031037931 -1.193142523
71 100 1.09384 1.13448 0.778186 7.14362 7.14362 2.16800 0.627811 -1.793254590 -1.218370996
73 100 1.08639 1.18103 0.749870 7.16026 7.16026 1.90506 0.469048 -1.494168791 -1.181824176
77 100 1.04239 1.29142 0.678327 7.21893 7.21893 1.38944 0.234481 -0.8142091209 -1.125873516
79 100 1.00503 1.32493 0.637943 7.27191 7.27191 1.18044 0.255199 -0.5325090797 -1.053503587
21 101 1.00301 1.33366 0.634037 10.3454 10.3454 1.15569 0.260588 -0.5034096061 1.040283036
22 101 1.01771 1.30574 0.654217 10.3018 10.3018 1.26689 0.240457 -0.6395236102 1.093617237
23 101 1.03774 1.29406 0.673908 10.2671 10.2671 1.36635 0.233292 -0.7799884236 1.121835154
24 101 1.05687 1.28016 0.692829 10.2391 10.2391 1.47010 0.249049 -0.9339113541 1.135332538
25 101 1.07177 1.25721 0.711202 10.2261 10.2261 1.58754 0.294233 -1.101671148 1.143067317
26 101 1.08069 1.22409 0.729062 10.1973 10.1973 1.72343 0.364899 -1.278004229 1.156248836
27 101 1.08544 1.18964 0.745662 10.1806 10.1806 1.86668 0.446584 -1.449569692 1.176106356
28 101 1.08862 1.15990 0.760648 10.1671 10.1671 2.00653 0.529215 -1.610258807 1.197174815
29 101 1.09308 1.13931 0.774907 10.1559 10.1559 2.13457 0.606926 -1.754940517 1.215142830
30 101 1.09800 1.12796 0.786803 10.1465 10.1465 2.24189 0.675720 -1.881069002 1.219686371
31 101 1.10730 1.12718 0.799290 10.1387 10.1387 2.33047 0.679064 -1.996165350 1.202662923
32 101 1.12330 1.13565 0.815157 10.1329 10.1329 2.40877 0.614224 -2.107913596 1.165695091
33 101 1.17321 1.17931 0.854869 10.1361 10.1361 2.48049 0.546133 -2.217819059 1.110890173
34 101 0.971632 0.971284 0.710392 10.1604 10.1604 2.54866 0.477017 -2.327929345 1.037498679
35 101 1.07455 1.06643 0.788414 10.1175 10.1175 2.62012 0.410047 -2.443644433 0.9453009557
36 101 1.09221 1.07167 0.805332 10.1121 10.1121 2.70532 0.349988 -2.571503561 0.8402973598
37 101 1.09879 1.06107 0.815707 10.1084 10.1084 2.80789 0.304850 -2.710929276 0.7314733344
38 101 1.10071 1.04263 0.823864 10.1054 10.1054 2.92478 0.287042 -2.857553320 0.6234689864
39 101 1.10018 1.02015 0.830886 10.1030 10.1030 3.05166 0.307390 -3.007466293 0.5174556294
40 101 1.09936 0.996380 0.838052 10.1009 10.1009 3.18654 0.365494 -3.159764223 0.4122058873
41 101 1.09198 0.965298 0.840566 10.0993 10.0993 3.33218 0.452864 -3.317778618 0.3093736678
42 101 1.08816 0.936074 0.846082 10.0980 10.0980 3.48982 0.561420 -3.483097248 0.2164957005
43 101 1.08317 0.905868 0.850539 10.0972 10.0972 3.65395 0.685175 -3.651178623 0.1422659272
44 101 1.07799 0.877473 0.854114 10.0969 10.0969 3.81421 0.818932 -3.813075356 0.09301528070
45 101 1.07369 0.854004 0.857056 10.0974 10.0974 3.95570 0.956465 -3.955069044 0.07019117044
46 101 1.07063 0.837381 0.859248 10.0992 10.0992 4.06432 1.09105 -4.063800037 0.06459478113
47 101 1.06879 0.827193 0.860785 10.1037 10.1037 4.13780 1.21893 -4.137361410 0.05978011854
48 101 1.06769 0.820941 0.861851 10.1157 10.1157 4.18665 1.34085 -4.186375617 0.04706354855
49 101 1.06701 0.817003 0.862546 10.1608 10.1608 4.21839 1.45724 -4.218278374 0.02953205376
50 101 1.06668 0.815081 0.862890 10.7365 10.7365 4.23411 1.56654 -4.234097178 0.01004168700
51 101 1.06668 0.815081 0.862890 10.7365 10.7365 4.23411 1.56654 -4.234097178 -0.01004168700
52 101 1.06701 0.817003 0.862546 10.1608 10.1608 4.21839 1.45724 -4.218278374 -0.02953205376
53 101 1.06769 0.820941 0.861851 10.1157 10.1157 4.18665 1.34085 -4.186375617 -0.04706354855
54 101 1.06879 0.827193 0.860785 10.1037 10.1037 4.13780 1.21893 -4.137361410 -0.05978011854
55 101 1.07063 0.837381 0.859248 10.0992 10.0992 4.06432 1.09105 -4.063800037 -0.06459478113
56 101 1.07369 0.854004 0.857056 10.0974 10.0974 3.95570 0.956465 -3.955069044 -0.07019117044
57 101 1.07799 0.877473 0.854114 10.0969 10.0969 3.81421 0.818932 -3.813075356 -0.09301528070
58 101 1.08317 0.905868 0.850539 10.0972 10.0972 3.65395 0.685175 -3.651178623 -0.1422659272
59 101 1.08816 0.936074 0.846082 10.0980 10.0980 3.48982 0.561420 -3.483097248 -0.2164957005
60 101 1.09198 0.965298 0.840566 10.0993 10.0993 3.33218 0.452864 -3.317778618 -0.3093736678
61 101 1.09936 0.996380 0.838052 10.1009 10.1009 3.18654 0.365494 -3.159764223 -0.4122058873
62 101 1.10018 1.02015 0.830886 10.1030 10.1030 3.05166 0.307390 -3.007466293 -0.5174556294
63 101 1.10071 1.04263 0.823864 10.1054 10.1054 2.92478 0.287042 -2.857553320 -0.6234689864
64 101 1.09879 1.06107 0.815707 10.1084 10.1084 2.80789 0.304850 -2.710929276 -0.7314733344
65 101 1.09221 1.07167 0.805332 10.1121 10.1121 2.70532 0.349988 -2.571503561 -0.8402973598
66 101 1.07455 1.06643 0.788414 10.1175 10.1175 2.62012 0.410047 -2.443644433 -0.9453009557
67 101 0.971632 0.971284 0.710392 10.1604 10.1604 2.54866 0.477017 -2.327929345 -1.037498679
68 101 1.17321 1.17931 0.854869 10.1361 10.1361 2.48049 0.546133 -2.217819059 -1.110890173
69 101 1.12330 1.13565 0.815157 10.1329 10.1329 2.40877 0.614224 -2.107913596 -1.165695091
70 101 1.10730 1.12718 0.799290 10.1387 10.1387 2.33047 0.679064 -1.996165350 -1.202662923
71 101 1.09800 1.12796 0.786803 10.1465 10.1465 2.24189 0.675720 -1.881069002 -1.219686371
72 101 1.09308 1.13931 0.774907 10.1559 10.1559 2.13457 0.606926 -1.754940517 -1.215142830
73 101 1.08862 1.15990 0.760648 10.1671 10.1671 2.00653 0.529215 -1.610258807 -1.197174815
74 101 1.08544 1.18964 0.745662 10.1806 10.1806 1.86668 0.446584 -1.449569692 -1.176106356
75 101 1.08069 1.22409 0.729062 10.1973 10.1973 1.72343 0.364899 -1.278004229 -1.156248836
76 101 1.07177 1.25721 0.711202 10.2261 10.2261 1.58754 0.294233 -1.101671148 -1.143067317
77 101 1.05687 1.28016 0.692829 10.2391 10.2391 1.47010 0.249049 -0.9339113541 -1.135332538
78 101 1.03774 1.29406 0.673908 10.2671 10.2671 1.36635 0.233292 -0.7799884236 -1.121835154
79 101 1.01771 1.30574 0.654217 10.3018 10.3018 1.26689 0.240457 -0.6395236102 -1.093617237
80 101 1.00301 1.33366 0.634037 10.3454 10.3454 1.15569 0.260588 -0.5034096061 -1.040283036
23 102 1.03306 1.29641 0.669511 7.30084 7.30084 1.34401 0.233361 -0.7471621059 1.117181057
25 102 1.06864 1.26392 0.706731 7.26482 7.26482 1.55700 0.280419 -1.059306372 1.141094421
29 102 1.09023 1.14260 0.769977 7.21889 7.21889 2.10003 0.585672 -1.715783609 1.210858398
31 102 1.10399 1.12655 0.795355 7.20609 7.20609 2.30497 0.697840 -1.961733797 1.210154221
35 102 1.06128 1.05626 0.777659 7.19195 7.19195 2.59455 0.432533 -2.402804213 0.9788642569
37 102 1.09711 1.06608 0.812298 7.18386 7.18386 2.76881 0.318790 -2.659288709 0.7710030811
41 102 1.09063 0.974111 0.836203 7.17697 7.17697 3.27213 0.414800 -3.253346787 0.3500399975
43 102 1.08529 0.918498 0.848732 7.17525 7.17525 3.58454 0.631479 -3.580465250 0.1708296015
47 102 1.06952 0.831229 0.860146 7.17782 7.17782 4.10778 1.16086 -4.107298296 0.06282229083
49 102 1.06729 0.818634 0.862257 7.19882 7.19882 4.20516 1.40211 -4.204982539 0.03830440035
53 102 1.06729 0.818634 0.862257 7.19882 7.19882 4.20516 1.40211 -4.204982539 -0.03830440035
55 102 1.06952 0.831229 0.860146 7.17782 7.17782 4.10778 1.16086 -4.107298296 -0.06282229083
59 102 1.08529 0.918498 0.848732 7.17525 7.17525 3.58454 0.631479 -3.580465250 -0.1708296015
61 102 1.09063 0.974111 0.836203 7.17697 7.17697 3.27213 0.414800 -3.253346787 -0.3500399975
65 102 1.09711 1.06608 0.812298 7.18386 7.18386 2.76881 0.318790 -2.659288709 -0.7710030811
67 102 1.06128 1.05626 0.777659 7.19195 7.19195 2.59455 0.432533 -2.402804213 -0.9788642569
71 102 1.10399 1.12655 0.795355 7.20609 7.20609 2.30497 0.697840 -1.961733797 -1.210154221
73 102 1.09023 1.14260 0.769977 7.21889 7.21889 2.10003 0.585672 -1.715783609 -1.210858398
77 102 1.06864 1.26392 0.706731 7.26482 7.26482 1.55700 0.280419 -1.059306372 -1.141094421
79 102 1.03306 1.29641 0.669511 7.30084 7.30084 1.34401 0.233361 -0.7471621059 -1.117181057
21 103 1.00599 1.36267 0.630430 10.4692 10.4692 1.10593 0.273266 -0.4456346675 1.012164062
22 103 1.01018 1.31401 0.645351 10.4209 10.4209 1.22152 0.247481 -0.5819321993 1.073984430
23 103 1.02824 1.29837 0.665019 10.3830 10.3830 1.32224 0.234450 -0.7156841479 1.111799998
24 103 1.04834 1.28747 0.684105 10.3524 10.3524 1.42058 0.238211 -0.8605215209 1.130284105
25 103 1.06522 1.26979 0.702328 10.3282 10.3282 1.52823 0.268566 -1.018505913 1.139351991
26 103 1.07691 1.24165 0.720151 10.3161 10.3161 1.65294 0.326860 -1.188822028 1.148432950
27 103 1.08327 1.20733 0.737154 10.2891 10.2891 1.79150 0.403202 -1.360755440 1.165252770
28 103 1.08700 1.17533 0.752708 10.2744 10.2744 1.93133 0.484521 -1.524455555 1.185771713
29 103 1.08984 1.14905 0.766638 10.2621 10.2621 2.06459 0.564128 -1.675822667 1.205877164
30 103 1.09444 1.13286 0.779734 10.2518 10.2518 2.18209 0.636737 -1.809605686 1.219348223
31 103 1.10118 1.12664 0.791647 10.2432 10.2432 2.27889 0.700998 -1.927609061 1.215580637
32 103 1.11219 1.12902 0.804574 10.2361 10.2361 2.36102 0.655015 -2.038731207 1.190792136
33 103 1.13324 1.14323 0.823675 10.2315 10.2315 2.43517 0.590036 -2.147549994 1.148075210
34 103 1.25650 1.26071 0.916660 10.2684 10.2684 2.50383 0.522628 -2.255032115 1.088097263
35 103 1.03641 1.03397 0.758557 10.2282 10.2282 2.57070 0.455139 -2.364012152 1.009899773
36 103 1.08198 1.07067 0.794887 10.2152 10.2152 2.64395 0.390964 -2.480717673 0.9145819097
37 103 1.09474 1.06979 0.808602 10.2106 10.2106 2.73251 0.335305 -2.609769776 0.8097570675
38 103 1.09963 1.05681 0.817996 10.2071 10.2071 2.83731 0.296977 -2.748842682 0.7029835458
39 103 1.10075 1.03744 0.825648 10.2043 10.2043 2.95482 0.288265 -2.893757801 0.5975799439
40 103 1.09989 1.01484 0.832373 10.2020 10.2020 3.08104 0.317340 -3.041190181 0.4939222737
41 103 1.10101 0.993008 0.840948 10.2001 10.2001 3.21524 0.381231 -3.191390017 0.3908738792
42 103 1.09152 0.960198 0.841758 10.1985 10.1985 3.36043 0.471496 -3.347779433 0.2912076484
43 103 1.08736 0.931060 0.846864 10.1974 10.1974 3.51670 0.580938 -3.510841360 0.2027626402
44 103 1.08251 0.901638 0.851192 10.1966 10.1966 3.67784 0.704162 -3.675411363 0.1334197352
45 103 1.07739 0.874192 0.854531 10.1964 10.1964 3.83345 0.836227 -3.832418459 0.08875164177
46 103 1.07330 0.851888 0.857328 10.1970 10.1970 3.96904 0.971085 -3.968433710 0.06903948921
47 103 1.07043 0.836262 0.859406 10.1990 10.1990 4.07205 1.10250 -4.071532449 0.06437116469
48 103 1.06870 0.826674 0.860870 10.2037 10.2037 4.14176 1.22738 -4.141330438 0.05917005050
49 103 1.06765 0.820701 0.861893 10.2164 10.2164 4.18856 1.34664 -4.188301170 0.04628717904
50 103 1.06700 0.816919 0.862561 10.2638 10.2638 4.21907 1.46053 -4.218964722 0.02898436871
51 103 1.06668 0.815072 0.862891 10.8688 10.8688 4.23419 1.56756 -4.234172997 0.009847612683
52 103 1.06668 0.815072 0.862891 10.8688 10.8688 4.23419 1.56756 -4.234172997 -0.009847612683
53 103 1.06700 0.816919 0.862561 10.2638 10.2638 4.21907 1.46053 -4.218964722 -0.02898436871
54 103 1.06765 0.820701 0.861893 10.2164 10.2164 4.18856 1.34664 -4.188301170 -0.04628717904
55 103 1.06870 0.826674 0.860870 10.2037 10.2037 4.14176 1.22738 -4.141330438 -0.05917005050
56 103 1.07043 0.836262 0.859406 10.1990 10.1990 4.07205 1.10250 -4.071532449 -0.06437116469
57 103 1.07330 0.851888 0.857328 10.1970 10.1970 3.96904 0.971085 -3.968433710 -0.06903948921
58 103 1.07739 0.874192 0.854531 10.1964 10.1964 3.83345 0.836227 -3.832418459 -0.08875164177
59 103 1.08251 0.901638 0.851192 10.1966 10.1966 3.67784 0.704162 -3.675411363 -0.1334197352
60 103 1.08736 0.931060 0.846864 10.1974 10.1974 3.51670 0.580938 -3.510841360 -0.2027626402
61 103 1.09152 0.960198 0.841758 10.1985 10.1985 3.36043 0.471496 -3.347779433 -0.2912076484
62 103 1.10101 0.993008 0.840948 10.2001 10.2001 3.21524 0.381231 -3.191390017 -0.3908738792
63 103 1.09989 1.01484 0.832373 10.2020 10.2020 3.08104 0.317340 -3.041190181 -0.4939222737
64 103 1.10075 1.03744 0.825648 10.2043 10.2043 2.95482 0.288265 -2.893757801 -0.5975799439
65 103 1.09963 1.05681 0.817996 10.2071 10.2071 2.83731 0.296977 -2.748842682 -0.7029835458
66 103 1.09474 1.06979 0.808602 10.2106 10.2106 2.73251 0.335305 -2.609769776 -0.8097570675
67 103 1.08198 1.07067 0.794887 10.2152 10.2152 2.64395 0.390964 -2.480717673 -0.9145819097
68 103 1.03641 1.03397 0.758557 10.2282 10.2282 2.57070 0.455139 -2.364012152 -1.009899773
69 103 1.25650 1.26071 0.916660 10.2684 10.2684 2.50383 0.522628 -2.255032115 -1.088097263
70 103 1.13324 1.14323 0.823675 10.2315 10.2315 2.43517 0.590036 -2.147549994 -1.148075210
71 103 1.11219 1.12902 0.804574 10.2361 10.2361 2.36102 0.655015 -2.038731207 -1.190792136
72 103 1.10118 1.12664 0.791647 10.2432 10.2432 2.27889 0.700998 -1.927609061 -1.215580637
73 103 1.09444 1.13286 0.779734 10.2518 10.2518 2.18209 0.636737 -1.809605686 -1.219348223
74 103 1.08984 1.14905 0.766638 10.2621 10.2621 2.06459 0.564128 -1.675822667 -1.205877164
75 103 1.08700 1.17533 0.752708 10.2744 10.2744 1.93133 0.484521 -1.524455555 -1.185771713
76 103 1.08327 1.20733 0.737154 10.2891 10.2891 1.79150 0.403202 -1.360755440 -1.165252770
77 103 1.07691 1.24165 0.720151 10.3161 10.3161 1.65294 0.326860 -1.188822028 -1.148432950
78 103 1.06522 1.26979 0.702328 10.3282 10.3282 1.52823 0.268566 -1.018505913 -1.139351991
79 103 1.04834 1.28747 0.684105 10.3524 10.3524 1.42058 0.238211 -0.8605215209 -1.130284105
80 103 1.02824 1.29837 0.665019 10.3830 10.3830 1.32224 0.234450 -0.7156841479 -1.111799998
81 103 1.01018 1.31401 0.645351 10.4209 10.4209 1.22152 0.247481 -0.5819321993 -1.073984430
82 103 1.00599 1.36267 0.630430 10.4692 10.4692 1.10593 0.273266 -0.4456346675 -1.012164062
21 104 1.02514 1.40253 0.639588 7.44927 7.44927 1.08108 0.280561 -0.4168717310 0.9974647055
23 104 1.02459 1.30169 0.661211 7.38285 7.38285 1.30082 0.236323 -0.6854541779 1.105561788
25 104 1.06155 1.27489 0.697991 7.34211 7.34211 1.50107 0.258629 -0.9792796463 1.137628462
27 104 1.08198 1.21626 0.732865 7.31383 7.31383 1.75498 0.382505 -1.316690797 1.160285950
29 104 1.08909 1.15567 0.762938 7.29381 7.29381 2.02857 0.542417 -1.635184291 1.200514037
31 104 1.09878 1.12747 0.788085 7.27977 7.27977 2.25200 0.682524 -1.893575485 1.218950419
33 104 1.12442 1.13644 0.816150 7.27047 7.27047 2.41235 0.611010 -2.113232393 1.163469365
35 104 0.967880 0.967588 0.707626 7.29220 7.29220 2.54801 0.477678 -2.326856153 1.038296365
37 104 1.09150 1.07195 0.804492 7.25591 7.25591 2.69903 0.353677 -2.562490608 0.8475647696
41 104 1.09921 1.00054 0.836484 7.24795 7.24795 3.16121 0.352418 -3.131633641 0.4313871341
43 104 1.08927 0.943335 0.844899 7.24582 7.24582 3.45103 0.533737 -3.442844815 0.2374082658
45 104 1.07942 0.885510 0.853074 7.24486 7.24486 3.76766 0.778355 -3.766194898 0.1048269348
47 104 1.07157 0.842474 0.858553 7.24587 7.24587 4.02994 1.04385 -4.029399773 0.06563211451
49 104 1.06809 0.823202 0.861458 7.25362 7.25362 4.16871 1.29107 -4.168370519 0.05318858134
51 104 1.06679 0.815743 0.862771 7.36133 7.36133 4.22867 1.51603 -4.228625455 0.01937305996
53 104 1.06679 0.815743 0.862771 7.36133 7.36133 4.22867 1.51603 -4.228625455 -0.01937305996
55 104 1.06809 0.823202 0.861458 7.25362 7.25362 4.16871 1.29107 -4.168370519 -0.05318858134
57 104 1.07157 0.842474 0.858553 7.24587 7.24587 4.02994 1.04385 -4.029399773 -0.06563211451
59 104 1.07942 0.885510 0.853074 7.24486 7.24486 3.76766 0.778355 -3.766194898 -0.1048269348
61 104 1.08927 0.943335 0.844899 7.24582 7.24582 3.45103 0.533737 -3.442844815 -0.2374082658
63 104 1.09921 1.00054 0.836484 7.24795 7.24795 3.16121 0.352418 -3.131633641 -0.4313871341
67 104 1.09150 1.07195 0.804492 7.25591 7.25591 2.69903 0.353677 -2.562490608 -0.8475647696
69 104 0.967880 0.967588 0.707626 7.29220 7.29220 2.54801 0.477678 -2.326856153 -1.038296365
71 104 1.12442 1.13644 0.816150 7.27047 7.27047 2.41235 0.611010 -2.113232393 -1.163469365
73 104 1.09878 1.12747 0.788085 7.27977 7.27977 2.25200 0.682524 -1.893575485 -1.218950419
75 104 1.08909 1.15567 0.762938 7.29381 7.29381 2.02857 0.542417 -1.635184291 -1.200514037
77 104 1.08198 1.21626 0.732865 7.31383 7.31383 1.75498 0.382505 -1.316690797 -1.160285950
79 104 1.06155 1.27489 0.697991 7.34211 7.34211 1.50107 0.258629 -0.9792796463 -1.137628462
81 104 1.02459 1.30169 0.661211 7.38285 7.38285 1.30082 0.236323 -0.6854541779 -1.105561788
83 104 1.02514 1.40253 0.639588 7.44927 7.44927 1.08108 0.280561 -0.4168717310 -0.9974647055
22 105 1.00448 1.32674 0.637007 10.5403 10.5403 1.17483 0.256369 -0.5258802903 1.050557607
23 105 1.02012 1.30400 0.656763 10.4990 10.4990 1.27951 0.238784 -0.6563125530 1.098356852
26 105 1.07189 1.25694 0.711376 10.4273 10.4273 1.58876 0.294804 -1.103330767 1.143150929
29 105 1.08832 1.16271 0.759154 10.3678 10.3678 1.99225 0.520684 -1.594055866 1.195003208
31 105 1.09676 1.12908 0.784612 10.3471 10.3471 2.22409 0.663903 -1.859377891 1.220358319
32 105 1.10487 1.12665 0.796434 10.3391 10.3391 2.31219 0.692648 -1.971379134 1.208254758
34 105 1.14860 1.15645 0.836013 10.3308 10.3308 2.45986 0.566456 -2.185487978 1.128950975
37 105 1.08709 1.07226 0.799755 10.3123 10.3123 2.66830 0.373338 -2.517539063 0.8841966556
38 105 1.09662 1.06708 0.811453 10.3082 10.3082 2.75996 0.322498 -2.647364166 0.7802571935
41 105 1.09959 1.00966 0.833805 10.3001 10.3001 3.10968 0.328635 -3.073748469 0.4712958320
43 105 1.09092 0.955111 0.842792 10.2968 10.2968 3.38799 0.490054 -3.376878946 0.2741101850
44 105 1.08658 0.926230 0.847596 10.2957 10.2957 3.54268 0.600079 -3.537574842 0.1900677921
46 105 1.07683 0.871113 0.854919 10.2950 10.2950 3.85164 0.852908 -3.850695565 0.08505551460
47 105 1.07294 0.849927 0.857579 10.2957 10.2957 3.98150 0.985106 -3.980909081 0.06810750847
52 105 1.06668 0.815063 0.862893 11.0012 11.0012 4.23426 1.56854 -4.234244524 0.009660880977
53 105 1.06668 0.815063 0.862893 11.0012 11.0012 4.23426 1.56854 -4.234244524 -0.009660880977
58 105 1.07294 0.849927 0.857579 10.2957 10.2957 3.98150 0.985106 -3.980909081 -0.06810750847
59 105 1.07683 0.871113 0.854919 10.2950 10.2950 3.85164 0.852908 -3.850695565 -0.08505551460
61 105 1.08658 0.926230 0.847596 10.2957 10.2957 3.54268 0.600079 -3.537574842 -0.1900677921
62 105 1.09092 0.955111 0.842792 10.2968 10.2968 3.38799 0.490054 -3.376878946 -0.2741101850
64 105 1.09959 1.00966 0.833805 10.3001 10.3001 3.10968 0.328635 -3.073748469 -0.4712958320
67 105 1.09662 1.06708 0.811453 10.3082 10.3082 2.75996 0.322498 -2.647364166 -0.7802571935
68 105 1.08709 1.07226 0.799755 10.3123 10.3123 2.66830 0.373338 -2.517539063 -0.8841966556
71 105 1.14860 1.15645 0.836013 10.3308 10.3308 2.45986 0.566456 -2.185487978 -1.128950975
73 105 1.10487 1.12665 0.796434 10.3391 10.3391 2.31219 0.692648 -1.971379134 -1.208254758
74 105 1.09676 1.12908 0.784612 10.3471 10.3471 2.22409 0.663903 -1.859377891 -1.220358319
76 105 1.08832 1.16271 0.759154 10.3678 10.3678 1.99225 0.520684 -1.594055866 -1.195003208
79 105 1.07189 1.25694 0.711376 10.4273 10.4273 1.58876 0.294804 -1.103330767 -1.143150929
82 105 1.02012 1.30400 0.656763 10.4990 10.4990 1.27951 0.238784 -0.6563125530 -1.098356852
83 105 1.00448 1.32674 0.637007 10.5403 10.5403 1.17483 0.256369 -0.5258802903 -1.050557607
