(1, 0, [0,1], [[1610612736,1610612735],[1610612734,1610612736]]),
(1, 1, [0,1,2,3], [[2054114794,2054114790,1027057399,746950833],[1493901667,1493901670,746950831,933688543],[2147483645,5,2147483643,1],[93368855,93368850,1120426255,1400532812]]),
(1, 2, [0,1,2,3,4,5], [[762010328,1551730112,263239937,1773405853,83128395,997540792],[1229607571,1371618596,2015863674,1260780718,495306718,1648713250],[1801115317,1891171081,387932531,1087596558,235530463,1752623751],[398323577,1572512231,2002008939,1336981750,716982450,1087596555],[8659210,827820295,183575227,869384515,1089328389,1797651636],[1099719448,335977283,550725643,460669877,46759727,1097987606]]),
(1, 3, [0,1,2,3,4,5,6,7], [[759878831,1999472453,1152372772,1717986931,1044007424,1889785604,2073478063,708339220],[655257829,332364411,1851461274,1360072955,604599258,730144449,1705212133,314523761],[685542857,1819744598,753931954,9,731796345,1975684951,1124620671,500859262],[1285737004,705035401,305933824,1216907399,675631394,1846835937,746223035,2077442642],[462534936,593366273,1362495765,858993437,224659844,515396084,1370424939,995110886],[1558302239,1235188512,392493953,357913976,818246308,1675037230,760759864,1793093778],[1974033044,410995342,745342012,1717986903,1633739491,2061584308,1064491118,174441750],[878265748,370468460,340954327,1360072978,1040152976,42949672,1330558843,1266244460]]),
(1, 4, [0,1,2,3,4,5,6,7,8,9], [[138638151,1471675200,156141131,1349576102,922120110,1626358067,1246405761,648785269,1672172499,810541751],[1610346770,1775323771,751785949,1529592092,1324140421,418599503,338919292,332445329,1143455126,819365084],[509087225,1891537378,1216243212,1365832652,2133242657,220425424,219470180,1061739072,684664594,1328588233],[738655844,328007945,1395713506,1166766773,1856539982,46577823,1678112251,1699242659,377623712,1091169196],[1942823664,507123919,152327574,21061318,1143973227,1349955836,902844055,1976812401,1174267866,1957165732],[125709742,835226760,560044389,1401837156,1336023674,259476245,1113635610,1815943102,559234841,1525698599],[1685972744,439216908,506269116,2039584665,1827395443,68790902,347013362,358842968,152507071,433739442],[473258151,1131278541,782176852,619020496,1130467136,1569708541,744821597,100353331,1101608098,1489238495],[1157199109,151129224,525506092,139673204,341986638,742541281,1585439546,804957705,575281589,635524975],[1066558116,996980398,1641754964,976234138,1141365329,1406118601,231704444,1237665174,1782169833,1517628618]]),
(1, 5, [0,1,2,3,4,5,6,7,8,9,10,11], [[220351323,1725738628,1958966196,1040821465,1406973598,605224413,1696849825,880369003,752634074,2057280917,788055498,682108083],[1554881686,57089944,274297821,955136969,579979296,379321507,737637719,892481166,42719089,646549086,1205910744,114838388],[1401699187,256419036,2054402030,1071757529,1713295079,1464763640,1588498800,725903418,1389574599,1290204409,1105153077,568264641],[1635498378,1145941895,294671355,631619563,371882510,891089851,1197354557,1056326903,1736808154,830256413,775824576,1925290618],[1526473227,1796574111,2090853211,218488846,176040189,1913965017,1925840042,293355650,203818122,1900917463,1471922283,1591822469],[1526987577,2037589057,1559986573,137811067,721954493,1141129248,1139917771,1304768761,47300431,1187761708,1300821776,565350699],[317035446,1047217246,596649164,1271575061,1931081197,1606522097,1899527733,1259848627,843723253,2088119401,1774118315,328271432],[1276763284,110365591,1796208548,792097826,490681831,1816656463,2078651830,1764190009,943282584,2063228664,2033200097,592362505],[1818242667,745402225,508202809,689061274,1164118985,1327312814,892502298,309899089,1988279970,518745940,178529455,479517544],[254010296,1465821040,1970374888,393223722,2117541471,105532510,1131022611,2028010926,999013370,545567919,1533021385,1459047533],[1124387373,1615493787,150585746,211196660,1831534010,307319319,970617466,1748059593,1360003709,1158683319,402577434,1986042994],[1676657859,1874929509,343218345,1655808316,1176987128,1419979533,381636625,1052697170,674486530,2098999474,2052776863,286569768]]),
(1, 6, [0,1,2,3,4,5,6,7,8,9,10,11,12,13], [[1919988108,540688860,1652109574,1144764988,1399452972,1192392963,360469368,667510104,1458985292,1457523120,1239031482,1961873868,1125120618,948252101],[523555396,868406919,443092015,877861891,1409708720,680310420,348950289,332501345,380107536,792640498,1092984158,1332412578,1903094007,785026546],[226552444,1928886090,478008079,89287379,245773952,366055157,957465416,772472356,2101966734,1441707583,1221147737,2134275215,1132274824,660371084],[2130958915,1854113206,1097754540,2125563556,1641347601,1105561268,671933090,2045947128,1980243819,2097725361,321724557,1420306692,1571953257,598953320],[979395532,1892612110,85987443,1888226570,1312580508,2024135574,450050813,591612410,1924304012,1547181401,467053420,791668464,1197050644,137462810],[606520199,370800976,1691721426,157054752,610642293,992262605,72659920,384279370,427210798,1738126151,1277945501,1922469753,1608973457,1496694002],[1145701821,1935710023,1719833478,1062202298,68836524,1951028755,1696663549,728220333,1968724923,203752508,1582127392,44910321,1969516537,582504198],[999793563,1269544544,541635718,888668744,73492505,397983877,2040634879,976283240,1249823630,485007473,659288406,957122800,2035783455,1152330807],[563670397,857179511,1558806007,654108683,497320794,1439009758,534161223,677524115,1503809708,2018014418,1967036267,1621426520,704463501,1671585771],[1376683643,1827834523,1981314784,316777473,1154753296,553398803,2142560036,1176425314,1724876573,1827905050,13064568,62816449,1828417784,2052203284],[1203779095,1954017298,416513326,1903242275,1568101783,165028572,1160280215,117539827,7261355,1311828233,1505089106,1945528401,1178254984,1841314331],[2002802501,125818069,1356448957,2075040457,1923254280,1075694024,645161219,249569384,724230204,1201533928,1861721207,497430430,735724019,1157159077],[335793159,1609993807,386811602,1073185819,501322376,1421184393,2009152576,1189739004,705876370,927760796,1429532349,1341851793,690028792,2002453514],[984231456,689179695,170237352,1118863305,2134014667,77231405,1415792634,520126448,2014198464,899202235,1022996414,1257294933,2105566726,264964797]]),
(1, 7, [0,1,2,3,4,5,6,7,8,9,10,11,12,13,14,15], [[1672034376,1026733697,1738471243,1975606552,423413083,93886051,1340213744,262596895,1221931066,1258851463,366078623,1932456608,643765312,717157518,704673636,1266098658],[1028305558,116573340,203228956,1450252082,785994122,668909050,1081464792,932389365,756468165,1597454723,1429685185,1443435679,1981212310,324938087,1241742212,1867634543],[1515368627,750951733,590133163,1668335264,774572598,1312950993,943554604,1278283128,1903299547,1255061727,2082484554,373877925,1565596545,205840564,654716669,665550753],[1560060357,205911608,783571092,961348215,1790988629,341190554,32843476,1617279766,39887904,1503249724,809479906,1724465309,1066473429,1682527057,348642823,790285769],[1581764713,1395887885,543857851,551427022,507515778,1979413140,1792201807,44124316,667061386,1515120556,1971771259,1669123192,1770686712,2127913281,396003266,366475008],[1296714087,418109630,2007120665,92561189,136190978,1423538379,639341951,673320307,1026809013,846419934,2144134860,2093130496,923540140,1914821879,46701017,1697304910],[1791770035,1790512240,903402455,164693734,1417708053,1758054119,162182788,659035414,1843840705,2084388205,767085343,1720682182,712253373,1243977833,1306047647,829812771],[527051389,1899690312,1736648090,1217573474,1425876767,207999027,415448041,393571191,598791694,508068381,224384970,1413902227,508959927,581465895,164834148,547002881],[683193722,1529038427,1532287270,640988717,1667515320,548260512,981926732,290584687,1927790497,1933711931,1502625419,179643641,720989651,1726642935,324512260,123709395],[594323464,888962306,241744763,1588776036,1261623790,1537964185,1576545674,666152609,110202205,1517912470,2145723775,715132966,364490989,1547495794,1919366373,1676158107],[1508681878,1034610028,1684046015,1544537216,1001259818,150855916,1800257343,1775711160,2077743979,1897065370,1214710080,387184118,967266602,2140012008,327987852,860528795],[490288467,900944802,913106184,691075760,1910533779,1326764392,1818157122,92547858,607292171,1290946507,1289110407,447131444,839517103,592117393,387910161,500434685],[2078771325,1842151310,1542256018,1254742878,555940450,806947092,2089115907,1737707463,286750581,951650895,131996516,288849038,2090371326,1301713284,495578940,2076359970],[1727261409,1675022678,1580422529,587265216,894478760,1171424853,521247934,1007030127,1338393708,1771173047,1578969304,275866909,1382106541,1940787507,263037828,1645682612],[1530038907,1528966629,1816486789,37656845,2003321557,1678653138,1495273371,352937899,69321577,698074623,298033952,686783104,1873110332,1223975552,1398054123,392712905],[1417906343,2146930837,1677571886,1621819441,1130801207,1633560678,560493366,117847168,1620491547,1183293958,1108222093,708377219,751906211,1786034831,1768304679,846172357]]),
(2, 0, [0,1,2], [[1,2147483640,4],[2147483646,12,2147483640],[2147483646,2147483646,1]]),
(2, 1, [0,1,2,3,4,8], [[536870913,671088624,603979780,134217741,1342177273,67108864],[1879048191,93952411,1415997029,1865626417,187904820,2113929215],[1610612734,1046898310,1973000597,1154272428,2093796570,2080374783],[268435456,1624034503,1160983346,1570347424,1100585366,33554432],[1610612734,1905891726,1114007137,724775749,1664299820,2080374783],[268435456,1194537783,1590480079,711353950,241591913,33554432]]),
(2, 2, [0,1,2,3,4,5,6,8,9], [[2087831325,1865626350,850045528,1961070264,514501401,1185589774,1898435238,738197504,742340026],[89478485,1544846078,1892470011,1058083028,1778384830,288568199,733276165,1711276031,1272582902],[507044750,822754670,1418233988,54432750,1988659341,1062557006,1478035448,33554432,251865366],[59652322,883152754,8947956,1474903504,344492041,961893921,764444470,1409286143,1405143621],[2058005162,1418681341,255013621,1733645743,2087085746,355676871,641113376,436207616,874900745],[1640438897,1539477343,2017739849,1448805800,1017817763,1729171738,1528441657,2113929215,1895618281],[59652322,1828045465,438444620,1045406951,773988814,961893795,1881136004,1409286143,1405143621],[2058005162,1590480069,1758252213,15658747,154350434,1214670393,512264339,436207616,874900745],[1640438897,1968974069,85004562,1878302537,803069403,1299675001,884196565,2113929215,1895618281]]),
(2, 3, [0,1,2,3,4,5,6,7,8,9,10,11], [[1833579978,1416864741,1492860324,1522783217,1574783977,851489110,5951125,585780924,236623188,992140606,1865926690,539786801],[265269088,2043161163,1456675723,1654482218,1811787231,384540254,1985001077,326800277,415640530,1509055857,40618280,680771493],[1678398584,1635512076,24067452,1659549830,794356382,1749901469,1957382042,1372358109,794103354,1385281087,1805822635,2126880011],[257594586,1562922952,1472544837,1362443540,1858033479,1376291794,2070155975,1731834916,167875432,563260659,1366670631,914287403],[1559738507,1008945076,633454357,1032714629,1228247632,1278577530,456565799,1905892472,1299529317,1720810791,1231747571,919324788],[1614317893,1403156648,401665450,987994967,381007313,951613400,914229486,341221969,2112054410,983171312,1579692673,390815171],[802444096,184905297,256603062,2043554621,1498042085,1384657036,1661503105,77271629,981153040,1680579374,2047156312,834651151],[1205491152,580675689,1261384554,1371693079,1407897593,589189548,586967781,466646355,480367768,179643300,1346552536,1823304233],[973776616,170964698,44777800,1303854636,44305142,2129603541,1336255430,2022449113,219919006,773328859,1421851768,1115688705],[464838296,1334257508,2066661671,250142397,1139220268,975836703,968657009,2085264944,1757922383,1402883344,216412750,693766265],[508903833,501415594,1183059597,768642247,1826219462,462671075,1311988676,1118595987,564029689,27464143,1058398872,2008812203],[2036420589,1807764484,1449884293,722871627,2018907828,473751824,1865365176,226857413,706853686,1342871310,1270896873,647070132]]),
(2, 4, [0,1,2,3,4,5,6,7,8,9,10,11,12,13,14], [[1421919950,284135372,1421393647,464185874,384386407,1875950486,1911570978,550801105,740064921,1344485938,1473378970,1632616405,1923007044,1019968939,2079043069],[935767166,1404553135,1240537865,1111877613,1564145854,333663572,1769642257,1401004343,1775258787,301605134,1831463911,549930850,435895083,761133582,342945312],[1489888125,1756130121,1704407703,1533211578,1526143964,1480144669,1524328692,1618346155,438045079,621297207,1285503006,1549486069,897992520,1143700823,422233062],[499108543,1683541032,1926676445,1945934854,577195293,786887907,628471757,1138630778,951118913,2142115697,2128774465,270962951,134113294,573664468,1153819475],[1296997083,1336743975,2075569928,861519840,416648205,1808733063,1053749741,1229433917,1044605147,925914623,944938162,549873955,226293989,346275376,463627316],[1094567041,1547061481,808719129,557899360,374008635,1904237380,601439914,105920304,1952921157,2048650588,1388179107,1963153962,126194069,1123864885,1723005931],[1137821024,529258865,1786183815,765755676,2096594221,593800310,694886737,1325886942,695396328,1647734655,979869036,1368587973,1640237595,111431540,1928823472],[850588248,1600102855,1217457031,391753239,1924693124,1436988416,1942086318,996847724,1121886429,314695745,1014660217,1584257601,324990019,1002367347,1532752594],[353845216,1543955132,504097063,1498878401,857145637,2070448269,1661236976,2138637122,531513026,100079139,776860456,667151634,1973476204,251712292,855100507],[1205731417,1254922893,2011916016,677016202,995134102,1633393827,2015186162,1184424657,618196335,1690714676,1398870273,1952482816,767526733,1812677448,1708362165],[1254476112,1067441188,1681308041,1600041255,261208275,1947958607,1075839630,960369646,471734191,257351244,156127445,1110886233,78589675,1251481310,121118706],[924731950,1145450613,1587944043,609877596,1290268229,1731193389,414398064,901503093,1695712170,480061365,951859880,106792586,299324122,1479668222,258405869],[1482985201,142605327,1295861094,1627503215,190950135,1637942111,1912832248,424286154,1676279720,1052482874,417056662,1765671572,430019614,855668608,2142356580],[1900538947,1313645124,967593894,1939811315,105607736,1968975297,1524183594,885309487,1179914077,1368756796,1026137525,760336950,969837412,1183444422,393153677],[696460118,225163443,1748204107,1551544677,712099806,1926488553,641611653,260380624,1648900058,1278621994,1524836720,1398723697,763197248,1217198498,404333683]]),
(2, 5, [0,1,2,3,4,5,6,7,8,9,10,11,12,13,14,15,16,17], [[1435121320,354116049,1777066492,24839804,1521332168,261153752,550071513,802034606,1989660562,681799223,654533775,1078925391,1128043985,629709597,1185054731,1481674558,614721238,1340230573],[1641901860,880706865,1687178395,1371469659,2136166003,820129408,463839460,1181358020,1865110165,898895798,874745077,2026757536,533115492,1103141906,935647260,947202758,4028182,145427180],[126368389,978630457,192143819,1479665381,2131654657,216662679,1543077801,567292273,1402803810,139166512,391522381,1337051598,309155577,1270702286,550734171,1431189365,1321758239,316165034],[369528626,1153556999,1197688645,1924034389,822569389,311343912,738967530,675867118,558405688,1710859995,894224654,1278246672,379025447,482219036,224033952,1973904626,725982056,1819312544],[1036366601,1549594004,2111531345,1858793331,143698028,334393063,1591051591,1684136705,226820563,160506298,1888531955,1745199730,406076468,1379917091,1078178201,1323693955,1772465432,693085824],[1394146089,181508404,365759275,28740398,410606388,1969994488,438235200,1548477080,1648065468,749527037,2093738122,1717170697,1524295723,1883470405,1516783971,1525705810,1925166924,142701170],[1039503896,971103768,2113698633,392438938,1365960493,306907313,1463671459,515788848,972298872,1766822746,1370624240,1649477495,1240134079,353927638,1173502826,2139578277,1734981318,657458239],[175746169,189846016,1983460330,198603414,792082590,155453163,1740751193,1346337098,1120802454,1269551079,587262960,1666203494,287971272,290643550,306990636,1729325365,916507095,2016938945],[1369301331,1558066699,1688647175,504809347,1893296046,1935662865,1408555929,1238769839,407455032,2012772941,552548047,1535889835,1686914410,1495593797,1654190340,659059980,2091458019,126175413],[2043437942,790718728,172412652,26195022,975300330,334166416,1918948139,1428801626,788046489,920556501,738169625,1799169587,201358519,446448246,550707039,1260978763,110444983,704107188],[847822807,2022943329,738348626,95814219,1373131558,1725679708,920686817,1027954947,74357150,1269877704,59935477,316153898,938080621,1410354556,1711962176,1984085543,576756253,1768833199],[541701406,1352001014,1502669570,1402208990,1727984946,1012505137,1843092181,2023228249,843700028,1573518291,339415417,1031169671,478471429,749368566,1848175933,1485551711,1080410498,31215237],[2142817209,1434535907,99943055,1715556489,1687906832,1259705290,311005250,74302247,504317233,915110932,1466022282,1584178862,1741386373,181135533,1680686025,255781057,819236490,745878250],[74009753,1555406930,1255987800,324191459,2630690,1239499889,1359070367,371055297,1821785149,908364257,1807931167,1741189866,504133433,687580852,543633837,272842036,2088371165,1197534075],[135780607,366957609,1943302743,245241586,1080611517,896549653,676578600,1847379486,1131236619,1552885090,1953297960,591663578,1930297746,896355866,1933295490,1615987897,699563349,601846076],[1263250299,586279888,1620015526,818154133,1681820541,1635967332,451440695,550682419,142787072,416368926,664575298,908019560,2040601143,606107692,258264810,1930275668,146055110,2042698363],[1030537199,217563257,831200723,163715492,607300712,2114508307,1274289653,809615516,570664010,719470589,914751835,1756425246,919268362,2077630286,389880997,174514961,1071904047,988015032],[78610531,1042349924,362158794,716951426,1292510763,1276044660,500506315,63789231,1691283784,59560167,3337873,6207343,493780284,1411763693,2071646892,458412616,1207751759,1161296006]]),
(2, 6, [0,1,2,3,4,5,6,7,8,9,10,11,12,13,14,15,16,17,18,19,20], [[34728832,1914261606,1751541744,1082781335,1134922114,1474296135,1952382881,714735023,902671178,2018103880,532995923,1921762880,1764998943,860877111,1472971529,282255188,1102420360,889877486,510134692,470860247,131222285],[1948568001,417700038,1443393374,255515401,2056370234,1419397951,862186498,1386934182,1924810951,2025639131,850944326,268228793,956936833,1255303333,1526036930,45052683,514293990,1607226359,224014898,1220795532,1422360599],[154090178,1825069227,1094325076,1718730911,1701989280,2002446106,1146068694,1698924249,737332043,409980085,1774065070,726825194,886800739,862543505,2000224802,1724903775,1352135752,2145918107,1100854091,1199158356,795255454],[300852768,1407312193,494450102,1405350785,459761162,710962266,551133893,1241951557,1011842725,1023600087,1637881577,386376116,1185289202,1595447696,1379043611,676481090,691227026,1185753082,1981090624,30578771,1261707395],[2023586802,1694466770,1119126415,2022864238,2020873787,2022691341,1029316357,1100860972,124528510,47989571,1859359112,1236490395,1785521743,1991952312,1726428535,1075471085,1119443494,1818360572,1143156908,457950613,528446039],[112996070,1459258180,709507394,377997604,1012119667,1700162367,1422708539,40352624,1589342137,1261215609,1521790867,1606326031,418182518,1125580978,1368559327,476632826,53921355,693229259,1696467317,733722554,525198691],[1096898150,1418807044,685377726,821559746,2041504387,268845752,1541544429,452121798,94885808,1408126270,1319179959,870598975,1216482797,1403329885,1455782051,996283236,1485411513,2062088394,1654428345,222139151,1477509416],[208766490,1233180836,1148383027,1919931187,1068399862,477494157,1694776297,1168925871,2133499684,1004540399,2003430223,1248059379,2027949856,1575101850,957532183,1245656662,2128728076,1627774245,1519477363,365951555,501148938],[213316992,1017990359,2132388597,1823817705,1414091228,1853524160,562341633,501882121,1633896938,309394268,2132823581,1336925772,1591043478,274544838,1949674826,1832702644,444531335,2054803264,1845170617,43774726,1136916338],[1494803285,986098111,1624673641,1920780382,1660329237,1564917002,1308327280,379854818,1705416362,1354006246,176564479,1041192255,894301544,1958883255,678028078,2062695252,2138907452,1798317490,1600090867,882983334,1298787725],[1959630871,588600826,1285319466,815900900,1860294607,2101354647,1258851552,442526866,1893280050,1385558570,1076635595,338288561,1714768663,801354995,300108337,576890095,1001709299,626106881,68267502,381662518,1748324245],[1083486909,811413502,500788957,1219762793,1909830752,1964128129,1602614827,524846380,1841088300,383491498,2022832124,803977280,1969369217,1848419651,195162764,1478935182,164962410,1988445656,1397583424,1650849816,87908168],[213848055,20241099,41423749,374156666,1875958346,1421971498,1006675192,1004970441,1632928920,1311428474,968389667,1008185171,999880537,809725359,751105852,250392668,199802531,1778074266,1713668142,1966689690,577744696],[668984282,1554924231,1393781208,280773507,1558036214,656769465,1622463920,1452248110,1117479759,824669986,1633249507,636248513,520023724,1515754080,441444832,2007861517,1257025091,1458599213,459105240,1555307598,1544809654],[1182589300,1550172806,407356555,1111007638,728252797,1586158215,450020756,687429720,756187492,1124620845,775251096,1244747494,8595122,1206554348,702556852,2084039590,1003916982,481986549,1070945900,1873791309,678897169],[1578716120,566723576,1855506452,1641753615,1025261541,1965369677,1630764877,2061001512,738182039,1458527370,589698026,303113943,1878761182,1346198879,744493945,1791117039,786280629,1360893782,1675494008,106755344,906520276],[250419210,1321213843,74796020,1692509802,1662100003,332748582,569768806,281454628,1911492789,919899340,432608459,822258108,1710666736,1634536172,105543299,2050793525,1392949379,1914221427,1843132542,408141200,1519373626],[733808276,1791632189,329427401,1010209454,1768432554,783969808,996018575,199826480,1062709098,1012037798,1918109455,878170891,1841751236,109054414,621148137,1327707415,1059293387,801592302,1885570395,1652416174,2120323186],[769220465,388858871,1707944235,1905030844,1877275338,84759015,650033791,1097304980,1660930866,1068362808,1817679545,1313383461,227587631,325643380,1779531323,2093663408,1261300129,1156825122,590895077,1915800356,149849613],[1157499915,66897560,1372419956,1510768485,1948006089,565310366,414564781,735564989,577662429,302372220,1176472228,1343182650,659809216,2096071368,1245467859,909014705,257064465,1356128508,1724838593,1084275643,618983294],[1631476499,4190919,201066068,1535870701,1681546836,253458179,796088800,1083394329,744648015,2124775190,748413081,1589474120,1381625965,1590175227,511932437,1116825076,1985407592,1658803885,2000126383,255990765,79512503]]),
(2, 7, [0,1,2,3,4,5,6,7,8,9,10,11,12,13,14,15,16,17,18,19,20,21,22,23], [[1065716510,1913374078,1006131207,1419475781,850984833,1643123665,1667217199,572179532,332656697,731355321,1660756371,1916940101,2113140685,868281843,1001219109,1377482004,1336588189,214174465,2008758254,1439661563,752814536,235766759,1133174834,12074905],[969714451,998417509,1745279553,867168391,1151366696,729754697,1676293230,464678570,500944278,681436234,520592797,411158527,396847839,619510158,1806933639,2017550717,664656755,1386508663,970578561,689184136,2100459133,2028963674,735021083,432457195],[805447508,2131470254,1091276525,315832649,814142468,152203119,1071937764,178263008,1666140650,1301165249,2025884026,263650718,1728556967,1725846499,223637319,663698139,175278279,1098735950,324219574,434405297,577383742,1080948729,2024478499,697684441],[399229067,421379005,1950554619,2038529755,974744123,2012272191,467100338,662394332,196117747,1728772067,20269810,626338487,2138840979,1919969734,789478237,236146748,1169198391,135859086,529667050,138216812,26334323,979551319,1401022957,49026061],[712507812,1373657676,920098026,1819870243,1611150799,167034789,607816722,252973444,492596875,391823335,28038030,321442208,1265941625,541249186,1868485913,4990544,1887304956,348989040,1397771685,1340533578,48106307,1426151944,779574948,1869391605],[1380327387,825547344,904783235,2021324974,636371197,410928892,836560754,1386556249,54086536,171707400,326264538,326884635,1518995125,1580127358,275160998,1826711611,131894688,1389354240,1776807424,1280692523,8990372,710231790,827188436,1945259690],[1145165366,1991253679,1109466368,624683125,859069314,759774575,145335611,2105342717,622515524,154261356,1979544751,1728134873,1167429110,1521702427,34893020,7544133,575479421,1782361441,763373357,2132090008,228549243,1761358119,1524386676,571980756],[744990303,1491786579,1224353412,1126585986,2039888674,1063156126,499989171,210482410,863589724,1644883521,2040695655,1670510904,92064584,2080775378,1402937470,541708062,1344802580,1233885228,407875542,307625495,921165130,1064108831,171316729,1648004968],[1706223944,581248312,1091420755,961441413,1395228079,1167838734,467526132,1530475744,46424206,2121955718,1147174463,1817417263,1913515754,1493289847,790635579,431231734,69081809,1662932133,209783192,1884493789,1362294165,1707347835,1832027458,1974564231],[1895152990,345671136,1688062293,1729281689,747659888,161073133,146618816,415120157,411089088,222521387,395705319,952127935,1965009487,1661369845,1889129821,1895948707,1297443338,749594745,147238349,705716107,1821087135,1149093055,451511435,1516178073],[1440667979,1164507456,1753427308,198733839,1373664909,2061588677,1572656783,897110168,1201697182,1144371967,1974075126,634513760,1937784704,483077272,1655364250,46516059,910774921,1561498438,135790777,205263026,1231104940,1897078172,1320600412,1719536636],[1909491029,376970447,1627855950,319763685,929926191,628146431,2138170857,1165324330,1415179738,546860738,1037693489,1761453627,880662578,596886440,558162334,608634189,1271369244,258736858,491895763,257317079,361922058,289685653,1241765381,908994603],[1922440507,1474127857,1178509336,1412648054,65730928,1256881453,1063444605,1644964116,402557655,593994560,700038575,243928793,438032715,269420440,1262533601,417918945,1729637799,221800086,1061452384,168476601,2044544448,1609400196,233027998,484740243],[258688337,1811127575,330099362,1541559075,785752023,1256209440,2000547591,1139122529,975782914,1877653222,341460785,353159380,2085187755,567155059,1418372650,225381725,531693345,23837548,652012933,1382203688,1170208672,594258304,369770237,1142019452],[414882509,1219328352,1778295279,1235973011,1963577300,857167929,1697322369,1705486719,410555004,844239337,1692664001,1924442082,1186705366,1674594927,1174013794,10794309,1501897841,1172181625,1332135892,1170711000,1053369372,1262792980,250148960,1671290262],[1883659768,1802721883,94725907,117070095,45055488,781471075,40959521,1146715606,1098289440,1665655222,135076184,283130997,985501803,1481145449,1934767631,1337019808,1964215196,788538394,177347444,1311173344,836747922,820119915,1892558409,2069600664],[1024905632,1895874888,614631144,1081752374,641650217,1410521535,857115996,2105271916,113145503,145789351,345498003,217172921,988191787,609865927,575790384,1841599688,1433702836,521151467,1867270577,504388380,655787859,1877590261,256558083,187091093],[1565493775,1176002691,307136766,534415077,807270880,1535463139,1846304078,1066914410,2003146711,1765714353,760972665,1167719086,53045116,922473117,382316399,563448216,1592527389,1538317472,1422440634,1697787582,211812146,42457201,2048675927,1515548797],[827197015,542805384,2069913499,624485865,1899934828,718572630,2058396262,1043164663,445449850,592958218,1766728703,1079032192,1815092265,875685058,272522378,1136513322,1458987378,1471014477,1850927818,1070014232,1265974691,562052369,1554508030,1296385133],[1642340547,1961412649,2081658177,650448887,1900384962,1712229641,772716620,1882699673,1006607694,1650398704,147514199,1522232591,1652071497,102912606,141483504,2108120399,1982903794,1563255666,468659073,401529278,218414024,319122612,816984646,1182176309],[1337823320,832034975,1680682260,1139707620,451384132,1615796320,781407075,1720458339,1884465726,945538104,583771082,330477631,1961826398,877145850,2089074108,871104773,1335142551,617215115,1390952084,876146234,967327833,1208541959,596136430,1960275529],[831332530,789696495,3706535,674866144,1784524319,217503609,1165977323,1756996778,564554092,242734452,710078361,107514365,1673424271,1072023879,1883625854,139936526,117077357,172456465,1881357594,1764675479,1152129759,2113636234,429023053,1982496619],[1057048480,872411003,1320458331,19734605,63497026,1225925411,358011112,1874017637,341204953,1479884790,468800653,1025734001,638889650,1459327067,1417885383,566090926,1706768251,258276133,468389637,1198349157,228272797,253606089,1814535143,2046778468],[1779046344,858436423,465819984,369202537,1857375517,740074839,1447377533,1459442776,413255356,1708829083,329034837,485670849,46369999,676009710,1729367983,2126443943,837883792,1249592117,1891872131,1156370901,922262495,1918012207,111284969,687665975]]),
(3, 0, [0,1,7,3], [[0,1342177279,1879048191,1],[1,805306357,268435456,3],[2147483646,805306387,268435456,2147483639],[2147483646,2147483645,0,1]]),
(3, 1, [0,1,2,3,7,8,6,9], [[1717986932,466005247,193275066,1889783476,912680531,858993475,270583116,429496723],[1116691495,1859291212,785978861,1529008570,96636766,987842476,456125509,1889785610],[1975684941,895069759,292056106,1829658395,1760936611,343597366,1697370882,2104533981],[515396077,1352055872,1486058881,1382979194,1159641167,42949675,577243627,128849018],[1030792136,320403418,1468877421,833225569,708669621,85899331,2056430182,1331439867],[1546188227,1028215257,807453958,1142461154,794568948,128849020,1774680498,386547056],[601295421,958207294,803158997,1005022193,1621350152,944892806,694925721,1760936590],[515396075,1255418909,1163936099,1812476250,891205714,1116691496,1629510587,128849019]]),
(3, 2, [0,1,2,3,4,5,7,8,9,6,10,11], [[239548279,1843361136,1073003930,205169424,1240769674,885441300,293635452,652408120,1174426699,1332971670,512266731,543260861],[486435211,1571706245,691966636,1963522142,1320392989,1753678809,557478501,1889335433,1711222783,533826585,1726779718,726909552],[1817271769,1759815401,486472109,918287588,958822728,1319016259,1957266069,878284199,2114940957,284938072,101372235,415797675],[426991409,1477845365,142753920,728200918,1477256100,968533707,286776347,125910784,2091252098,564791664,265766640,964824843],[1015866149,383686917,624542022,76610288,1580596540,584671208,2106844141,512496997,2003139862,1377113457,1551624865,1065010811],[232603381,44497974,1277978548,922662691,1733092181,272516887,1862322066,859327348,1294880138,1091057943,866861732,728204812],[1241395680,1277883355,2006205556,1008943781,336171816,1555551062,1273436396,716756623,2002345445,1064232268,857183545,96137082],[158747076,1154414927,1856995252,76564393,73584791,1706176991,1073166151,3799431,1016865513,1506603292,1437266640,1776137379],[427820375,945586884,1185051071,891484330,1503223114,2028662986,665596737,1679071548,917688889,1345543018,1077877445,587683485],[1480943959,28867906,72732271,784616738,1576941568,1152501977,1567071848,1369164743,1029288497,851015770,1369450276,639397943],[645182287,2038926448,1475220113,1610589712,2038222835,882875502,1630644652,1893134864,580604649,1052587377,1016562711,355563284],[97608497,987415364,1886271540,91785008,99813835,770698861,475379159,409872100,885146199,986235998,1179249680,1003481160]]),
(3, 3, [0,1,2,3,4,5,6,7,8,9,10,11,12,13,14,15], [[1139144869,1745504401,1753519147,345530613,1034500799,942125074,251987686,1611415377,925373665,1363836911,880237930,104518023,78090581,1488330936,1245978070,1511208726],[1194281168,1726256750,744684277,670834169,1700168853,1833965478,473078400,1169989621,1832100191,1297282525,668768155,602842643,983957527,1414759039,980898155,1662023259],[2099518016,1363011681,1557222561,283168480,1963108672,1695831980,903416062,1702124639,244561100,168132980,1166955780,1622293945,883600725,797180967,1893319376,1592071578],[1376434143,646296150,1784943307,1320634154,1259296553,971258004,271868380,1528358183,1306980091,20837,1986860593,569591923,584053651,533058314,453658776,1048143917],[1163608491,805504774,250633805,711835684,387450192,1751058061,1391260047,1191717579,1657905024,1251941845,2136834303,1405208041,922142750,2104071913,1579348474,1660493293],[1617509331,317816964,608740161,1962366505,1263376684,1127164926,2127071977,1992119122,1938222449,983141243,326648603,1395065226,624598981,1208415996,475071640,1429398509],[1649896575,1088722162,284442568,740075685,91566949,512601777,610363755,135262484,849966132,964825153,322757674,493871301,737472271,1371741953,1387888340,1604594102],[469684822,512964556,1577627830,1877580914,2096716398,1581994981,1982794175,1714451737,637049983,1736059704,185169754,389105203,1062081942,315702575,456553016,789504212],[1659946055,1999098273,1632785183,1474850911,133579331,279144431,173327501,388781840,1833118478,140202326,1973850197,1654287541,806208580,483171731,911551569,770806141],[1166434527,1558018276,771341393,1394565974,1930475441,609829125,1499643477,835408616,2043922340,437511404,1057904016,423426392,1600225393,1310473169,900925715,1006559059],[113374048,947440020,868934030,833554757,1173415703,1595630809,98745335,961270106,210609846,1606603166,1611128886,228572867,253290663,1249958128,1839878639,1876186371],[277320064,534411872,364225708,633266568,1615829240,2081042102,1344861747,1417490736,507394003,125455379,1506688177,1864495790,874233842,737257047,2092809075,1512857537],[1381842559,162442273,712778802,2077493578,582184735,340512475,172257410,978845700,118925874,1825311252,1516688381,37945043,1298283870,1531955300,1857120454,88741752],[587346412,1884431145,272884091,1594081297,431568298,687617527,512009878,372206797,2014871154,432971395,51448689,11630147,2085245446,1481114698,65841666,751566106],[1451167065,1232638747,1294519227,1605122912,1368221033,995329587,677322619,774338491,1721255223,1717996192,345992159,1903589313,325265495,817521693,1614079687,656073609],[781529873,244824490,724818302,2051328887,2117587456,199690975,1549126506,1034613880,1126581790,1274974991,1838162042,323501156,376875207,991830467,291675399,1996232612]]),
(3, 4, [0,1,2,3,4,5,6,7,8,9,10,11,12,13,14,15,16,17,18,19], [[1023500957,1939104682,1287691047,13288971,1620450792,920802311,601656344,355871019,222899221,491752651,1298434833,1155317302,1889532391,640842424,956841605,1746299092,543901642,99615828,2132819696,1425124426],[360881515,1404009457,67570843,1605040383,2107984134,790047525,15388954,1459304110,720264763,2113684851,704786528,1085474645,1674873624,1904132230,1865308025,2144739070,802836072,216544120,1672014934,598399440],[1149265811,1268702218,1827843289,1907554021,2134461885,1041101447,1128496506,2009873362,961970132,449910589,1074688283,1096883738,1975276991,1828218297,1956692429,587445595,1285676403,769924649,1607000240,1229781428],[1388650831,1601571097,833049620,678691024,413044011,1454813202,1669584265,1756068899,702692157,738337689,1928215498,862079327,753670179,1788309652,2134987695,1654014152,295811898,1781127726,1833820729,963983875],[596676696,2103057380,679886789,1290184900,70326047,1389530567,1528306938,1536926643,771982086,856841639,338533678,186476417,677490130,138652893,235570961,1842062494,2085439705,1253415766,1435237146,19647573],[325105347,512456883,1133043436,374105686,1585105211,110843191,90720910,10501571,1190306871,1411358654,1353646978,302554781,26438355,1252017205,1422608377,584633235,1512546279,405338363,300578905,328118716],[3120537,1872131736,348836012,1588560087,525831442,652575680,983732909,1808122413,1633941046,1494169400,369673186,294138732,1780664158,194090371,1242713984,18752623,409380000,199576923,1677525094,2105176599],[223879573,1908372628,1784426573,522114626,407253559,109978585,2147480826,1326219097,1326203703,439510138,2034995225,1609093260,1409658180,43450355,1528922787,1127260783,978788991,789523368,878067533,908665915],[1705060307,1389304892,1108044727,2033076806,1050632403,1786112050,676905033,1732855785,859195480,1620963345,792061141,842783722,589217794,1501822183,1673344883,1607088429,351851431,2092467999,204065019,1705802849],[174072011,1307712307,888404279,447657917,1087044069,1267606001,1719049656,1144194109,1132560406,1749668731,1692402657,628980222,142496509,846563256,419294369,1232134516,1223314672,179213721,716251294,1369304804],[1834983589,1290475409,787546913,551739123,1456843060,504373165,1997122780,1703325339,1322941849,2133379217,549004455,2038209318,126801148,1131428571,14161468,952173552,259403641,2103564237,1024973875,1429555980],[1834743337,89241163,1346988407,1459550691,730507794,677428328,2040717089,1229891498,23180008,1250538722,652633601,1516421206,486054865,19660252,1170158958,391532372,2057530128,40562045,204860914,1472955308],[1033877061,1049626354,1375815584,116071473,2089721663,776948480,869064764,1714822619,194949864,651756187,131677833,1979326069,245297846,178713667,1479408300,1494623851,623435156,1156524650,2001075395,305330825],[1963268247,1021524395,2092882687,2083307286,1962064165,743772835,1994159369,406415317,2106838063,1593314388,780052442,1064562384,753322585,2021695976,631930946,1620377047,894515690,2062010903,404304419,410959929],[17918531,91251750,597290123,1738053449,1023170011,102317049,1269612468,473739288,1747586298,227557943,1861398918,1018697960,994222370,700445999,1739150013,781060750,1780538275,969142452,2016870410,495687543],[1602616180,336051900,1626391176,403355520,143789262,1713553384,428657758,1378080168,54770693,347281912,1878377537,26748595,898853522,699621005,1600713062,993141904,712806280,1910673561,2112382425,869543264],[326912658,2120304588,2019015918,1389775166,1527282101,1686779994,1224955522,727260203,401408971,1307663376,1808051414,1913804358,89776286,100037821,1075245016,701331649,1158215497,1860507138,1992645203,1790562513],[1561723278,1428576447,1520259565,1275507644,672182647,880060636,280482727,1585333654,1506298300,420146063,1650552049,552875257,710049788,397958544,1113479590,2126835366,1452916836,2139597216,342956719,1985654665],[2020568053,919636467,1197200493,974337434,1710692709,280197869,1820282368,1080230332,1659957610,2123260662,1753794776,2064879314,399458898,1746977223,297344266,718592660,1224123703,335976073,1513903884,610404671],[926115313,390890188,2040831871,186064875,2106176596,674529523,2033392885,1020822844,87015275,1673736546,1490965250,1756491157,823706464,1366814757,27897741,356792332,972298914,1883328120,664771310,1468669405]]),
(3, 5, [0,1,2,3,4,5,6,7,8,9,10,11,12,13,14,15,16,17,18,19,20,21,22,23], [[889673638,1837553267,94271099,1688103070,234227985,47976924,1611515321,1111102295,81962703,1588448127,1236723287,1664618367,1558134603,444212621,1470055249,1275009964,1987522935,753976017,1283154659,1185857894,1963560944,122476033,34759353,2051050413],[1488450642,186834208,180240904,134249009,1473448820,952155417,229914638,1520259703,1346879504,733938634,2063473984,1985677178,1548653473,2115841959,560231325,1322696889,1044843528,666045286,1005870204,1000197258,318158472,687006,1125814965,753851059],[49980463,273069716,231305296,1631261604,954925910,803876650,904031478,501086106,909812822,620841832,416725965,1104116123,1965485512,1358766438,1564380918,1533692586,1101179868,2015227455,1861241804,1576136959,405162779,612630712,1798338910,1833941921],[1120483608,831101189,223289958,804562347,777537790,614055206,1154888898,1081372860,1686059275,1064159954,1558076939,932552343,162230568,1398250848,745777361,1737551551,1753751084,1722976824,1868284399,1623878978,1767063297,194803279,1817610704,1554684749],[1990069090,54785462,572985933,1083445332,795399523,359580624,118267198,287449953,672236520,237777943,873561196,1001346883,1891688355,536518178,236878919,1042688558,1446418151,397965050,895575316,610946198,161855899,1653799219,1120536685,291913067],[2137705690,1571184193,764684289,1327329381,1610032176,645877633,2105351645,1890882468,1998474168,1565309922,1112516782,2082387935,1154218973,1063326498,847601535,1367970223,1871784624,969369043,307077488,470661791,1087893714,1705693628,840405122,1287097832],[60950230,1524369032,1876440507,770030450,1528325691,1438754513,804540062,1010916889,837036733,326918131,2036333701,495075090,1903436574,589369855,617753491,2004434525,278321779,1217889639,1166024433,147096227,2015818896,1219790466,109866275,1053217796],[1758924393,976720637,1326942382,1496879348,674722015,1913495811,756921695,1360902398,1540355687,1957757586,1073209110,486345610,1250766615,678914254,394825809,677776204,588827972,1024996151,1840651678,537860146,1419539026,1163248122,641815651,1377435581],[383797464,615570384,990591850,1840141834,2044932328,1678258704,542370361,2072620916,1988354569,61923439,654445987,1883735878,2019539308,586899526,609115865,2109618384,34940100,223183546,1991802134,243673257,395296663,824038342,1820906096,668874353],[1957651066,1249180393,634568339,1117242476,940435925,1341247415,1093507476,1574991510,498823279,1152306788,299162552,1638484215,76605580,1677417524,2006254764,279488696,1911279587,1283638768,1537439580,227913527,1385886578,1216974403,1115621530,22995487],[514266220,1237058538,1688567704,327845137,614855931,1979089442,2080915587,1870632473,299102367,911268077,191083103,886071876,1940876274,1926826424,95635317,1386738622,1269393064,594256797,1657248875,499858741,1034825167,2099820592,697306703,232669471],[1895641043,1025383644,246581424,399440314,1822054221,96331864,484604720,618104005,1497487677,1179902138,1779586980,1586048574,602362410,1255715717,771339836,1211946579,1247911611,980275961,1336967034,85762351,1942923175,1240749854,976645321,1967613687],[1323897016,1773269635,683183161,720586156,414262887,1794202995,932709448,719505718,895276332,189893120,2091956894,1419147449,446434731,519600660,1954616058,258495479,905897250,1093280513,257863085,460682955,1166844802,157429875,656437563,710277175],[493090284,2067942120,1049275232,2131932002,1856647086,1660747216,1997696506,2022028280,1373580817,1757911464,1321470971,390414007,1189277867,1923785370,1235214065,1918447898,1916471408,1042395289,1807271631,1687345938,1508362028,722202997,987739880,94634487],[1658053360,865245094,1585326911,1228035319,58178994,753500229,43197686,1724670272,1463498547,918818006,25782942,188129,1978218547,2006560056,1362138829,937833357,455022504,1742605087,1351292764,1574651673,239790340,377787728,1799819958,3024394],[104379661,525664694,2030474316,140971891,1081221823,2124102298,884766100,93155927,1791917797,918666608,2060919991,41430656,353360363,391284912,435758662,1116223213,1127085769,47031999,408197541,1398799266,657637042,2122230222,172534289,1149781202],[2014963132,1048701537,835214059,681322291,501246208,644488396,389190827,134733459,1403564418,623780876,1889544051,1690440173,2095588667,581252597,1816613486,1011206459,538969178,454586857,1768268382,1946908334,2074662062,1943633261,1280937644,1608340118],[435743936,1412627175,692451550,479898277,1908773660,1336070417,1276961991,1422631185,574995825,1853287557,1764352929,1054991497,817364198,1640763023,1637528348,985232923,2130962425,72424667,1824747017,1863700374,1781240377,2126731824,1919111876,934571266],[578014316,1103292887,1163096087,648339497,1215046829,1099483501,1912459108,1437169587,1345233892,1161677008,292658983,1971609984,1356054143,1926863359,363604513,1005040230,953519088,1109236023,1418137585,1782587580,1307598813,2036245872,183862569,1905413831],[2007915157,441118693,1429964048,426801206,1923042464,1590179967,1532258460,153898798,1384997400,428914058,149579499,835588207,1827238303,1203511014,542247834,1463902996,1350700606,1213571967,332485008,1945254073,44743956,1134319843,55478239,1615899927],[1186835576,1174974856,1871396585,153006969,1816908959,1351170637,783533012,978369089,1494240502,1472863852,1526048675,1070580618,853042220,513767027,1609794407,478222899,219015818,2003566078,568825723,945665716,889838600,863051154,297769793,1451332757],[2072508708,1151789663,381805482,1185144667,1857948778,423672729,1811834892,172786919,1717707047,1772615219,85626364,261122292,1219411341,451122650,523982668,2101322084,443441722,49271275,1067307888,755562019,1751030880,888421473,943703800,1178604957],[1858120195,744606034,2012512136,828573818,1075116870,1872958108,116634587,1923051090,533370401,200269787,1150151317,1544222941,978279372,1739213429,1730340286,56509142,1434151558,336420117,1099143828,1520518000,1858367474,1888461018,1807524519,1936124199],[2051798182,800314615,1648265476,847003325,234515495,2009919232,661964330,419792759,606767067,2112061144,1147348874,1576376133,1338603834,572626411,9416701,1684930846,1730452702,227096482,912630767,440802127,1838209681,1441191840,1432658168,1158424148]]),
(3, 6, [0,1,2,3,4,5,6,7,8,9,10,11,12,13,14,15,16,17,18,19,20,21,22,23,24,25,26,27], [[1236521975,385435007,907342191,1707798529,1033570273,1879823790,1040669236,1538854049,603031962,1750376492,433923575,785579594,811621755,1035012770,1581838467,19255399,1807287326,836951536,333969585,2033454237,879721425,1439960188,1803127796,1408378963,1113346282,713106064,1989434151,327869871],[1537676262,387524777,1713125803,1498215687,774865139,1322714867,1642424682,1918237722,1669522810,1433863494,58745190,685849493,304719349,1258467121,1600261776,466368260,279926505,35126279,669440036,540196732,650566781,1414545979,2053333087,1306088164,654848940,415553021,257662742,802680314],[930246905,416530342,1613523031,985235036,1779846088,479577700,621854764,348312342,605589729,2077366382,110441195,1490696658,1471610732,818230672,1631135565,1016286380,822887416,1244956370,355150815,377078763,2064752888,1467644513,154571666,268074590,1320164598,1572111449,1084505203,2137904831],[182599364,1057515817,2015897960,1065181022,216372247,567784961,119109603,654928623,1012931313,1746559933,1423975339,810422949,1063025570,135929545,109174960,1956415887,1459734771,63225355,1004173359,1558605370,531878067,857293757,920223136,1620514009,1353082038,1120027612,1724862765,2110769088],[604756132,1302607493,676365023,1494658302,585568095,788906962,839048724,399387625,1844229657,946215598,2106961355,1492896525,1427437929,1108953473,1203664893,1541991010,1346056186,1553415345,705634974,1410551834,36596608,1679087695,21086930,1509215038,1182939425,465792838,940527719,1958616520],[1609562708,1855249454,237581699,801722990,1091376182,115700815,1362260664,1143039348,105237077,1233673103,43643274,1603587107,1002001966,1061904320,122844897,1072808015,554404452,1153898052,230991303,666511673,1823953011,568511780,1550012814,1078083025,1047560620,917327698,921410661,1611120708],[1007237654,1490189802,217048415,1151854035,330052338,1066119430,223407867,737728747,653894188,1496573178,112239643,1267019442,1980067487,1955544054,414251732,1280384158,985424988,516385961,677189398,1976160604,677551525,158569511,1511042610,31648829,523402528,303293147,751111385,1456896124],[1323565594,1776348316,268276227,1384105227,331670123,926182855,260484008,2028259448,1781871437,2062317597,692721269,376390432,1969116016,1719967758,641251420,1294541803,978983191,1690569202,1022792196,1420413752,765209661,2132326829,103486198,1621906469,1918879439,1473363539,707618587,1601791966],[1314327552,1332402860,1223809856,1323836024,1653010501,1613738006,15286503,1491653872,951028120,1098041145,655286681,1502004014,1103974105,489046738,172918120,1475713237,1279312347,169158492,1553383862,371453064,1086679446,1757051951,2113436942,1941000685,1455313899,618662806,905842206,1486589833],[1962105327,1550161095,1934415568,1181160892,1092392727,1632057381,922023100,919764935,1000726506,170320929,891499889,1881947033,913367062,666668591,708083260,1644948716,1293435087,667139781,385639536,2032799736,1559018123,1836773871,1811953650,1288740625,1940265453,1526535574,1164971534,1673212971],[1383459402,2017093637,1475652915,1935620342,241840223,89703040,498463356,2062850239,1715674581,2026882285,1659835008,1683336196,88658010,1541565413,411508236,888129121,1102887188,1713032602,173426060,1997479295,25882166,1638020822,1729212847,1214125323,42951603,208315129,888955165,1680932165],[269866102,1440738574,1476266345,1487593241,1075314337,1565463557,1380095822,35403231,1823706091,308111375,1639304084,1984865888,1641632497,2085217452,86801044,1011937228,2032840996,210162571,468211613,841420368,779838623,985217048,2116819712,398630482,612734710,1948231252,472128102,273064529],[1783915354,1577314146,1659322093,773569468,1215007528,871529371,1830125408,1810634141,705976077,169948775,712163694,905482946,238346992,745783355,264462638,1404177497,452075438,1662656252,56751630,1548625081,1715580708,1560292584,480796563,1822986921,1764284154,182751706,1052089622,1219699230],[412147392,309892928,1018211378,1751648051,1351759988,1133106730,1362458002,754280351,1854355111,957409248,1598320471,58670536,1945396154,1257072169,1214159757,946213337,2079889638,1333664406,2009862171,1570607632,114513895,132980227,304776169,555335168,481853568,61571966,1201318843,1422281525],[488043361,2017227583,1622488786,768217079,2140333668,1785826512,270838262,264568578,862196452,1009405460,43968905,925695335,308224444,558212465,27312198,726288199,580696307,511725316,1533197995,1780961502,1795989796,1013993348,919777979,897753807,217538321,1298445802,645160919,1795982904],[448949345,231468803,281177775,723538338,2132632498,1720220788,651312255,987249162,944737544,765449500,1174697964,2110890106,807546298,561092498,1107842632,1183695896,1665173642,204491621,1093873011,1378264738,871930803,1526999161,1398760741,1624081612,94879240,1949134304,108440319,1972356441],[1767279179,604755645,888966696,603010732,53524009,1617632354,1202067925,916495212,284771884,363469481,1157692261,220068912,300787653,496596363,1229645961,951474496,1180553382,1330923540,1509636144,1517138238,1692522097,143375968,1860433968,963440376,1457711745,695686283,990694845,865524870],[1095152660,965716857,1607422803,347674623,524013694,161782166,505151925,136849693,1300938741,1597233565,999556152,2002586974,2100720504,1386602595,262023418,796208024,1778592767,851021202,2093116991,594676936,1846715687,329607187,1005712891,1512968619,2014861179,170749470,1299193481,2059471710],[1424997445,529255548,1213880579,1047079492,251344483,1958676858,1451871629,70411590,1961202233,1126682898,767783226,1447116882,1528564890,1400240341,597356768,1382441376,1966379129,1020549986,1169930330,745039724,825641494,1054925328,2012116265,476299906,1578218265,364446735,1339338199,1797234053],[1393096097,1590949415,1622940286,949763183,231218750,1139476438,1192538344,357675091,1928156667,1864395266,1856543984,329336610,1866976027,1398743901,1163579351,926901200,672050227,749049666,704095988,1701728376,1605046199,2003471759,1413574980,1043269686,1579310411,988883353,2136949479,989516337],[1957339967,1597244432,2143974156,2047373037,153571496,1931383536,17806951,686325046,163010492,99512658,328120315,8452305,953107747,694962282,821144987,1028662088,1865059153,2021962603,858537467,1426260352,321988330,417962053,1084111861,455949339,1582846878,1559231726,85270844,1447748440],[1121884247,1021030532,1869728237,1302883259,312451926,1954786390,1462673110,1426199755,687833884,901425162,298554050,1423182304,311770368,1985352502,1732473847,164675868,1629856958,1748999782,1194242449,483127064,1660560837,461336458,456898046,1142347275,464035322,913170379,527133776,1079307276],[969540436,556279057,1121499988,718868309,670899873,1894188279,460349010,1611474540,48036863,1318710094,1656186840,1222374769,1317904567,380516425,1397332221,2132392934,903675453,1322418831,248748761,139259832,1461216321,352111755,322119137,1896697403,1732736370,2076796113,540177788,21658961],[83300555,1552550150,243317224,509767637,677993504,757383744,522077534,1867289486,1586736100,706042858,348690073,973623603,896930215,833520432,1325969308,713806589,1917906716,1423384067,1121510647,882585844,573189040,871795542,1448396205,646514958,582765752,1834400216,551002372,1768109968],[447104917,484795585,585247257,108190344,958993699,680219258,586305233,2004046181,1117875057,116884545,713427051,445489977,2116695606,1540303313,81351189,186294240,879452125,1267895902,439238760,990542449,981433792,934819778,1241246934,896045627,1040993964,1256370866,1189985331,695746539],[289553087,850065669,1449484068,1151206557,1268273564,1172276619,1872048256,396104514,40156946,1839961402,1760475491,788086044,257619251,475832210,1758449559,1308926214,52621570,1990723904,2077628916,1665197409,1113029880,190116866,1750687921,1763623281,473189493,1132324918,228719817,550521405],[314927984,1810159825,406042795,1449884242,1130793494,55967518,92325133,1131764484,1286340555,553586805,1301539678,891751460,1350186653,32164238,1886324293,1121540664,389425694,191844755,752210905,681622903,775210781,1190776339,1497530084,335894721,1654249221,1312349345,1792362847,716511250],[1474729133,301686435,844435365,2071577428,440589192,1775518486,1534030917,1866518888,1347545148,532808664,1786435699,1486975214,1321642174,101756597,1148626664,960185459,779287483,1662108426,2039169920,1793113578,200919421,1019955421,1694905215,1457375900,2094404109,1362435758,2018407209,1787390068]]),
(3, 7, [0,1,2,3,4,5,6,7,8,9,10,11,12,13,14,15,16,17,18,19,20,21,22,23,24,25,26,27,28,29,30,31], [[297444128,1771752322,1077667556,218645621,779653338,1475780195,785053462,1451704054,486504620,1816259072,1945021575,1260758167,623105459,1569343224,190269203,566953439,1681964154,891196379,1835411834,488346683,229592063,614983576,898507404,1635471864,1804708424,395356073,115639877,2130842380,778902278,376848333,1141697486,1911707351],[634533843,1814304624,1503260151,798704722,1831572954,1478657974,1334158395,1865586208,1283427590,585440388,1013426883,1210354844,1681673546,1546277616,1265782914,786310375,3777562,2054274116,350944537,751859826,1724173389,1615503798,2120389641,1946472251,139959418,323866532,902227939,1441583079,70367581,456954956,612321634,1245987262],[733274057,820980186,1340160342,1250942977,616174876,1730448489,1446073985,2074382616,883827026,1381624406,462312066,770812941,1565960226,727580474,1093626302,2136770905,1012406237,776259095,714947446,1933943168,766753442,551770328,557175099,947757072,1931583358,1272514138,774827815,1517490277,888646583,711100474,1648303593,145259332],[1954731688,985866842,1358420414,1327351733,2079780417,960284688,494512153,1292480498,1350242038,1877110897,1865097250,882590724,576778203,2027317010,1539597119,819976957,264885684,944621338,1600312223,2115871349,561230260,1726878898,2049255739,185146755,1355119951,339027578,308637350,1855983697,9918400,124064783,1577782566,590119965],[410983901,793744399,134211065,674856945,1564493616,1782545756,958879519,1885081823,1268534415,171743933,1095238503,845245829,1537631299,1991061240,838655985,1944508107,605061473,824886699,1176928668,1237349684,633899918,770248257,2071580196,125346568,1492536936,750398046,1294435563,2140550528,576823616,612470461,1655265027,1004817578],[2138737530,232347759,1076907109,1816346948,1632369727,520066250,255184227,558160528,114465566,185368294,1151120131,672328717,169198117,952826690,667881749,1508197246,355077668,1551927773,1640663036,1351957576,699179577,1114080006,1461405025,2140006522,869595756,593506746,1459388346,1669920394,2094114688,971049876,275102641,1884688566],[1376984477,59036428,920741050,170186278,425004829,30877851,904841754,1090694607,957194295,144187636,1538695793,695656391,512943811,244078182,2009439415,365846844,1264587716,1526336827,408952975,396977610,339198194,1411774686,601673364,772263969,1756637298,297172264,2041963365,1344352413,538050999,436894287,1468839637,1522748844],[278446127,1443120980,1804678347,2032835779,1566286765,1557174084,431844926,2067345636,1684080736,725584579,1507865472,1926672763,521340841,301867474,426958454,249311117,128697859,485496692,220523059,286209681,1433983413,1681405019,1042581077,871303879,1206973863,672599763,203458463,560851842,436489241,1757252898,348726614,1030858635],[546026609,1526559663,71902238,875435328,1603886556,1010138958,441527609,1495048424,1549666868,783620030,1744649201,316777036,816870757,297204312,1908452722,491333967,2076164103,90744399,1788980649,663627355,45720680,1626995233,199771533,1328672688,903327921,85144160,1994546263,824744298,1509547961,693007749,1837455805,292898884],[1562658118,669539080,860282965,961912062,462953682,1845277531,1396928949,896978008,1759194299,1627640425,587625944,1938275449,1413930261,115296224,1470345029,2031477140,828083534,157331198,1054562381,467760565,561841824,1857718955,507263305,316127070,104380810,411112467,646739320,124838011,1488277466,322311037,785253070,1307373575],[773515541,294011502,175129962,1125579694,292506731,338784978,491733082,895374231,550665488,347562715,1823272581,1567855610,1812858300,16756244,183532862,1949459096,1250489188,1802121827,1631066778,1678013250,51114434,174298489,1558091530,1535300863,1700972785,372951742,438206984,507036854,2019812417,54484479,108912498,2134298339],[1254198031,1733118977,623971137,1340049377,713247528,1343345727,156976420,583009409,559381972,968115231,526730717,1795360227,1074196363,736569467,1552317556,45550405,2097348459,1825192821,1747369537,773601921,1133988089,929010189,1760148281,1299175401,1900369798,711547698,1773265714,155446983,2100960637,1594420246,684623857,1345452823],[1307379003,22943082,1237515940,166029908,1144280984,1506368147,662972505,1530484279,557651381,2085234673,851839904,1976063221,323501278,1715978285,489916839,751272473,1185761791,1313992254,1882330069,1244347103,1359948997,1146864238,581821096,1039631497,1087936516,1889308442,1698197544,583815241,458697445,287444487,1688083480,12466369],[302755353,1312466997,1155292735,409256957,2134316280,1137033698,1966094818,1193660771,547019359,1642808993,2084903592,713201843,1614944206,1969179351,574211532,1424939603,1315434593,969478629,2104666329,861015719,101823356,440991852,2075966658,1863859363,1657877206,1172788385,1678797531,2089652149,624503021,1487770563,1306901979,1260138373],[1735227911,1178871742,430037313,399304238,512338243,114625971,1963903359,820793753,997920214,481807254,1482092833,1989000467,198064157,1598839150,180199739,622642623,1388890822,1666179562,182383005,374371417,2029016090,1496618729,2107254831,1884131387,1805507250,398242290,750485849,1592152513,2030021640,1396974543,916763715,180893028],[764695306,938812851,394906331,836684259,1870360497,2100482926,1604228141,1080509253,186214958,890625431,1314137061,849672338,360296815,689984076,1265104162,297180523,1547772821,1516555436,237151793,947482697,1092347303,1714760596,960145556,1335761216,481049195,1516218701,648669713,396606185,445315643,1739728986,1821534984,642114671],[907497564,189895888,1430131013,1774674454,1945095846,274160395,314082186,2141316902,1822160028,195187948,230422617,1308561017,947184996,849381627,1124988567,1184261031,1241913157,139699047,995178629,174809782,79596845,1920919153,1333109672,155064266,1062452626,1406452295,1224252808,1862272704,1673584849,1380963518,1024871469,618643782],[839543949,1600920405,1796884851,785209874,430282852,1223405081,2066143316,1903978900,1304450372,1147937966,1000414828,734225273,806617837,436608534,1016522813,1822076497,1152262517,1762946334,1334649185,1378849067,1560714014,1636087547,905050537,1825724246,1394673421,1665367542,1502859109,1721355123,365778389,328439020,82563438,1376247898],[1380770412,502200396,599010323,1441707395,124315096,517031429,129585009,591908706,1070007141,1897155303,2071135099,1755637308,1592538092,1225017104,1998768964,1838797012,1983472346,120494511,773299503,177193148,243295389,1229827583,1837409151,1239942997,2078341975,520211333,449950551,591655807,287664072,7529880,1102723207,1962002194],[1659428658,1790223088,491379660,1553206721,1585288137,2066345857,738719175,556906189,652371060,1029315031,1443745573,1242381111,1039700595,994462344,1936518636,1675239706,860839682,1538340336,1226668879,1952578136,1384679498,770928387,1814296768,1594387820,391029188,1240095563,2044423024,1136204435,2071988453,135170393,2037551971,1559906987],[1340121673,1887888727,119155165,577978781,376864991,997357722,328555639,1027641346,530720626,870431360,1069642108,563565106,1883937274,1495381245,697877153,423681849,936813274,1672360205,1134219236,735505458,1490620662,1089824742,16839459,84398826,2072876401,268294399,255564684,8025394,1567670661,497402232,612717824,34931319],[50507000,2056381416,711534278,837197973,1375907701,93308485,1736102264,1915546979,847233727,43172862,1423832302,1199348712,454508840,189932737,774527642,1261568589,274566445,791622830,2143506982,1851374160,386511481,211061945,1731456956,490730469,788999362,1889651802,1381622617,624860130,1564013509,1419881031,1522094318,1650250742],[200275126,943969820,1021804826,1213336448,1820994363,927039797,520853379,102237324,372068357,966567685,451501491,1075831870,156769558,1922297577,277013928,1324133427,1160010074,1773216615,1059600352,2057723938,1451321648,1723295088,238159457,1855560489,529870119,125511944,684031628,399030134,1747165190,362604854,1933180674,2098442646],[579562545,413453266,2035700878,713589453,1046360284,998265028,33074115,1584500470,1828498306,2026670734,1416550415,2047993388,1084173711,2103265677,88666405,553835855,1870270500,581884377,206537440,522888343,221996907,1396769110,613911458,291152779,1380232779,1993601256,1098177214,1042077042,965120907,454152745,1552953940,538612140],[1706611630,965651915,564240788,454734579,1043054499,801838051,1016683308,1649443447,1916478374,2145283103,1876840895,657653077,502110407,48382288,875029632,1050914983,1261061008,706466148,835378720,1383066419,886045760,2013389087,1968967696,2054407533,1577846928,1757789800,1536388751,1802389290,1406292084,253564746,970540537,1813680178],[2036505691,271646614,587592558,352241211,1702322665,1918338181,676798989,1652324876,1544704927,1336275534,220113317,197108707,365461603,1416437335,1466010769,515780862,526534694,1979504513,1941595806,840423385,1190082206,1626794351,737212064,1996832529,1832330114,1226992742,1753622083,1344469947,1418048010,976836288,511754612,1951888651],[674791966,111552994,1463877766,736458852,1249554876,1511976639,1580784376,1550468669,1859202854,1906623713,227653581,129769237,1901684784,1742535278,1837828655,1773111241,1689093870,112814238,1315365074,1607687467,839696868,897214501,1398446088,1225282424,1919871956,1123126984,63506349,612287030,1514617447,283055013,1568561369,163234964],[1208429111,183339836,1937118469,54191590,804028562,1725081021,1318615390,37325314,1848688567,1807118848,1169431366,977196766,1220894938,900647549,2091738352,1064093465,1037215243,1204159672,1362271948,932458637,1078013195,1230277330,110480765,790737289,2029627019,1632128844,442521652,836399708,2046537412,1668464538,410164491,2069194158],[1050843619,1412823856,2076692212,1037860233,242925547,828881187,1906265946,472828032,1450609117,1557658288,431017957,882858966,1277167771,641340624,1459668985,1641946376,597626070,1186032618,1854978160,792130489,452496267,1130512122,316569015,529602767,1236444014,2020111371,175287645,1603111901,1992310189,1496249873,1329149690,1155257767],[446033102,125481742,1414812249,1629827061,75869282,1841807037,1120605404,1571889881,1826444774,1629950553,674948653,1607299189,1981521147,218816509,1116358582,1346588431,1731163812,1962145796,1188113134,1512520447,1781858906,248500703,721740826,829050855,287389617,1238629629,1379504915,760297887,1010524705,869731364,1759713388,893311530],[208837046,928488549,2064428741,1808686435,1261751483,1495658243,1934281624,698504834,2046489355,600575057,1431571360,402702428,267051643,773463503,1051526101,1575624796,1088142745,995815599,1731861920,671392071,728663826,316027820,1009857546,1302707768,344312568,738608488,960482452,224911852,513610128,1314955533,2057713823,1752535940],[1129613448,453574804,832952780,1705880755,1162526857,1905770593,1592586580,693018322,1110966236,758197989,2015693247,1527722910,1317123099,501371478,2015354204,212704985,370382004,1902581599,341810494,633936955,1180718460,1602863541,1367833469,1310369975,1893030162,1957931141,2122638133,1562335614,1680670542,754716604,84020095,452195309]]),
(4, 0, [0,1,6,7,4], [[0,134217728,1879048191,0,671088640],[0,1979711487,872415232,1879048191,1040187391],[1,2046820342,1811939327,268435456,1912602625],[2147483646,1107296271,1543503871,268435456,1509949436],[2147483646,1073741822,0,0,1073741824]]),
(4, 1, [0,1,2,3,6,7,8,9,4,10], [[67596337,1932995231,1390274644,171590783,280134821,1830300833,1892697451,1934295198,1433172321,1539116609],[207988731,1685748668,156251537,1915576204,159891337,1749705199,454975349,665563939,635145590,1349326892],[980874859,475888907,402734004,828751270,1561501402,439064205,835698726,1472352224,652871656,1952494212],[288636361,471409031,1338710346,1896628498,36534520,1029336230,1693054268,1280118642,1259890416,204738907],[1434290287,1268897388,876505929,744101023,793373010,1053670916,1720170795,1892489465,246487244,233987322],[1342151281,1948469658,877187293,1202029214,2136122263,1162241028,643517134,1485975488,715985629,75395915],[696138278,999770446,160156346,90101163,1685670664,1167232763,1667757635,97338728,1449696893,1981092662],[1751577098,211904131,701101426,1283893607,1606101980,119905503,1047899224,399546352,442254249,1909596536],[1744609474,831674146,235178068,231449838,1379823240,1289114154,101186518,1356502503,529263732,1177736189],[100718543,1939565110,478076395,2089621188,1802527837,751463285,1048445194,197745286,1478296802,1316178688]]),
(4, 2, [0,1,2,3,4,5,6,7,8,9,10,11,12,13,14], [[1250062259,153535901,622792413,2044896727,1770511865,26241442,362484995,2042433039,1589671792,879176254,1839626311,1194778728,1030296997,1641476113,668404682],[1365151343,1261834432,464140580,1869339579,121085056,1795188541,609283622,329743899,218325066,1649053185,1378809082,753054561,974415982,1040524435,884000364],[1994483682,144487880,1651737371,612458023,1280842771,1424268816,2059009948,854401320,2064197173,44233630,1480068360,1114423919,1732871428,140707809,1303612113],[1718854354,1672153058,577262922,127426596,1613948933,460904738,1576593296,1162246519,749842207,207207380,904211319,3358184,814202526,2020193260,601298844],[489759482,1066761797,808029720,297204671,1176828568,435244089,1247476412,1646061821,247751839,211318868,1974611136,948101800,1689568714,194829963,165191160],[1735447691,52560283,1950992911,973116665,1853707081,508479134,158294811,260554259,1672351598,596903716,976831162,871328713,217252618,1636776661,1492100675],[1330982673,614373686,697556602,2069968169,1829000140,190835691,1670120856,215996336,148066706,1342537708,1127748558,1470692210,1294648804,194827987,145617938],[569040324,851926665,672336515,350226287,562086338,252349827,1311444040,396289856,152066906,1815170351,193471101,1651260920,1428441511,88655690,838366225],[24941954,1683270858,1413011982,1329036971,203744262,736305852,1043470106,50021434,1780569635,1658322371,1978449865,1493503512,1837093052,215880241,815694605],[513831651,2020596923,591139234,938293416,741268586,1236240976,220073402,59326923,1108411513,307705875,1508826089,393852601,1656506414,1474702360,1197871369],[1785335621,1641813270,1171564467,1468794752,1802941517,2079056041,77872530,1078703674,607539246,1141741113,165818420,1656805840,2042078967,240193810,723250969],[1231042667,303772471,1015611722,832357972,393770678,1824748102,41080882,1707179204,1517899600,991421861,1357993746,877270137,805516482,2023616235,2073310971],[1545555680,948580521,636713394,460662611,1896594113,2122566250,1472479108,1570526031,1202774315,1977581550,509814307,1807923538,1902513763,1071177158,1785611546],[1773907050,658967324,1154548930,459588863,124811792,921182343,1497391558,60780407,1803240372,2076492341,1196614135,710320554,1675403378,297876717,1771942908],[1273981521,2112016850,870238148,1925217678,1898094368,1322177406,82428287,1924322912,14726325,1395443576,1089840603,469047011,896075496,1911479239,1466053026]]),
(4, 3, [0,1,2,3,4,5,6,7,8,9,10,11,12,13,14,15,16,17,18,19], [[362578182,551999085,1908248763,398143130,62962981,600959375,115498940,1564730306,1322708939,1402313840,768954517,646928070,1282058236,1378969007,1006474684,1540852695,1228289301,1501390474,21834694,478502632],[2008440696,395942216,349357976,1824130018,2106185069,14643331,656725777,1801841129,520005779,1908732134,1164067958,273529956,1694744778,1378392001,1107037749,349699338,1057912415,218984092,533337612,1211096482],[1328231337,837244156,1723698021,1397770597,851322195,928934725,1657637205,1399219987,1467028677,87551971,1912257131,800196381,940498461,999882066,917683313,1890819758,1757056682,400597618,1047209088,1887693654],[164231773,875257996,1316606188,55041706,1274082602,1449897005,898493400,969760005,1649207992,1749314864,2032103404,983209228,1257303992,1433317,903354391,1210887086,1766425133,1740787816,613152378,1287371027],[1087852965,1870048227,483751107,112557575,356287214,1354216971,863576835,835227960,593024148,1925843193,929581121,605809846,83847498,1165191604,1561321192,289963946,648717561,1239289253,670704733,11666722],[275848977,1746163441,1357772597,563584488,966628684,560054557,622446181,730923064,615818580,1179614223,159878338,1223337995,294746543,2102334545,1422734631,748204330,2096459688,1167218395,1392439922,1662957623],[791729813,1859776157,316656670,1505097505,1018542836,1819456828,1726413248,1506508561,987369804,1044906776,321995594,637848636,381457064,712502132,1177204781,1188426509,29556478,1987026494,1487321146,678526296],[1022093685,695311579,992810350,880877969,1245988987,936647392,1622278039,1340867460,1802012751,1118357352,1476887909,1538402743,1405784758,420203597,126614903,1999109347,170748012,64157375,285570222,1163613952],[1732289006,1932732234,44279203,1902363182,1469468943,1743023518,1348260551,2123367211,1872435311,2015469269,94885771,195421570,1203175265,712205733,1460612037,124756606,26253783,918656080,1492015676,789881306],[1178171946,2092360242,1423686534,1536767022,1049411685,849974908,885668034,1408144422,37126209,1836601002,474402431,746330462,473482231,1441052597,540214499,1258166531,579538078,543265316,791313971,1921523218],[1887228091,472226194,559114048,2018372439,2057013121,892010368,33131822,588434986,745125263,1205364219,638615559,1469614346,334743199,1473709127,971342813,1547951333,1896778017,1378887593,1247474344,1875672653],[463749518,897313820,447587273,1452987523,1668807803,2036708575,2110194299,1402361149,489106453,2107745934,831941502,1752029643,424671303,771965753,1154122143,427105002,484482994,940411016,1414855186,1186055377],[1134161628,802637573,713626116,1299293658,473440798,571529402,1101355000,2117067295,899187048,1326657162,1870152518,854323010,964911451,505474893,344570148,148896070,1315726433,364157023,1068072659,587262904],[2116993697,1726701098,1009782704,974991390,495466153,1955192282,242751345,298050112,806974245,66254958,1968362066,848110052,152288023,326706332,1163621829,619205443,1679492947,1247751198,892872648,122416078],[1032763255,657939750,1958197749,1382828331,425961275,1717660502,1531675577,222901823,177415541,1739893426,1374186323,56094277,1481975462,2143798709,1158371589,1166059319,1451973687,1914179819,970899333,840051544],[1284905673,1226913846,973273737,715223005,1126759142,1357131811,1723732665,1129704604,1413602938,16705661,221929796,1356066004,1259560566,1228155998,1109117348,1414432053,1342774349,1675846620,1428801498,146746163],[382855126,1170841673,2083571974,1956064661,321412794,1149284415,1133305902,302580488,98857304,328537157,993867497,1437466221,829329666,1388235398,1695617948,1337481660,728541195,200151250,987069101,1683010946],[1595054863,1720218187,1416779812,1804895619,1406278524,1005818429,589965018,383955437,11383414,2097252339,1257487947,1746641476,1478662801,1348390655,695928032,1047269840,60562426,242874051,2141378011,1216101202],[102447328,920234973,1075157212,1817669917,1557500117,1643395174,1895507344,218790865,472698335,1344495002,1301904515,582334402,267999426,238879028,1964453404,1569157834,1070904905,700449567,1395623298,103359917],[239899214,577080613,785075255,1435702234,552814405,1957654367,1929574334,1749197501,1323140139,400692490,1121230924,1705447363,749845751,1857219513,1157749095,1995370978,60249926,371474118,1243731261,399785213]]),
(4, 4, [0,1,2,3,4,5,6,7,8,9,10,11,12,13,14,15,16,17,18,19,20,21,22,23,24], [[1286291187,1769744148,1787857584,967957012,933955464,2095322110,1115261004,1326085830,694269768,1987309921,739729677,532633179,397982774,1449881796,1004648578,2124356239,873732879,2025757877,1221008112,1493552534,866773354,393803053,1038854029,1856692426,1611576641],[1613844173,616514649,2006415314,216479309,924092272,1419937802,595930624,301314184,2128182933,495633799,766747276,1862555048,647190020,889968751,155536516,1536405368,310080681,205771781,947512650,1013240679,1475930769,1060067264,562670172,170295379,1820281206],[833804084,2081622607,170511572,1130490345,1150655863,1444495288,906267089,894106906,1045028002,724080284,2109678103,827206119,2110342963,1164400060,1726049759,2031224473,1864300842,2118475701,357100084,767621006,1433326004,58802045,130823342,1061551732,699087494],[1143202783,775645051,953584881,1381558802,1695565310,1428265341,719674078,2076458455,607953933,547045671,863510274,912548142,2138643342,362682008,798324619,1005840675,531069114,827637728,1572761764,532035527,1180927579,1035851835,643444927,323792372,1881139280],[2049767516,2093856554,1184887893,771655473,2125040319,1228834279,1360478948,721278336,655819060,1719295902,20207855,823966910,292166783,1775450286,1287476443,1784832124,185573158,499976690,925964341,1142863235,2051306622,1791761522,424399455,1599373943,1973978828],[119810166,929964836,1955807956,1986348857,581887397,102765962,487671208,2046630338,1588792321,1565324740,664117599,1631411857,115713452,1888454559,1618818211,659215072,1552300154,1106902223,1292755877,884091543,1655947430,711460379,532449785,1741620860,656242986],[900214667,976850470,770724413,514688294,1762533641,73109430,1065653298,878278377,66602614,71669304,1864348515,1038672,571639492,489657272,328766867,424734695,2134724881,464422900,27255262,1448773880,117813189,1259683735,1966401417,250639063,1516878431],[625518811,806714762,2120405510,1602473000,1318901873,1026803222,281627880,494768068,1261971062,51504013,2022072964,1165123693,1948689229,52549279,340812126,1759252475,428317414,903018495,777195994,1825921725,813426089,1370563430,427897111,1390385321,1978603909],[1413185571,404136758,1386949514,525331122,1846300937,937143684,1852485727,531973931,1144475186,406854084,151472754,63806076,482346352,926870266,1869297812,171825170,618180084,1791548893,1413860654,999384183,1259579654,2023226039,880927096,1601048704,1591746166],[1154012265,1117721381,1144724144,808048004,691556829,1637210031,738244792,1305050687,1031500397,1501990467,1537706460,1910980367,654665961,1415297328,190359331,1513000527,262172678,647595496,1159484294,1510430936,1675150576,1245212803,1055069512,1633523831,390003214],[795675779,1239778999,1306748573,2113806109,1697217473,2112683196,2023186369,1825151669,1247130839,1932344894,553018279,335285693,2030302403,503785208,1340552971,2013955365,595083870,313432074,1426075809,1459650882,1550782471,1157885029,629265734,1046752708,457632887],[2512317,120141868,1985848846,359496650,816965204,621689051,1555143478,260133841,955400822,1411112045,904776211,207856376,1082836277,834153020,1887866579,751112842,215067019,1636107412,1037983172,1002816467,1570301061,703094089,118400649,230267881,1325027427],[1634602572,1056804388,1912595125,281099590,539553244,920885242,116515796,1075158662,63572413,592935989,455722061,430434683,36878598,1873206537,453915977,749396101,1452219779,1401514690,1530704143,1063838966,1006025060,430800358,1134541087,1105451159,1022766224],[1823110057,1033025879,662389519,1210657443,895038109,495005207,965799116,644335674,1401502552,362312516,1897878953,968920638,1090404737,1564444475,1237440453,1798838989,1529356439,1275033569,1901771091,937772780,1700553523,1295913944,43992387,1822433138,1061459460],[490890882,1864435854,1736707658,1911520466,869917751,501125763,2121527973,267708382,1497211035,1990089675,934870652,1413988069,1829027755,654908429,618688853,1091221141,1087821756,1540496414,170765473,1347545865,1394862143,1463959211,1628044354,440920209,1719652840],[721531994,1313253778,1225881042,499177117,564589632,278581115,43116999,590001889,89325508,1732439227,1520849329,1559480010,641048239,1978782771,1530974851,1624478190,401511586,1318427836,212379882,434307907,1466736776,1863207449,1436194681,1962222460,576166800],[1677042742,229706756,2007663291,155623277,764277076,248921793,1595176000,1817719855,2102251323,15057422,1483252226,1929450565,1870322195,963117001,1043524382,877740376,433962160,134864664,225749993,1811024287,56976249,412216658,236010516,700416018,1286814749],[222639933,729508270,372516450,1441592123,1212837844,113676050,1787497425,1675021576,993898421,2028479084,806878757,5579904,411107219,1967521594,257545125,1624107150,834675646,1340596518,305780070,1235890889,2135890015,477487783,1630905982,1589470190,1280147734],[717215349,821086393,678273074,930321249,447672860,603008350,1779257609,152246573,206970521,1352379807,904031582,1079384720,1579815165,602403013,354677071,464324106,565499910,1465868566,1219673018,1071284656,1209881332,518965088,1124118046,252912713,1232535964],[158912513,1336482338,99472583,147243603,1345035705,272117849,1418869975,1049434322,1896982203,2108571568,1345387060,720414234,145276361,1142252671,105163056,848866608,1665435359,892299514,1116218038,1764165543,2071667993,550706334,1809335108,1109037672,1218410647],[1073102351,338359439,1139251330,446011076,158783703,421623979,1451146715,140909463,1602715764,1120791827,1420484436,992597260,422249786,1551875507,1222876556,1559513485,872680612,1727109421,928669784,746746210,1080156710,179313906,389876420,300375781,1640075568],[1798521261,1493044315,973207247,119002455,996139952,2138189601,1876541376,1132893802,150185261,2113537645,1849076023,225289868,1465745210,2142579414,477010319,719213093,1708307142,351928691,2058690736,1027022620,1991231886,1872823422,2115455905,1537329972,951736181],[1184432906,885874877,395099587,2123282611,638909704,1284244305,248921957,1979861538,1836328341,1857847710,310807308,1582476407,1717640255,1415256209,1983870193,538962329,977374486,1617222534,1532897951,424017016,522229871,348389751,1173770436,1742666600,889896516],[347276872,389961799,1470088285,937966894,269125288,229967117,386379538,517508563,1728475023,1480333624,691131143,2145325984,321325216,823055434,823991047,1187973248,1642366329,1825647466,1040030679,1862720403,1259812634,494299418,1447384649,1665336754,1664114912],[972299221,657491337,911315226,482519145,2014630279,1880935876,718956684,714622314,1651013257,1660286511,958157701,1611530273,1273681401,2082682364,1370463179,1987016958,774770582,1287302099,1299003701,286006765,1619929161,11533140,1982064603,830057349,1242642919]]),
(4, 5, [0,1,2,3,4,5,6,7,8,9,10,11,12,13,14,15,16,17,18,19,20,21,22,23,24,25,26,27,28,29], [[633730849,1156522974,1757480171,842669803,1926236837,1973770216,147365028,1261057657,2050046912,1541603750,228230499,645617759,1141419953,105152796,132003582,986057995,705902721,1468705692,1208430865,1610520863,1177688095,353635746,181215939,1479249977,373677081,413953208,2104008828,1359004443,1732469171,1644833938],[1110598918,1185303817,551813467,1700798813,550417524,413410562,1810883565,1279326182,2140662218,1798918219,1379547971,787946341,1044389821,587501195,1754820669,1957179195,361198560,1585794485,418985653,349142641,1767584683,1760343057,269422319,885435673,856814836,449882830,95322146,1556393606,474098342,2057610751],[170858280,979085790,732298008,773941401,915734422,266551747,1651136952,1082831797,967239255,520970486,1706820125,1435351901,388199059,224005022,289547603,1746639656,1114001278,1917051962,212007534,359565140,117467243,1801523292,314738416,398937761,1760132104,65984315,756358730,2088275721,1267717207,68642771],[2029963758,1787906805,1579595393,2066949041,85999519,122869212,418862280,841044438,1059584040,196950192,480540098,1171728034,198366235,103237713,881591693,38486888,948733275,668365711,1996302300,1804550193,147358708,907914762,1149558567,1667495418,1786882133,201466556,1536731076,1045699112,851052326,1652581604],[1036151405,968549679,288457925,400936658,678528741,604843496,95278771,230396293,118017556,1686667548,351577580,1176031609,1890919000,1541448397,21963231,1932504287,1311610328,790773131,796069142,1502133397,330293663,2061913176,1340565449,249531473,1225324437,1197252761,1714009494,2026102665,211941400,1106114659],[836774084,864936374,789695803,1945099032,2041139471,132938730,718772822,750301487,407238770,504002075,1866041877,1231334312,1319162310,1651333986,319498774,1903656765,1665289388,2136493833,963848561,1462860700,1632163996,1730432630,2032402169,374219456,1284674215,1938944702,614679763,1144825151,863378725,419340904],[1347403694,1400802820,1350476024,243632137,1336330867,1533760305,1505247762,1223023735,1297956777,1243814259,499950169,13261162,1542574419,1833651560,935341024,2135970911,1030180621,1229871823,1919683505,1735880992,1923669610,359443556,1229583780,1746984327,254849849,1659607353,1206986876,250442514,2013702371,1767943848],[1057365174,1167910420,11184364,548908557,145766249,1090570760,532836789,31877034,1728144419,2032738327,1610958116,816769638,1992519876,1580737039,1948083273,1361738094,1261629856,427013161,2081034845,1751352477,892026717,1316422788,323559118,1347597942,1843575276,993319924,432922696,1584323456,1497876851,1750326673],[976880680,1883663930,1693789255,1922732710,504895081,699363610,1696750827,1799202889,2009886694,912155505,1407775457,1276925326,298654538,505496381,557428750,688784117,1636014748,1774413786,1273757316,1270496804,804093780,1786172251,4669291,1267508948,822683359,327914565,1227261751,1207287496,249749848,357138358],[1476521214,570843601,2137511309,701535585,1216851456,824963739,416751433,823894138,631053109,44395124,929449221,300115130,555851124,1478167846,1367663724,1298501214,1376300900,495961807,1432741412,554071417,1978059467,1980426886,998057357,377048071,1546000372,2044642463,1192546009,2099121317,593815470,263419905],[854225896,46831385,737067121,175254839,1254915273,944567944,139852349,643635396,835374172,659305273,1239284691,905615449,1999198745,342217614,31664383,1612874647,1036617345,341228081,1153493387,1042295341,1525915784,956591638,643610474,1971892776,32501336,1213294860,766101972,1346066388,136825139,985552999],[522263976,923661006,250508339,111986092,2103888710,941445848,800314740,1436437498,1989745270,1387639623,738873046,13305438,231102217,390239747,1775841591,1841726226,687385728,1089243133,184236803,2044957503,1443844481,1757174998,1071931776,1675940862,1018320425,1398814261,562993691,1362621878,810116625,2131908245],[1138369846,1640242058,1350828503,413546714,1794619306,1056662794,147494759,1510521575,1303718428,79526939,558929737,599698621,1085580886,2069323633,822949666,1588909236,1454275538,826074851,1731758982,362096220,38803464,1476349849,1021347742,1385271216,28611792,229122673,852799908,1240666000,1463190815,1040081439],[1705264044,9451906,1559957323,1289587255,1388300951,1056326572,770812391,1865499213,169217456,939806729,253451731,981491826,550789054,1220376647,73497955,460219523,1594011618,352049039,420472425,408428455,919419390,1322307069,204330929,1563813110,1840641821,1099751440,951734185,168749447,1597096667,289183081],[1060985587,1505383153,1312879629,730997718,443459393,115304140,1378043384,1975418136,1111435017,979174128,146896817,109077476,333178008,1446544839,929846946,1912492384,194798552,30134508,1801573004,20680166,955572386,325053713,695832325,1173715361,441817565,381795768,816946419,1919052460,2044417992,1339437286],[206563193,111996709,2062384275,359006468,422139911,2085272101,306374419,524765112,1204529323,1251150449,160187094,297703400,1503835116,1536202570,536716116,413946386,81211292,1969790058,310353367,838701188,1484939968,631130532,340001928,1046683586,2132816191,1469799321,550337894,132816263,924097803,1465149968],[1181202501,346586348,1441454044,1328675446,868757031,161210240,858039024,811937460,1582396209,1565124166,1108139995,577632957,27319484,1227966857,420495004,1587850432,1693975140,1626588061,37501734,1654452774,17484350,1935793876,141975295,2088373668,2133404199,330776369,713910093,1114746639,1533317205,947470551],[17326929,669002197,1663035674,2062876192,1299675830,902181155,1877228294,1777960566,1936001581,1176956057,1507196011,398332943,2081150181,221152534,614578022,371440398,1487256118,1702278625,733185619,1869014103,955857677,755937485,1705423531,1487992484,1915420818,928124267,967173749,1208951578,812118093,1583614169],[510290252,680224121,54294820,1898452213,1183677571,1803243783,1131044241,804249903,1442878571,1094443055,651542653,952184430,2113905356,1647089880,1481305285,1340657898,1656457429,65080473,536360606,1997697413,906169938,1641585821,2072728492,622001103,1435147074,1644222774,276504449,941252424,1749833607,1192036586],[13044305,751923549,1512926775,349731027,602596086,492155640,1662108995,456030754,529357704,43527585,668101435,1977126085,1851999593,92972748,1467366162,1645755213,1380950966,2021801837,236855028,903307565,747474959,12173149,647530005,909252740,635632725,808130144,11652694,28487335,585810284,174122090],[1529909403,1114035039,356891734,473312477,1304232358,566550993,1908770904,1684410005,1954487559,1126995643,1054583069,1066664684,1063738526,1396486723,602264959,543130687,1014657330,996919679,800174508,454271206,1111759618,496418722,1076171876,1504019372,914156597,1916822226,1044672113,678130530,1078616496,1598111012],[1074134725,835911287,1930385331,1804456566,153645506,1366763115,1399468825,1093689233,1914087615,84576984,626794502,284872549,492042143,1485021860,1141731465,1594893714,850212665,915748993,353060582,215057758,304331129,1982192762,533609693,292282891,329232319,150142137,1515820899,1509584286,603648631,12107302],[723563806,1974151180,511347982,218105543,1174187618,2086562882,1006854008,602487207,1127685431,1059049580,338189984,395151109,1368145021,1544699235,1548180745,2087686643,1677118291,180189963,983159645,908185039,302002662,1307933750,1741618976,631572220,1734163338,2130069265,456176069,899315014,1005889259,1996999896],[1019384086,1368514944,289201285,1107372575,608428141,515043826,694365024,1148704709,641619628,1295182878,902456117,2007721488,1359982636,769496385,1199168617,135764990,631174064,1664267110,1127452649,1213720930,1825886341,459061001,906838250,1530902426,1585205240,1364708324,1897124489,1567739711,2037101280,1336306684],[912424974,114600058,1979416413,560577482,522004799,1334406314,292387459,1600516754,2074016091,455645579,1745650270,514166229,34356670,2140911091,1769368775,750515739,1745783333,403069182,1715040775,1098293041,296637902,622295287,301880894,1274172939,918165630,23236521,1252356325,101626968,1405925729,396560104],[1737126517,1125351807,663686820,1886244864,1482514489,750709474,431081727,1002158674,1191627239,1139428398,1776389554,1128030593,37080625,137526368,1198943864,1303793727,552267387,152434974,447485617,1298122928,1578875740,1115446775,1386948203,1941910242,1547355078,2096374551,173949533,665203714,1628911611,1450750836],[1870970821,336232345,585817226,1195208089,518177859,979092063,1400643027,1797635771,759996212,1034519097,2121140534,1378564856,391549846,1655428858,211574544,2037465173,1743766285,780037304,1557036811,737946199,244945884,1341803285,1878610216,1379801057,434814285,410143850,212716315,1399058925,1646044642,1308435695],[354080262,1800262991,1915247639,503300370,1160889613,267900898,1610512637,960610902,1563344060,2117707320,648833446,681407331,2066764720,819468363,1247136211,15406710,1837278119,30007865,1214340023,1393227094,273154702,1435524954,995578950,1845719420,247311553,1949900574,1201515237,977222174,716516672,1430199270],[977780871,18087168,216091286,1879332416,1400301512,1225462188,1893760585,696849363,1872484058,158921531,2071415276,241985096,2043923735,1777837061,61384520,443457118,954780403,846810061,1730297410,1921067829,163739641,391829058,1996585715,1175695734,167421466,583658929,692331035,725535777,1958670746,455251159],[303125974,1188640165,1770868421,1773396735,973564231,1922769881,1786090787,738942818,1166827046,893810995,82542064,531638911,1200232958,1438909698,1319278941,515157340,1824327810,651042480,1522955750,351762628,1428550462,2096911937,286383947,1616073614,1648732096,395451482,1122347359,1029124151,367480755,2044716648]]),
(4, 6, [0,1,2,3,4,5,6,7,8,9,10,11,12,13,14,15,16,17,18,19,20,21,22,23,24,25,26,27,28,29,30,31,32,33,34], [[1991465840,492366272,444452091,950956795,453201575,139816294,1090967950,971958993,1832882500,2039105476,1920687678,1815505170,873770426,2055298847,1791850083,1728199100,1445222282,11485329,2096613099,398299106,756760867,1662191797,802912955,937183801,1707371798,1934147144,1299398407,177556054,361947208,1457148640,826466617,167274041,260704790,100538354,1143691446],[1538060322,86893689,726970030,603015146,1495325374,2147023798,1292459819,877118426,45815911,994818833,700439323,825407571,1921843674,1693656388,438792520,631980178,1380351409,1993618050,1524665348,123367367,942870676,1685521501,466575845,1102279002,686278615,25247853,149525842,322857134,1603095190,45234762,1729913525,1906346740,1251426607,1929841162,1336123418],[2096914849,1801603208,544062230,49379660,1844504108,1894768440,416268616,967373366,237410165,1135664506,1010036518,1637270046,647407203,1923050172,1474052296,1562303188,1464372438,1126450809,2146119287,1224521216,1133539269,969932917,1858573379,1768917044,1401142612,1534403316,579014951,1498349112,1184627768,245230810,1635166439,1881543490,11605799,1755132597,1189721365],[2044388851,1634697126,74061382,1451633769,1097254550,1340217279,656272820,248997780,985261578,501520178,699510350,2083305217,1840397257,1130191746,1191381346,909329639,1566341613,196312009,1185098918,16828848,229522421,384512154,1635540114,1709084020,40570766,1108954659,1119380752,1489318788,1663861197,1020814527,2114501415,1685372510,1494407469,897088558,1210547258],[1282220641,2013869897,1849289780,567510897,1473703458,224614329,2146113207,1526103245,810750519,238379120,111553082,204597811,1352133693,29251606,1373327744,1292081243,1207247260,241677162,2860398,123100023,702532761,437751102,615508339,1987330559,1520911525,2066390097,405577331,490205881,1991527679,1411689766,1604061997,1826383672,770296274,247582414,1778292554],[879298058,1447029164,474610868,1589202074,1481404973,924761026,1452772099,1351784481,660328187,228907416,1892973542,1131499864,1450234264,1393365314,422014878,979299345,766833989,2589868,677179246,865500285,1735255408,1927967643,1286751097,421299451,1782655131,621576369,502496191,602812621,115611009,1275170147,2002094331,2011375424,515049519,1833947348,2052655486],[866667002,524274771,247514205,494072732,206916642,19101191,1399690794,487165152,48988610,1397077769,1376329049,847178105,1972751946,298166082,760976925,1755614951,975695113,143617666,666171063,1875627037,337442593,186800819,175470676,427696185,665856441,970200891,1748649411,437386917,1928611355,1270110407,410084819,299377615,535044165,806003187,2012288837],[439959437,1947737201,654365016,1456365565,1395297440,1371195252,1220075275,791535077,1614429690,2050277074,697101326,628934077,634317051,622306947,136173051,1047177141,1022463615,945539733,528353790,1467853362,1452546257,707946785,974037875,165738126,896086302,1767174677,825802456,343828474,832768932,559096925,1630999953,1171497064,1695467337,864183594,1559856680],[1466236364,1142462671,1484346081,296437418,584265294,2002748728,1738839914,286912056,930811902,605324447,2014455071,1253074333,661191597,190447457,343507715,2089326418,234387408,1303389071,388557861,701354289,113067151,867922953,2015442253,289891813,1751561022,757709058,1525614687,292359597,2048439537,1055264801,1695298867,1591000700,1147592199,775566843,530011897],[1026361154,1427122975,1168969212,855762727,956948134,218880810,1496218882,651127377,341874442,1677263881,1552932617,984385792,827196398,1928745417,1149689000,2139208244,1562904504,1204637493,1776350250,956704462,1185047654,571852284,385001844,844289403,1213277000,1216070295,797245986,1734863571,1626240279,2067140254,665931825,312038201,2002790945,1363645693,1681396426],[353555636,214877919,544964068,692921420,1463056321,369027268,100859394,910729639,428858344,517388143,1594545075,595465648,1152269144,1011072004,1793023477,1540864556,2106079075,64291203,1762986982,1628774761,2006294588,1048724213,1103786177,892987025,901510002,105263996,576543096,1944033557,1245981371,2119169974,1284197394,1262054388,861064946,2106932646,270368613],[934869121,2091431059,1278307655,30247493,892492424,325296300,1583952006,1474700910,1429996527,1586307159,1478913952,1264310544,1493050550,2042445212,981225379,640577535,1998781648,998762253,1170230341,984243331,402839948,2135108458,493909972,990304523,1413870339,2082991856,1191234366,191502069,33989352,1798076268,7329648,987094273,2132736524,86402560,1988069244],[276906694,288134515,1946266022,460837806,1081622558,632605887,1232093776,373333189,1445358349,1274640478,1408692341,417396543,876520400,1639901245,1904775964,1563832620,1047572940,160224015,1432341114,2031964938,1128200609,2079448550,639874474,1112036698,1163686363,2044233022,263450485,50622811,1816901277,365468981,2013170715,182685744,1227099026,1356827833,2033798436],[1472424583,1346284137,1567324541,1265645263,843399864,1606585188,967452180,611375770,254204533,1355898436,1138540506,1628188262,647625167,1314358476,2099699924,477765522,662489430,1248391440,962651147,1933407987,35041145,1525398530,2016396093,875304899,410984948,558825238,1621012924,1161884506,1336568436,873870498,824145251,329667712,1165139881,1407643679,266605838],[1203004132,1710190570,1264392991,558173219,528903781,136792376,610887058,1657959136,739057304,1407664105,786640962,678389952,1759330517,1992025967,1741892483,15720085,1830204433,672908730,1690769100,1326027081,249775378,1855150957,221914315,255823690,1109459663,512124842,858714729,1523221274,1992739764,1561076920,1946001627,1727110242,1039028713,512901546,121971111],[2106389093,1539349400,61263800,1538751016,870747499,1388299795,890030495,247602909,1519547297,980841557,1574741757,68560774,769844037,880892959,1694833344,2075507247,974325920,218102160,131612667,1217636083,1921224185,1135248074,1290600841,1628800699,1521806475,1807822028,711544149,933521005,1691810456,1714437469,1259577759,1736633699,1467167143,827939909,1609507534],[2126033155,1276973255,1654960868,751055584,1389576866,769737525,765155986,2089879025,26851174,1728877080,875878539,1651016661,1056655467,1942778755,1559328406,298651354,2044756697,1965575712,1218622450,953173743,1248954941,711222585,1239616491,2085021249,140213656,946857376,529682153,1830686723,1481629531,535316320,134761903,158881381,489245779,1061359531,2145002967],[1801795703,1440078257,1524762106,1245118757,1819348834,1351606681,636531131,164543375,1411060680,613025271,1913056931,1107470611,31021400,2006429516,1032895796,895096820,1393811268,1374948623,1754374626,1736271080,585389921,805332897,1016675097,807323182,793084320,1297605568,862826961,183002312,1197570096,1717553297,1272150458,77933813,668363805,1300730248,1040872903],[581556398,1171291563,1970263158,652722268,178802802,71387388,711034149,248753684,1772222657,1700934981,775789360,462011877,1647798098,1415204485,1745280675,2034337494,973635223,159519605,1433514463,188354599,261447331,452820752,157073466,648693018,1838987017,1307341004,471778137,804978916,488651993,1751230131,1497508531,1087735491,1781246765,1498015991,1035152599],[1173212586,1899800470,1910103929,109231133,425735671,1220309449,2135434645,298704193,5000301,1165163441,667968216,1950533988,11358324,279441768,1140491031,1675381205,575777430,726964760,2142560366,2006336206,1468273983,748047031,1212197913,887366428,683219244,512046443,879899826,1014145822,1257876084,14029583,164958935,671405379,1083740624,1204222624,1551161113],[619703733,1613056283,213358875,124861497,703187907,180867336,1329025199,900785565,320466750,1768718351,2112706879,1475185513,270507900,283368694,377708908,2032413391,1622860150,1533602879,859347765,831311161,858122702,600715735,113055411,823066622,1700584110,1600214720,188830340,983961245,1971845575,160727596,1679169344,884422928,1601127000,1083964643,613756132],[119688182,1046211716,1732086313,574983297,1833322136,1733711069,668463771,1466241266,1213745784,1848388192,442496915,375229886,615750450,553848761,2131606071,1501916351,66401738,116628934,2002352829,756684953,1269129994,333447730,2132859655,1236542547,1304388003,1446768661,814969311,450631869,1707977867,642554870,2124292187,871485885,1573955671,1337019759,612129066],[336827806,775823297,1225293993,785668758,882650134,875945827,31922700,2081140297,505934741,430141225,1071751144,1179635624,1874968575,2048336204,550963376,426744963,2123353523,2035206189,842067966,32694222,1936584499,946283787,97388829,1686196323,1306545710,1354366653,933820758,774782333,1107956121,182040947,1210637485,467520624,2055666900,1836020634,1979087170],[998429578,1231314578,1193154935,1878769042,1347446851,600029617,916093739,213512087,455757463,1135117058,825073839,786267850,1582935444,341081896,137227161,551992242,1942029112,2058712845,377816495,1755770313,475842751,1874987806,1308994535,1307210901,1060641768,160842259,2040194110,723551922,1279818094,1661714526,659023542,1519702134,706671679,1161507038,968752736],[469559026,943491773,1943459049,711287391,1005662148,919687796,273691764,1065911982,1369939560,225364218,839511838,730166608,1724679883,783605984,1867261783,2053775972,928186840,105756416,1960310056,1955587279,707823521,212813792,1710583889,129385458,75354600,829018944,203374789,856934142,972664975,960515349,1512689397,2062455128,307963376,971848237,642164287],[1786513972,1614436591,1294353554,458122934,722432130,1832719686,28636105,1483817942,327004366,1088581666,642993118,18565088,281051728,1780427786,198104683,1004168957,1132746780,1366180695,1437654106,1800796912,926862065,1743801440,2116589643,403314941,1775741984,580490311,475382955,653256065,452206302,1202444966,1208555933,1660962236,223643748,881668097,238294255],[1356584754,1164122691,1853759992,23777004,1558588780,877134805,978639067,713894396,2067835603,1581597269,1014655729,241240545,628663544,1491672636,1964057205,1067253876,1612053971,720523420,1800259770,845832680,1266860795,252517839,1431544420,487018821,351251511,920506531,336070177,1015326533,1408281109,1131201774,1464016743,1532614690,14423361,398892925,375918877],[531958404,1205410832,81747528,1516892401,1494781840,1934557856,2123408910,2107027450,331980497,1271694376,276354124,1581668950,2066513090,2109732187,2041051296,62615235,1713621615,1777939196,420152245,342447864,1433318195,1255474811,2022394798,1939881582,545897927,2001922571,1538264831,1190039899,3256518,1262455279,409109285,2081404392,1133530817,1017287069,1346415514],[1924620601,873642532,1073418329,653117441,402827337,1075490199,538501284,433823428,1582795142,601163732,720629146,1708891537,764825683,415023975,1339698915,1332625948,1002382239,1457300442,1968676330,75796934,1226221293,98310235,1432266313,1776979196,1787004802,783033205,2072009987,1153372273,454348527,1336851767,1339142109,813443296,342317259,724388426,1225126052],[1388571115,1357794249,1806638834,685853812,1448303901,1059765129,2045934632,1703352867,1654780251,1930837799,518644784,1868699181,969018645,1318297248,1811954851,266899852,56655873,827959741,734279740,1180396483,1824585703,1058122777,1436272406,154097169,109378253,1857350754,1849756566,1236651304,730367114,1613601233,748458792,1834463107,882361406,1698689055,927867877],[1062709625,1318143864,401611906,843029482,158786471,547889024,642292809,421944464,584414507,1065614618,1073328758,1114272260,1994167362,1915899848,1817878523,1818650695,728831803,988640789,154393633,524197989,989051961,1331198976,1724187401,773097173,2141327384,123941652,1515942016,664928848,1635525359,1592062322,1044616569,478220288,597258876,1532972738,1936516113],[260381968,496399112,1474536325,218759718,899779294,1282858064,1337486613,839763384,179989013,2121322401,797963768,881300634,26395459,2002842462,1764029097,759911755,637195863,687328889,884998327,512817569,1448977108,1187274844,884537999,409162713,1343444202,1384447941,920231210,421185916,1438249314,867471775,990085318,1790002162,300659429,818383367,1264648044],[1445363027,1657885253,811653914,977432409,1838572877,1047827774,108515554,1800404597,1262440118,1413595797,1845457890,237434213,1155621533,649480501,87780711,1506786571,2021198544,950269577,33586922,2010301099,1125315346,790078487,876802419,1933883367,761732763,299039620,1432972876,707171526,153046659,2012406369,810444255,97440091,692785788,280118235,1507706373],[709812152,119225658,139908971,128741575,1123824770,178621933,432540141,2067778685,619821712,576096500,751244370,2051167112,1601959540,1112717028,1377565363,2021873823,2023024631,333602141,1059125509,736703337,1147268500,2123716881,147921320,2118975075,1787997226,1326962545,199505663,1289604532,740104538,505964747,1308531967,853814470,1136093549,469990293,797401927],[1284786802,2062756341,1976567450,749612981,959447837,1695758282,66803655,832148735,924288088,899159095,1883075889,921071288,1369891184,1581704834,1014122979,2040909879,820770975,1071303709,999614129,167825271,171371551,193147070,1030239275,1573210745,1870758349,985424556,126500409,585103507,1207008895,1959768670,733889754,1886528309,1232033858,1396011452,1212969853]]),
(5, 0, [0,1,5,6,7,2], [[0,536870912,1879048191,0,0,805306368],[0,1207959551,872415232,1879048191,0,872415231],[0,637534208,1191182335,872415232,1879048191,654311424],[1,1778384888,16777216,1811939327,268435456,1627389955],[2147483646,1375731723,620756992,1543503871,268435456,1157627896],[2147483646,2147483646,0,0,0,1]]),
(5, 1, [0,1,2,3,5,6,7,8,9,10,4,11], [[1581714463,995330063,1222126500,257893150,698286276,1040685056,942346393,1241754355,1698800667,853714881,451728227,2013304694],[1774563836,1376862001,1112590447,430550960,1191818015,1613918412,1838500643,949566388,44868298,558873606,1082256092,228166260],[2133821650,965815858,179979748,1395089439,1965626719,1273742059,474059679,2061240132,776822564,85056250,1466255286,710982149],[1233971123,1048902293,1106910084,642783904,1354327609,944768802,1024323029,1874770261,1380316620,1096113476,1072148037,844081431],[799997636,1961383192,94236255,133333260,169318676,370673665,1397279684,1429219568,392438709,1517516129,1788962195,731047783],[1238278066,1136373488,1177198745,308029365,663205268,1336882454,1819763988,1427577503,1303068967,1810131736,1507060665,1703118999],[1987215461,1714905840,1366035765,611747032,1212654269,1623896419,1820451511,1666387797,1060653939,661340067,403255117,361647851],[1494990105,966677201,1021520169,1321023632,1449493203,1136421067,384425043,1381924366,1053012614,640442226,1168921172,1514748956],[1430104825,232125255,1673344762,1807290203,1945298724,1495006676,2135980001,262550072,214899498,369819108,1816818667,1009172195],[633590390,1332447735,1054798464,1712752261,86925241,318301088,890443855,423163434,565492690,394004079,1362624995,2143355688],[1084902096,855017066,96846459,1704015651,1181849377,925825218,1597044856,1941551188,486794811,1532337602,1680525270,35360574],[212516310,1546983504,1698617626,518190329,193126854,1532821874,969081217,1329676680,1191131226,123029209,952385134,851921344]]),
(5, 2, [0,1,2,3,4,5,6,7,8,9,10,11,12,13,14,15,16,17], [[1835644199,2052784120,706177065,1726094848,2144508395,1420157812,496473222,475991818,1829411722,586207540,740290974,657799331,1030169420,2050566442,447950850,1274134273,1228388625,1801580668],[390448129,640172162,1311320094,704519666,752235878,892823741,289853098,2051098227,447121980,652404604,817712056,1690311576,1733554383,1308820077,1709424177,1005859544,954500718,1467136913],[796270131,37390245,896316166,1966312493,375573637,1620406381,1343173052,767929962,485406436,962813021,1296644427,997396490,993634051,905760479,393161545,1533344614,787183727,1576664549],[122928200,918945283,914997839,1494158545,1522560684,377157878,1924216103,436107513,1651787083,338094818,597164701,826764042,1981936633,145314898,1412013636,743217406,1485101893,1347270048],[888491796,1465172549,1140638181,517674479,1616198517,2026671616,336227341,2100591439,1258659726,554547799,616520646,805992948,517587198,1009049552,778641446,1966727046,1822216645,217403652],[521868958,2147448622,1019161269,928039659,1264854263,1403681671,1574270848,607004504,687331482,1882676395,1672966182,1297339415,12386776,896130074,427260607,2109125073,1271133528,678709688],[1198854483,1625153871,569328564,2008844355,1292756089,861663263,2070209484,157507412,932423445,1968377158,290691531,940298608,1463836953,876943564,359753161,381140040,1744547401,1337720963],[40937370,1269315234,1221967448,645460997,1079842905,1060542903,1383746761,41631305,912543300,1577464481,1434806140,1072083502,2117345228,1417482225,703476741,1845802227,443122590,495442183],[241759355,225582301,610591030,455741505,814693725,818945480,163887056,1114053694,1474992563,666535916,764436278,1863425138,1230481367,1696440435,1322728898,1531674871,1199159926,2131791971],[783199073,1424168371,1999158557,1899990290,215968908,1087114372,899733343,470719333,617257506,927642445,1149911660,1318288123,1665263983,2048215665,745041193,859881986,1879021853,2073747821],[242786770,596115999,629808178,1346745070,1774947781,770110291,2119251412,988647775,439754947,381950149,1314760776,1453467117,775252793,917203729,1184060763,1245903056,414815881,771394533],[930900480,721953549,697007859,80920403,1295487318,732425800,2046661786,47135418,1849477047,993044696,1387088535,1933784426,826664077,743452486,1202665760,1362173871,303393857,351626094],[314871382,552169306,1780878584,2054606565,1698180439,1579152398,1787897253,2075442642,584564491,67788387,500536584,1673092567,711710010,1716137372,183730925,102176680,1521162125,1084482639],[236641786,572707095,143481203,657771592,16967630,1381653814,671888794,1365581256,1526216304,377216805,646946086,1871896091,329900689,699544702,632749491,1246306918,1475243179,1378084542],[1580982521,1567989128,2064320191,1423311621,1413891143,1159833331,883596523,1427968403,128258072,1594765541,920501338,1207430178,1015343471,182953951,1086367647,364277610,956470578,1829755500],[246543278,1022534030,1530173421,1915824078,801980852,66902636,1191752011,1474284868,1106021378,1053574277,78333914,46155755,1180339159,471957109,19120895,2047833820,1548364646,1281781583],[1720129542,1257356715,1064392528,236272065,1307560675,502552475,389266647,614372686,975510564,857366210,28734169,1131008668,1069718172,2051560647,497427244,1718834225,623798167,141318239],[1431835279,2032147927,727430283,465866074,1907596310,1574214955,1492119780,29573142,1260118232,1470460269,1127808064,1077249288,979342736,1840387940,447019414,215301803,1722351721,1524596928]]),
(5, 3, [0,1,2,3,4,5,6,7,8,9,10,11,12,13,14,15,16,17,18,19,20,21,22,23], [[1314845965,169398697,759243947,999522186,240671373,1423566215,1444000456,23800464,1609606025,530884715,573936449,1565075931,1018629742,1939083935,625999664,460767354,95052049,1612407213,1518233996,58981505,2146269575,1083956037,565819967,877996032],[1371341641,2036395737,796103026,1814695581,766649542,229709647,1688701562,791478728,1112614941,880308341,227592178,2117491352,1737838653,698945865,1761469901,1476894557,1875365606,1082932503,443419271,1320716361,1850147719,1363121646,317655938,1904971354],[1542634754,924198237,173778384,1854100508,2067077387,952987695,1465935615,191758532,1084997350,1757131419,570784821,247409185,809674413,1250464873,1995838288,1083857130,1755834125,996320503,942601936,2012520510,260981473,1252668252,1214109206,182557828],[1833292669,157703912,696080329,1408611730,1380162956,279599918,2027300655,1034594280,356100955,675944569,604043351,1174771933,1039156611,961418129,1669642207,1883374895,2117605497,1578576273,1278997055,101604656,1741673107,442013848,2126926336,1628506053],[754204231,1199393463,523616110,1932656546,2042598629,1655419415,464574003,308014225,1407937543,1359679135,1932302763,2103752414,1832014841,412024667,2039733778,913550747,2079359665,319110195,1234846921,1600091423,1201123824,755747706,1825786898,1152419888],[1274642932,1414658729,1003150919,270789004,603865151,1847281595,469049632,1743929124,424985586,2042161321,381679593,2106045825,765071881,282043897,1254309182,892414825,1732728866,311008060,1818145492,146038983,648673198,2118220859,1047908763,1291424384],[928981417,94293456,1872461522,1936217870,1488144959,1268549248,560278085,1070624369,2081132582,7000145,1923525678,924000373,177836436,1813420529,1344151915,1556307203,878310560,1647455573,715298753,34471009,1673685683,778921277,1105893434,1598393579],[154654152,115210727,125261290,1456341388,1972015991,497800706,1666619057,53031107,693880886,32786895,783259260,2039478996,153760054,436879878,1365384188,90843795,717218421,623061228,1786705565,1254255663,453723256,944634165,1061936739,1858779145],[1425739540,161209242,1611442551,2100217577,1975887954,1797560940,1902018249,2051814421,1219645692,200892369,206438454,1750782945,678738909,266560780,658563499,686957550,517971644,763387209,1399305984,1716275573,126386742,1755486752,2126386340,1806073772],[255904147,1894950687,1667791332,139588493,1186823602,734973244,315095012,1354241825,1891483927,1938038700,1094192378,1640311107,514743338,1477227107,1832652479,1660605709,45735376,586085755,1823824563,1717990443,1236108768,1100346302,1039623899,1039180221],[774729797,1500382727,166487249,1822800127,382051240,264230162,1161952410,1964812842,455903491,1462706917,1544043017,663869019,1597621462,5875163,257876340,453427120,1184286584,1951476671,575803919,866920850,766861619,735937778,1040173983,2039285039],[1369938960,1922081537,58778920,937284402,488457654,2136366509,1543597412,1501898229,28329176,443804949,1515033705,2043215379,884042306,183972905,2054868312,49502754,773173113,996799019,2036452576,1289437624,591034760,565790527,177855991,2004904627],[1841566515,1133617091,542111753,1384133208,1083274701,1177265412,837119472,1369496528,314721067,1594449371,237942786,1049496550,128034732,100057727,673780166,1063410661,537748274,970712205,1659482639,490709691,1941954168,1360825734,343877474,1777997493],[1096081964,1583332236,1573305835,1257021195,1393407412,1679470708,1470427417,889672415,1645473589,158986170,182820533,807939216,1084786198,377158756,1184603795,539880974,1749749546,2093281147,1431106701,822307596,1383541171,364134212,35986071,788529511],[978064257,406466572,682514513,1629730619,1432797615,1914710928,436770076,804840481,222969113,698013460,1026946719,2104798409,1946411449,1997702374,163923324,1486730549,1441564215,389983308,232543031,1046495009,1363787392,380836617,23223108,1010583115],[224183454,1173893293,36113200,801414141,1371478809,1982531834,1995359530,1363210254,1411445786,510443202,1980084889,1695427338,1491278403,1673466139,1714520632,1893516907,1582247537,671399736,367982558,1661200466,540552955,1238303021,1508954746,1407453149],[448248033,1371401039,1804276416,889746425,2143775638,1270744376,33048434,2118766808,991888004,100556570,1831897413,789794729,1320956448,1363965702,720609639,746260704,87441556,2040362139,1718707803,456971246,607676770,1623606509,431042874,804361833],[1279874140,1873180352,1727312124,586842174,605261129,1927177980,115815115,2029042092,1751382883,1075161718,703327282,529158526,94842563,1563648161,20158449,1530042571,1807597460,1513578858,195210512,380685707,1964022374,1070842060,1698709564,1604365593],[2004318977,1774852368,188677610,532670682,557508750,1133694286,1673416207,889984720,1846711756,1520740375,1396384921,1817735629,702464656,2068377754,1756361545,137075940,1681454957,1885092965,471837527,1146293923,2068129422,1502478937,663882429,2049711474],[399931675,1099946351,993070698,385432972,1022499003,1659119656,1263318335,556408436,1400479526,173840096,1922823568,266414213,1155797497,214320366,1113812904,495591394,944761021,139513761,1737439978,1375186491,2079623348,220758975,1490224457,732464228],[92656025,1341129375,1599205156,689088154,774460944,195010416,366992688,1181089341,17085020,1608008054,911918765,2112752593,530068954,794968778,1564085175,475637636,1212378579,1916273876,1734718953,411149235,1270774330,1491993448,2090623295,2056511325],[659805376,1460646763,837928475,785193219,1762343000,511744082,1353811778,1419842925,853857980,91298577,1709696283,798699853,1740130507,967686795,841147694,626252489,2146472350,1088400099,1975920539,240218952,1318938880,848604049,1557339537,687240943],[776456696,538613620,260880827,841638332,500563579,1219478366,41704352,1760416625,1040586304,350547455,1186674015,1682479219,2125767145,1401201400,1980794001,1174939855,2134234489,260102181,1134437845,1249943392,194141213,284200327,772036289,26046978],[1801229615,242701292,1984747013,475057898,1637970279,1149513725,704621111,28113743,825674158,1844931380,273166176,922667398,1179596789,958647983,1183618142,940733261,721064052,180301568,538725532,1026985701,1682310181,2011287329,160821044,1897595611]]),
(5, 4, [0,1,2,3,4,5,6,7,8,9,10,11,12,13,14,15,16,17,18,19,20,21,22,23,24,25,26,27,28,29], [[719405463,775361303,2042517536,356924650,1372069426,763362659,1373788141,1524848140,374619136,1627012680,1544391541,1962506082,1508847559,169734583,1819630640,840216450,659381016,842132812,776082584,1680401568,758720126,693992275,1109136858,789685283,413405068,789966216,852207379,1890779348,512210089,1371565218],[184453843,177007582,590280267,733969575,143229404,1865463854,142336364,1812219415,1210003557,118996846,1701346392,241289769,2053930509,1209542168,437851984,1537827511,917100496,1043413547,1829956715,99213763,1588588726,668895197,1862351682,538898791,265093225,1085975812,265343732,1013007293,3533706,2129618390],[1591789252,221207447,215277131,2100286385,45425961,1727722874,1101429230,1235312283,1230998549,944563164,669998332,1943914665,1189319508,1842314076,1988597578,7862935,1238658925,1677295212,82759510,199753762,683613221,1986254536,1585576129,1398143461,759819698,1922874826,891016395,1631967117,1134790473,393995425],[1076096471,2059560785,1243117335,1021992281,992852643,1008722372,37590637,463637198,388426714,1867280695,1439568977,1725061165,888967582,919961308,1062604233,389937206,215038399,1811401977,1702750082,524894226,1789245558,1720499618,1325007556,1702060551,1254320361,346318106,945408690,674226071,2120350318,568652884],[741944485,717555357,2029961758,47815266,737091711,1957796958,444655900,1480728623,794635765,1047689811,1277865448,202755964,972916949,1744182771,324804443,1727084463,1596528826,1874220739,973605138,415932537,1787741290,1617489096,2058548,666515754,1608177849,903603610,442145954,593067617,1872368290,604852794],[1594950010,1854991872,1244841695,1911539763,265244665,1791740304,1030196755,1320036436,996257238,429308788,346056846,333722352,284162179,731591676,838760188,346600372,1874451910,1878279757,281468988,243018811,1311436928,1691095347,951563212,1112507054,276700990,2132240822,1010247493,1826759447,845578164,176227128],[2010879559,140724472,1002721981,2038050203,1617295865,806287212,516209279,2006233419,1705054387,418862851,1883343388,355975294,889491762,111639109,681166430,938855674,551080393,794437365,1297921230,1227188388,517634400,657744574,1074273016,580826995,850958437,474444689,1317750732,2046853466,1188342814,1918057148],[180880953,701559200,808939954,1408162569,1195844934,529940155,1830458719,524036932,717883229,32051346,632619483,1844651058,1489113214,396030231,1710494913,1446090593,253529886,1456771092,41672779,1062732191,305381559,2037562714,1871663118,238169472,612795008,1303208967,112575060,1551456366,1169187280,485854394],[986871645,651545399,525824338,248645550,113791633,2003008054,1791959947,261946160,6437506,1537261954,1934411304,502897272,1074546652,38650192,1407615204,1268139065,1531757639,365385598,477074035,905077084,855620146,1501805732,576776314,1801469257,1767861804,164654700,651618926,1152122506,1021504875,1916322275],[397848751,1124460588,1546289125,30727368,505033730,694889963,1656943876,757059255,1116755989,570384198,276238746,1834369430,1410640170,1020329562,866984415,1421946187,1672924012,1805123635,829414145,956978135,2068617994,760205145,826587247,1200363692,1278660017,1336238655,1468896304,196336556,934296952,1050282428],[1398389100,403450675,1316699417,761513260,1177695468,2047890917,864879456,114232179,696201747,2089970543,280702449,2137275617,1246633259,269338981,840932741,239702307,2020047791,33039633,1246658951,73783938,1429643092,851910324,6526401,1343273937,1768561748,1094024027,1340444644,1282013652,1278020726,265343579],[1668789297,1797028712,1638919595,1450353090,1897671793,1372887145,1817404218,1157675700,1167262200,1289452255,1642150027,869089717,330062179,734069951,1411070159,277764461,798638385,1493093526,1750902349,2061189363,60996437,1219648194,402156397,61852710,637290029,537475594,861954491,1058050611,975826701,471005701],[102209551,1109589042,233403620,296123623,120396827,1269604758,695314574,79678800,1455720412,1838868734,87572573,466131240,1757688797,269368379,1325368690,1966628820,2117478391,1298057955,270705699,2070679781,1226780020,337530421,213359479,508252762,366749379,751646645,1884915398,1490661880,73627374,317709184],[1964968015,1197057077,999120126,1271990470,2110048236,1142258088,1048021913,1815742628,2065207768,215142612,446396374,1779240200,842649559,618447861,876257397,1730806770,1467466922,54240861,412719889,19684485,1190575279,2076301804,791260465,150712513,2018915343,628343667,1443590740,663803472,311969174,65028562],[540653837,2103968038,2125443101,1573936846,635856051,2074114790,1513678601,2025538818,77192482,1262104398,67165565,385394899,1133529759,1103430148,885464980,499431024,1641242939,568148636,562439289,2032234036,138102818,1943270083,1709177101,133076348,330469238,2021230028,1607007226,1551287637,714760543,974596856],[2087955960,2017627063,1701361268,400092937,1110212396,1720453641,235630581,1107727868,1863028345,1810894648,2096280826,608175542,1318709789,288247749,1259590849,1254620500,2132625225,114403277,247813279,643524975,1279694277,1371587143,1294046544,2034189455,633246754,606660014,1229793564,28159750,1083621798,2105553908],[1567363242,2033398601,2092526576,1229881668,388696263,1883774053,1340744582,114766702,1800167115,1663500313,327081305,460731676,1585169322,454951244,1184001454,700844927,869086965,601071454,941222422,97480203,1974525587,1518795273,847425097,1258663513,310055170,12335540,1167670350,1437011782,368781934,78779244],[267413204,588927518,1918003744,739671054,1368532434,148482851,257065094,1156871596,1652369750,875239547,1886837555,465040326,1034147839,1285828090,1186450733,1192237285,1397185117,1478093913,1792537762,58353556,1350941412,1047224989,249369394,610790968,1730753706,1899818841,247642102,1628795517,537989756,1140064927],[914275105,361769262,970157797,1343472910,1418180720,1998435146,1076608300,918838023,1083511021,955461547,204314088,2025675128,1773909477,1386188267,809428462,2103201289,2108404840,1157512469,841787147,1700572353,1527739187,1805555844,1742432713,211181913,1922506838,1215053297,143005310,1356653657,2121759178,1131201839],[404760087,403140259,561649389,823178185,1159798825,1801626201,303640476,1020102902,91075058,2124209614,2063493516,1476300677,1453415757,812188677,1573430215,1979000460,557321666,849790031,1160739426,424859938,888302854,1423458465,896024713,1258340467,1932192055,1483075400,1472804056,366050820,1025355254,649756082],[1852592762,947606782,1554443743,1311553355,1055513845,1534521120,665680424,1385703741,957460703,1210647748,584328035,2124541702,940255269,1237086577,1526677069,567591635,294786303,76581566,1675409377,701276629,1200258866,1835440700,370540757,1393284563,1735174523,932216482,56018637,871361754,890689137,238425466],[1216296536,1559577287,237234831,1544379039,595046213,1960292825,585051407,187303852,1476604027,1982807359,382580860,1596160633,275007652,775363634,820553011,2106510223,406066909,1322718688,1897338681,750700160,1401682074,1616092466,696813095,605304216,1275556837,566007951,409391796,1736880265,527876798,2059195991],[803420437,477989310,1990071433,733567345,159835314,315708135,654934512,1762825284,1477732210,1208994110,1810775936,1992978058,1284798885,796153555,910223823,1614995932,1532836922,284585913,1535742868,874994477,1068013210,155019043,1544615364,1729680757,172552774,658573395,246786177,689047295,1105483522,1484460234],[1497650567,1481448931,673696975,763439832,1931964502,130344683,2012037961,2073393703,708423910,461443502,63486117,99171213,1825532914,1255432147,2048038440,116083883,905885818,563189586,1174931130,1023654849,1188334492,1044307378,375847493,17866116,1494595882,383416388,1158629363,1661149315,19984863,1395365499],[1655867751,669874144,845374247,1606432307,1091793582,631689078,2114848982,152079699,1322137361,1575651885,742259220,1893178981,886558176,611749018,640937465,656564368,1355905353,91214262,1660940202,1597084724,1842119031,855014842,420048332,279900474,842156011,1580176855,568575081,2070635438,2021218206,1281224272],[1601901135,1496478914,1632428079,1639942849,1720229756,649404118,912276015,1609372582,918674023,743490240,2056399248,220706167,1066653270,418447852,1704739059,243208014,1689744064,155262655,1250032541,1456270298,732835441,1828619813,2066141670,2035453614,1345697636,51594209,1583755114,215147166,873083513,1115587027],[2012349119,1397333970,231005660,114597648,731501703,989103794,178853997,1012849540,794865546,1588308252,1573448117,110558098,1370097757,444796957,1270923378,1594644775,185685149,702687700,2106456427,228642978,1180960920,532428925,1766339758,1446449073,1225479643,1150783678,1672801361,7103827,208535719,149530267],[2096191354,260995597,2135863444,78324021,1095613625,1014784727,84873741,1656365503,799946315,393113580,1551975114,1998581158,798655125,1287450660,1928680188,328079580,1849952544,1044884152,1518690568,1361985952,1460476481,947963059,258580138,946827068,125870268,655458870,889332537,1909249001,126423030,542989954],[724199029,304725284,1886409828,330952301,1884877180,55976471,719159222,889903661,653889918,713754232,1076496272,2103201534,67978032,1938729388,858423564,1662353682,402927856,1338906009,1396315877,103050650,1533703533,1391376553,799513748,2017175193,1115897997,26056804,1947317177,711055750,1339268890,1733209935],[2120224757,183156107,1487456731,6875015,399994415,1686155770,1892990192,323975874,208567328,1636841968,1083639955,1078674884,205839468,351812623,1316276545,279160965,879723117,401363055,275824352,1740426933,1453066644,1711861254,985479204,1577061690,180843631,374443659,582278701,1917813731,1790179201,24590275]]),
(5, 5, [0,1,2,3,4,5,6,7,8,9,10,11,12,13,14,15,16,17,18,19,20,21,22,23,24,25,26,27,28,29,30,31,32,33,34,35], [[224772614,744945282,460407220,202034666,1639501081,608639263,461786696,1318536912,1285259304,108699779,6848065,809874843,231906221,2122952284,1039473198,756359506,1588316314,131626573,1019535326,2041243306,48526893,1086897536,1941639333,1311075466,1620494711,710843112,1345710419,674351998,609167462,498579444,392326368,77670305,1991351943,1585396524,1852562378,1605126630],[521144514,1328017220,2012253691,1385641429,256800664,734095781,1890204580,1655526731,1586746806,696555427,1439375128,1150128209,57091904,1154226174,225181123,1821056018,423094281,938412281,24898669,158729870,651405086,442859316,472452493,943531761,1005465994,1353302759,1800371473,855102057,1386997202,1405114180,1178775978,2057824822,92073480,330361498,497271059,1797764113],[901350201,1011329210,636708017,36557827,419999483,87205504,1840004829,1080288933,1075226280,449426866,248275028,1650193196,205807068,1102810245,1970113750,1602465219,1825710051,681160850,332188168,1876300726,500739303,323354434,2002839010,848617,277992061,238845623,1958721787,369938950,1881964604,64229062,1061619318,1500027831,1525903497,1796882078,434196856,1481986695],[35985660,769551848,103897617,1541482004,1276868163,1123125500,250456375,528870708,1561677740,399280371,397535494,2017944910,883359456,737377587,577913307,1878326111,220096414,122851982,2028964397,570968104,1080398100,1367386429,1652718799,1472049223,1188408850,1229374021,1140780869,1803571702,1740724886,772361364,1310700143,503771145,1006905184,1567754455,174241265,943954459],[1694771958,130498789,536267582,1254400566,684576259,327284482,97656701,1249852671,1215720312,1940343412,659739937,1302683297,847696915,1921459371,411413014,1881587084,1772081442,42403618,1230679712,963124514,2006587901,109491820,53685327,30358187,747244456,697587871,982215413,655479574,2065588939,1923747802,1960237139,1076480570,1405988323,436738126,277851836,356638854],[553591714,1399929441,343361748,1363265502,1639587092,2084975632,1821595295,1871497742,597489501,957399886,1149340852,488229030,1548459587,1611007684,928123574,852141936,2091992637,2072725410,1271469178,2070937935,1940619774,1108325081,91313116,662358989,1942243421,966312078,1410600634,1176978833,329218522,955796346,1553099891,1150891995,336303266,567760996,1298637934,1859722469],[581324655,34948168,1534301400,909375244,1789037864,2012248773,1416376704,1159883439,495845522,1394751376,1799078798,1851987493,274963416,1822224250,1804325720,1746302090,557319068,1083761263,469025221,619812713,490733990,1305915021,1415458367,1485880919,558765823,1970439265,380257089,1280456454,1990810217,440320142,30646772,1085624185,57778844,1152852781,1631737971,1676616481],[633128602,310964996,1638991139,1465552895,2068958383,750063139,2072152918,243141475,1895057109,921788736,1341262716,1814634466,1267727429,1277234557,1980895781,1567683868,514932562,1083647254,1683194278,1896334456,1832530614,1885379594,306837529,1353766272,1423360220,508404522,1477068763,483183702,1200064405,1434119665,1330037643,663072152,701358368,313060929,1736107630,1976571070],[1686458933,820766433,714697851,93959323,985724103,1636914227,1365529265,812237823,1526932896,1057556531,396122035,615676223,958460141,691499072,1299822799,1674052606,733141840,2096901343,1220344542,1574634333,1053718692,652397142,688321248,985920707,1610438306,1140431999,1176732721,1214521263,1826484769,1703982886,403899583,549878111,2007086787,89225689,1317296274,558631457],[1911580083,500317233,887952009,1661879736,20539389,1705819605,1185923940,1192025045,432697396,1902654198,1792776615,1720006381,1085656173,1733173400,938905111,1873660776,1616294343,899205246,1199414256,121411493,1461623221,2106000064,2070578054,1146049590,753041896,940365947,1683624947,538972423,985415050,1412453071,499482213,1887307694,2111604044,1649914021,888068125,649071999],[1572003015,1183251847,1794506634,801863960,1690364506,1905031211,257862822,124641324,1589185558,1295807901,105970261,991145213,2078718242,1131852606,2087030657,1106492725,173162721,774276973,1811840638,1896557038,2143418204,1821893626,358095544,1971126908,1671275297,804542462,1608367797,918914770,2048531145,1598915074,1392386825,913397511,564615790,1978213805,174462994,1123682728],[422202516,1398909144,1268274189,982674517,1540255559,1450398646,1384397734,858122875,1920389424,962905315,637332807,1152385752,1308032328,1424488679,741084908,2003187136,1779815755,1359378200,1542551672,577384748,178474275,885941940,199756509,18704535,582903190,750636663,1680014611,218708371,1749760275,1021856132,921496531,1731931712,1723283092,2021561219,2046219303,2026030217],[1300494890,1789426724,934405884,2032090737,2001643654,1868015065,1389977597,1622479628,568066496,1692041832,1209189935,2138193588,966936308,1436960897,1200535265,1842007455,416814430,1292263013,1275339532,981965863,2043376183,919109837,1538078420,139707250,184068833,1360401069,1770527133,1076947854,710146338,604179266,1300823395,276488422,871483739,1555053023,1845886234,486146078],[1633163701,134088802,1962082125,65704181,243415910,213109226,2012790018,1808233295,1218380784,404503928,511950903,1972642757,794347198,1755328724,2115696223,1794808699,1605010432,1778620433,1629053641,956193401,177004065,784889891,175775571,1954469803,1822088392,1865203906,1038565767,759373054,394008988,223772528,1218114035,774888248,160479478,1103720527,2093177061,1071291764],[343940695,1611762548,1041785728,1839092305,936755005,307712109,211328169,530694339,1304715024,1687203177,2147316751,444522380,1229823345,1461366365,1468032080,1500476675,1363760155,742962331,1531336391,1331560024,1047501293,223054189,1462539064,775232162,586593170,593533971,902264529,944093875,1106988132,740883059,568515331,437658311,1950233343,179781989,2109288982,1234535874],[23560854,831179296,1912822184,1044411920,108867811,128354707,1313975280,581089223,299020936,827703630,32226678,1587140,842013567,1216070856,1142924635,1722356574,1019095843,380331946,710111901,724655366,439657879,1916609459,1601833806,483999521,1436885413,1024272662,2074290639,2093146084,1928924270,665096689,1226109390,1059316177,1910380596,621497668,1905754046,132959518],[68934237,556455071,1367810396,316620067,12504492,1506491841,1938592284,40505944,1069622173,464893375,553621485,1428766148,1256660582,449142472,59084512,1389502078,1891470755,1699061012,379822646,1305153115,620751476,485110081,1490104956,77679539,1174942065,1457576573,347307393,655363024,1893189692,1424827707,986775772,1525416091,1999705825,1976976708,705877183,919583795],[31172645,1892032069,1440952214,410911740,761357464,640574454,887850984,851386275,2068815496,453582319,1235622333,2123709642,1643893683,2118141659,1052025029,1051381194,492640812,2013694029,528987521,688043936,828639798,560708612,1546704652,393405265,834243383,2048415837,1649066610,850999477,214725946,710141344,1551630108,1040167673,281424398,32384509,1015493442,87790008],[406527301,873963402,1418826464,536700328,1070484055,1047038045,1808693617,1740085035,462519125,254535491,652507200,1795039854,736392935,1061218729,2025402039,1480584064,2034171685,2114468609,1842188849,497569163,723738095,2061017356,1330270933,1988297943,150804692,1613539550,56175325,123696867,1049166197,1110290127,149759041,502984792,1488109556,95719707,1887365642,1496004692],[1561963396,1255212242,377295297,1045818884,1268381584,892094779,55823774,1364684961,1373052800,220545619,1420912017,1899315901,399575362,275117674,20937058,11177435,1876736708,457071966,2066432929,1275576528,343887404,1026948149,199096413,812966047,1156813298,1200520356,687382473,794155974,791462982,1449263787,1279743942,1740908497,260079592,2012127537,2118112463,51960426],[90364122,947214178,958297027,584122883,1725557353,415254991,1530684942,504804766,1805540974,1955754745,564886094,1281720494,1361118605,1570343831,244725103,1318318603,1533795773,140762646,466825714,910294670,1387683874,51454878,1137895564,679766558,793551903,1437228738,1875426888,98774486,1769338631,1759834929,151630417,206753061,1833182758,1465831109,1596114107,2116774295],[843830792,1058390425,1991674806,1151375510,1018337429,964986872,1653868770,1575219038,205678236,251095109,2090541490,232537706,2120444045,129618076,10965907,1226736671,1020411457,1132420245,1030598204,927658198,1181584724,861182236,1591975139,1294989439,488635852,2092103995,1257190323,527036893,489329140,1445293218,1065391561,897484353,1632975963,193115991,1190724134,151133653],[1597197851,1958637796,1280862941,820114408,186804190,1187677966,1841597703,1952405283,1766082844,890312370,1895334627,749308212,1557678912,1998233923,1338428428,168361883,452598324,1960497105,973416300,442051253,2042319827,141359464,1044215749,183390207,1710668832,218493346,811922515,645372590,1187261693,544103920,583869106,687214163,711169726,1256192397,381424224,1860271171],[1956940083,1884463040,1877883962,2084157492,324588756,322413496,7822877,1685099900,506232271,1083513091,98815117,1207387365,1694131089,1678299368,1793791908,1534480829,2016700328,1399263351,1794049396,568439173,283376982,1921782789,2086629614,402460939,1496129040,348779329,889921415,22487921,1775664052,761387858,2061454627,468249,269441868,1891325449,947444153,2138209059],[1930839591,1440548457,2139759604,1061440373,908343255,542002667,2030664980,508669477,428454325,993556910,1837461734,1164926367,706703538,1898435052,1493225044,1782340233,1851978549,22390339,805217710,704960674,154745649,2092525204,794120789,1276745144,1398617274,1774144324,1478740006,695487144,490189067,1812378095,784498424,1870319486,1620480247,1021898622,87310473,1822417126],[1143483238,523225661,2085709396,2081315797,1883072934,1560967999,163041729,1628650994,811644381,1536327731,782989700,181969552,757255687,1980209886,1722881628,409259605,1224809598,1874450268,628446875,439587615,471223931,1819180873,1436332973,1953118446,985322912,1987481393,507594695,202383500,1353739602,653394632,666002074,406369935,752821015,126528700,1149912906,2128084874],[1376676081,1920528106,2146991229,1064953091,61845024,1207565471,2007606268,1111674092,1819344819,439333027,1452895333,1555864128,269232791,1061540040,2123440854,1430244508,1199408408,1776329879,680696769,1654023481,967955349,170296859,268266917,664693287,923099489,602219404,1597135247,937042027,1504011809,1460619159,1313274040,562442897,63878202,1498596092,495165488,2116009045],[2129280135,1912183178,932441333,692505126,1001097574,1159357918,673447651,1546391161,553187340,1798951958,771493667,1499684161,1471832486,689805418,1906053764,1929930045,303213129,444351783,349785516,422734983,2010095295,1709682290,1446742411,403775130,1937168651,618535216,1328229307,163871609,1203647501,1587130052,2050430005,1017937128,1450538903,1709980968,1097773509,993478297],[475602083,503111011,633306379,1700167196,1523234662,1696539073,620352721,193305541,662123170,466213866,156262032,1355270076,608518021,2109701981,226350382,2054289869,1113602090,2045710443,1729209458,686805479,1027361913,1298427485,1462571960,1575682635,917920421,792844113,1388510115,1335182098,1556303902,1219026016,1616153340,1039406780,1267317759,2137753923,1496913534,458985546],[38816752,42171434,428868666,95288101,1814828499,1600999853,1420349993,653617436,926009855,27063419,776568358,1527461982,121105077,1532463709,568321367,1658888784,870149292,1250111540,1738929991,926405963,900493802,943332198,451306213,211334765,1195529833,794829267,1706380061,1264489253,18157021,1656688370,814673142,1954354809,1753995268,278990711,895216737,1697925051],[920222283,369401119,1548803951,1630385640,78156572,2140371656,1063009050,1525462110,2030735039,861257541,1482486982,1906061081,257093611,294781536,897363242,111212846,1445487847,426078105,1649291942,432503720,2101861304,1123245043,1536358869,180228552,178246172,95329464,2084595267,64774541,279504711,1048829864,1207342001,55762181,241394799,1847229888,71929784,1539466023],[1964681276,1940168866,1143848860,483197506,505885648,425933962,1106797014,510025227,32953564,775607672,211570393,40956397,1519498109,1517299481,1684209125,1659636945,1643595907,539035585,291063302,1892057047,1414645299,2084192106,480144278,563647696,947671193,697995852,1989599414,201047531,1485591818,767948747,682248459,1195050746,1332185732,377998694,1880652539,1190988745],[1723602623,2024119642,735125710,13257870,1992935156,1327078545,716446328,1274891942,26538950,1580432572,2130679077,1155314138,961601319,1650977571,487745348,1078598067,1330331583,1165492373,667893816,1655405872,1487022780,1037608333,1587734121,1195054607,2015498737,1317680161,282701784,471237743,596497863,304213562,630641891,841324219,263575521,626287829,1816721631,1781895738],[132164393,131088203,369397261,577918862,84698828,1710704088,224893047,475480864,328509219,1565922156,25362039,342354641,755260754,628897379,927726487,1778197136,181054798,1839790375,1528380884,360160349,24569503,1886711186,658675839,811303778,1714729952,1851473143,1527018543,1573650723,1008601499,1740989873,738221166,757835796,1030655392,332185853,1243379824,851553815],[1028570467,541099369,1674129560,2012739932,383501377,1213576363,1803374625,39136483,81984530,1986738679,1172290952,670944490,40982091,32645514,658760043,1960994543,771721182,1871673249,1683117137,1507703723,1855511267,342216907,946397993,1600958338,160914952,1157352907,699944118,1236263196,269646112,1687801434,426588263,582031694,1293093776,1558904310,1900903734,1361369056],[1012691319,1532418088,1995614591,756396869,1827411276,150223925,1863355841,1555893957,194293861,562080065,1043542836,1289372258,542669467,421914837,1502350056,590776809,304255769,1477559018,442276622,1122692278,1273138397,321190450,1202029546,780651609,1286690588,75274274,1024905159,723460583,1213641263,1930632661,1832744218,1826127098,831918806,1711571653,745104999,1699531524]]),
(6, 0, [0,1,4,5,6,7,2], [[0,268435456,1879048191,0,0,0,536870912],[0,1811939327,872415232,1879048191,0,0,1207959551],[0,16777216,1191182335,872415232,1879048191,0,637534208],[0,2025848831,759169024,1191182335,872415232,1879048191,1283457023],[1,1900019704,2025848831,16777216,1811939327,268435456,1870659587],[2147483646,2118123531,1405091839,620756992,1543503871,268435456,494927865],[2147483646,2147483646,0,0,0,0,1]]),
(6, 1, [0,1,2,3,4,5,6,7,8,9,10,11,12,13], [[900071383,740610635,1594236275,1883160158,1322909342,1995471364,1398439596,1681223117,1878781413,630443582,936211766,300517490,1409843680,532684006],[2119303824,2140065682,145136185,715274083,1173025153,497448641,986654116,1804931760,1040557585,1540365669,1447305167,154774205,1508285836,1118542197],[747053218,1038790887,987158716,1686333390,227794000,70872808,2055709419,2140679621,1667497321,734276177,1642189816,1209629201,372668826,1585266394],[1920024369,1369428408,741447620,1219703944,882563111,250300839,1169881224,1666622989,2049537899,1707017794,258786129,1928178460,1160384573,1268609676],[631475392,312381963,1466205791,747534468,385019729,361752780,1424925808,1565278896,231397003,385225894,189814438,2104612895,1379527981,1490638787],[1756301005,1939933989,349035943,1855895495,48133594,1511175436,390270636,424468594,1552105947,265502243,705128172,571181989,4863953,1818627010],[1971181894,1849725120,233397140,1623771253,1188957071,260533958,103436459,2093547636,1005405839,782404709,229644791,2019314666,1623308802,63528049],[483290522,1216165816,769328971,1461524019,1159676007,1495134888,753750146,4532712,1590435666,141818204,1471171365,1407012185,818618786,339742606],[1750974063,828610612,1487758677,935256773,638918204,330337471,554443563,1121177891,612313361,909622108,279570,1643793156,786422970,1689849257],[458217119,1665446718,1363496657,665648599,1437006911,48085907,1690183249,93967241,1498345979,1677685400,1483765159,2084986083,1451107282,201934914],[876551045,192034773,1166964836,1814196299,437703408,1976488133,1896962269,917700067,77809531,2141581807,1536972400,1662020526,2106113002,1378046815],[1826288938,1200710352,286405483,379673459,2104191946,246734354,91555815,1396637028,1559756061,415160416,1011378403,1518597264,142426645,1483901210],[625020052,1198901622,725952250,1681420633,2024130728,1270689538,1249826940,1044039225,2102950487,554123271,1404472931,1426742949,1329583150,1652243319],[861035493,1059092063,1186919576,198883185,512041382,516531731,519934580,1793807192,808148352,361596170,1052987008,1234916808,2126281421,922440047]]),
(6, 2, [0,1,2,3,4,5,6,7,8,9,10,11,12,13,14,15,16,17,18,19,20], [[812941141,1892429276,1936418230,858032381,814798033,1756830806,261212684,1851796299,1107457688,1857003819,2041927572,1142855093,779245867,1049807243,653083337,1840699473,1993631443,1848898087,1371426970,1138424859,1991832474],[1989169498,2008114423,160841991,1861875592,2101211536,1867818051,710119368,2119566951,1291420929,510945474,584932845,2048012391,629769010,346635245,1825039186,17323046,1403404016,2140246434,1643488401,1796016775,487292132],[1176150418,1309509543,1794567663,983095616,377561768,414538726,175528761,444076166,1139743101,1583309399,1765656305,825606592,301130253,1205009004,297075031,402961378,1562911784,162736019,260016795,1326447642,683951681],[721153115,1502915557,1669077979,312560398,1666855215,577614668,200289361,1988819438,258886822,112603168,1055062090,1983748826,2145030924,1995549396,1235695270,971015430,1623817486,1345937592,1615544924,1222884808,1517126596],[1981382677,351503840,1529951369,996535675,122146463,962586747,135533486,1683221605,1789943221,1153111174,885549295,1565424420,254652756,595053749,716045869,785248827,389143583,1387926371,125728540,1346103707,337804082],[1379185544,2053726175,1481754995,1848752720,325811603,558814809,1851645098,862168937,170013118,1774042949,1690341148,691650909,1178346203,741086195,1360495808,786059355,920409322,200756924,463197000,1192878242,2139084457],[1972243821,1264193837,888393026,495410391,1391683729,870182740,1434598553,1438182448,324147033,1805465742,38462624,1453464296,1248383138,1425607769,2048787276,1057065144,773013144,1101311555,1762139570,1467659609,860754809],[77656781,287240695,1100716651,260004505,1235091526,930385641,2012624840,1223929895,1493892438,171963129,1244598495,603288206,1995714324,1517696143,1495950073,193697356,1239425149,826578861,1046488867,923491738,649663949],[1098958818,1371853658,1505127739,512557464,292789446,917345162,377847146,349111208,2007911148,1439571767,738916698,1040513230,1946973640,944066711,1350657927,2013404131,1052657249,933941055,2137941130,218156451,389890616],[135013786,1229877660,1023999125,2146279018,510311507,1855045684,851915029,1388953104,432996213,398973583,933790011,2128221564,1735718238,707413974,1921377038,745203420,619363779,845561620,1729563120,2003828305,411070878],[764506416,427495807,1016115573,1751167315,1365046689,1673608977,1394813143,2125648493,1249949458,230257160,1372497718,459530357,1797549739,1871362123,1131109488,1589292774,437941415,1144210674,1453908769,1763104133,923050855],[1712460322,72078014,1385032888,372226101,2050671550,416701292,1780298123,1411872923,2063367033,676824759,747426288,680393344,221043918,1872427724,2136627820,1808638805,1338276836,1019343989,1888725951,1361272916,1770406330],[1765965617,19589556,378843947,1964483324,434268489,1446216002,2051400949,1852273738,397801103,1272901776,1535377199,1278186556,46956427,1463051399,799540065,1336840852,211711227,399183619,1612690361,1456839831,1068117512],[1847569623,154002846,795383231,625127182,1096865840,321216670,126198191,1861641057,808462898,2078964932,372927470,523640423,792808064,1434942739,713615308,1798799180,534255192,831993279,793850561,1175406290,477936547],[1650771978,662782058,1776789794,2035626535,718095754,1669407730,26562511,243596747,2080197331,909780742,1949461386,563383139,1918390322,886504611,1634227689,1800241125,1916357809,1128602264,299107503,1043207016,1216869605],[634231293,39566371,940740073,1320748207,482222257,2105248088,777580786,1822273764,252548901,19157723,1754803860,1764179944,1502216671,66503925,198150009,809276495,1101171103,477839229,312698887,1139657324,868514911],[1329301421,1460247403,278934002,1965679876,437020403,247506337,1109685967,1059403114,429174407,560769551,466761742,1136171931,149481253,304197787,1497184704,1451979585,10955318,924114735,427816968,1248819217,2048820372],[347977253,1805326211,893979777,1258908882,586026367,1194634523,142947134,709313630,1823709987,991874115,857592897,1213369737,393266250,2007749694,1246241214,443733090,227354400,1446512621,1550666665,2028836727,1090906575],[616022635,1496842461,1870199578,1112733495,81280541,209217164,211513979,130915087,891329798,1792251044,1120954463,1422584277,601077666,1091384056,634647565,1469649277,350000932,1556833560,872504895,588946748,2045830865],[680978527,1319797115,619678334,705249971,252553969,387159759,527439267,1152740593,898916360,1292241814,1116051878,65376741,681058801,580880461,763535152,975869436,1320726346,1540098325,1462492985,676205904,1102576301],[683171770,1342386589,2070423665,870733747,91469980,500386233,1159965145,1258899717,1581594448,1772311089,1086148536,1238553825,1761506141,1475595125,125947448,1312814399,1276510927,560622329,803571754,2119807400,1063659731]]),
(6, 3, [0,1,2,3,4,5,6,7,8,9,10,11,12,13,14,15,16,17,18,19,20,21,22,23,24,25,26,27], [[1466134498,486958763,24566280,449024987,1739186097,160407344,1156531168,699293178,130433981,1633085565,1899074915,337378727,1147673116,2042181453,376187367,7367757,1199316352,2111366622,449469590,1384021808,602858400,1041553646,931795916,1640906509,273883661,76937299,2037620180,562298144],[97907812,1803455799,879508400,1686838792,743206173,233760980,2108914036,892117570,2052883162,1370722058,445795248,2103649824,1107826561,1295805287,1135514137,1290210019,705596245,7696302,689446776,1705175384,1646992775,1790920915,1530640651,664119645,556860272,1857304907,1669343971,1165367561],[25267170,887054374,1464890924,1992875430,1128593630,379507307,1173708447,47166164,16503313,589727908,377908816,63143064,1433081641,1654458353,922606134,826723248,724488129,1862354589,1765579140,2090661844,1645672392,716601102,606082204,847045642,2115553271,1690466255,2089382404,1047468844],[2098880684,138874017,771092654,523735295,80513240,2084750058,636356996,2119524936,781550309,1948504248,1891336204,1536062496,819236030,140593118,931035369,38925512,1950440407,1618370725,1239950060,661339303,1373405306,383929636,399472443,936107415,1655900674,774062731,247188610,13145219],[166283848,477767937,975162908,2005915217,423410401,755469177,1599562578,1769667212,631295291,1926690075,50205331,376488588,275005803,299984790,121003037,1682539130,429720642,1311776448,1939729091,855319335,1004265336,53094510,1537929957,1556119733,1816714205,1628846594,965659294,58055892],[2110757398,568486734,291521017,289719765,1969462877,1015755795,192180012,638129279,232983063,1981424351,1023406506,296533736,885969121,2111706023,1093430220,919097221,1718116420,1579002679,209748954,1405934975,572075967,236694636,516725323,217610842,638694268,156411631,1486773427,1059300921],[1982614577,2017088834,21704944,1748710573,760915856,1546948831,1229349937,1617380650,1386750531,380774989,942415014,193068647,1650214923,77287760,1784401492,925791799,292803849,1237220886,2014242694,296420272,171255844,1541932514,1558087621,26086963,1472846661,1717666322,496583852,1100696925],[1730258856,1114899851,348604441,308652234,1087053638,1722908345,1061403321,1062826609,1311514132,1466880167,252245541,752009941,1722590781,1321537512,1936679571,226581714,1771197119,1757933913,1954091594,2051268350,1226325269,1163531291,1802008663,691921379,693952462,1317337231,1412969242,1564448533],[1897634065,1170232655,76866186,1871363305,2008948499,180121112,1892377671,878950980,417564923,1262996267,500358505,1730512161,903802296,1384110939,819950247,692532882,1551534266,1552818482,1956500185,1900008716,1168990783,1805254905,1207291301,1936140568,447869524,1121557904,1870608729,1294207542],[1925048805,949952384,590112014,661658191,2095076748,1783984913,367011872,263315656,263319432,849488074,1272083998,2123974493,1099185612,2012190535,1931159140,2043276364,2037501930,513103456,1698003186,2042912368,1309477955,734372384,1926131267,818577309,2041307096,118994138,1034147619,1051848815],[1560272480,811266222,1680125426,830495445,1913045767,573127246,1975237659,1533257036,295031768,1305098711,817416607,1804653785,1656389421,1980204160,1771812843,886034857,861822516,1757072953,700870177,1446125538,1964840897,1420854781,927782413,1591686966,1341811158,1426256417,1380678813,1785346013],[1781804893,1881534882,1407773530,1896398879,1738003070,146323343,584323392,1164920111,1145043751,446245164,380188583,1250054318,1744237223,287667018,372794591,1548507395,915763554,1263775700,1579469477,1562180631,1852721111,563151800,673598066,876638747,1238332043,1182788922,70742105,388409417],[943329630,1822334527,1962992356,478773644,1290177661,1206101687,23360618,1371431312,909356809,1912521483,1901137833,1444678923,94761375,1561107470,1969830399,785216831,1721774504,534616573,382840257,1165384308,1675303591,1377545608,1403115892,1499435730,302111112,1545064837,1651626128,1899899422],[1646239283,282555953,204959250,1221900303,171274660,589158532,568388370,201680354,2127895851,631086945,1054215556,1658095080,1827854612,1541642014,104826108,106334811,1514924895,2025643155,2002696390,2141094805,1408057948,551265633,1075039864,1809850804,1678121767,698696253,2129575948,1943487995],[999548752,655580886,1923843682,1798175583,1443669036,1071146093,465104614,1852851960,1386865044,233619043,1527882044,1738860955,928154711,1397450357,1056358473,1184991123,586527463,1094580969,665688699,1618906644,839195480,2047233805,753379372,1558417464,775569587,625665734,274654171,428627768],[742332652,86948685,1215363536,100033949,1870004538,237105062,832890615,1740757757,512084539,247570421,1953341471,1107113430,200111705,1673672224,1829849565,238817477,1433010736,981849500,1451272409,1825780928,2012517368,1951785579,604798995,925097456,959483911,1490891874,1462970200,1447090739],[718266515,2040079884,219845000,44806147,485339201,1685104439,552095516,1458018000,1583629661,2103245667,1541498459,1903323423,1168011557,1358066879,451516542,365597133,1908444597,1590676734,2071767887,1369657607,1865270761,1560515814,1396033409,497710901,2087132313,744960471,284082659,643220040],[1364621929,1351591653,1084161685,570385481,889154174,1491200049,490885840,723194810,271988624,1253362046,944130510,1304864801,916158885,1361967703,1359121346,308558083,2130320164,1782089419,1801230786,427208301,827685238,197385288,1364948625,1350930317,18229172,2073465653,2070544716,1840417235],[2024137126,942285624,1304241087,805536324,525188617,1332343046,1116202020,1923510088,830987391,1144051014,330940223,1779854880,1307705683,340548046,1258714536,847014534,152639019,1162201659,1093454750,1887927072,239012384,879552742,957271610,551033990,225227946,1875801265,1506974171,1904838581],[151914131,948002987,383311457,592279980,1599712017,418273975,366328788,1104808475,1063254832,489475600,1026457878,257390004,1950006379,1005158164,746572652,1144623519,1274366407,460361224,232128104,1174016490,1921602495,214214969,1790041836,828789871,1382205825,1382376186,217266701,1047617797],[472394701,975153316,501490235,223588951,769190832,947012798,1861775314,2029036404,2030951483,740650776,1982855950,282473782,1309272641,1515905827,645417721,1578051340,1276759642,2120399263,184459532,2087986767,1576686063,1706093779,1671428964,1590281147,1498667795,719078933,581669098,1857965888],[467126316,1691079048,517543350,2138817440,1122503480,2113455110,1729994327,698769211,1161338324,683142598,532504933,1003655369,1307481020,282533815,1966820593,1608881389,1216706215,1314538468,200724977,985986563,304558064,383039759,70719927,1418164261,1350276552,259829207,645857596,2011545855],[1273314312,100066348,830118685,751602005,981303878,926374265,1251061568,243943829,1702143329,690794972,775307652,1890894287,1630011945,1456520148,854946273,225207665,1436273682,1253793432,550881543,1657515661,2113496764,1417917252,1607014143,819128664,362451967,468992790,88388349,591394714],[1974545997,629414570,1298508145,951451860,1578481846,952196482,813567430,1398271490,1381061705,479718103,102736035,162366955,1872812139,2065440417,910441764,370869129,195760797,274664547,1212623216,987979221,1271757360,2076162822,389781742,1505214938,28482738,1692780045,1143650134,1258406186],[691764501,576482425,127877676,423525617,1393151490,1311128329,1540319830,2079837434,1200031907,759856878,1300356690,1091054064,1067405328,1965021301,338585476,1427042388,1708545032,1296788228,693274733,667286306,1838415251,552067344,392934076,760007498,2091609382,1633033077,1274278322,2007882658],[288093399,905447089,45086876,1576834150,313396814,1589140547,1556594511,634481409,49744470,2117197254,1978088536,1383173344,1251050689,1870189845,1968643498,242979786,1953535197,1115120314,1357033528,1482385203,753840680,2091850606,1551954093,2121016848,194565741,2087024203,1950661185,1643920836],[684747550,994046974,1019389848,416072356,1630833292,574155435,451622956,44746852,50095521,1707079664,1002338359,1769717628,2031728810,1716574451,1681898186,2114812356,1723457463,712418884,364591415,1545174625,1751096378,2133160141,1085214616,1238451504,403403414,1459264799,1801886179,588916813],[1961991037,2022556526,240526110,870535684,1956325380,945307671,405361537,517354228,403246184,1570176705,231938289,41091181,54215376,771603088,1120239862,1679177205,1984662466,1053360489,634692058,1342479929,1240096884,1290939525,468003883,1486867052,424711693,2019488426,1408482398,1334682166]]),
(6, 4, [0,1,2,3,4,5,6,7,8,9,10,11,12,13,14,15,16,17,18,19,20,21,22,23,24,25,26,27,28,29,30,31,32,33,34], [[920126403,1341868115,469006483,644591405,723086818,678772526,567397065,659170505,263745625,1391036575,2141391603,1016277835,744299614,1108541971,408077597,2008535837,1288764447,152296288,594999686,1160707720,195183214,1775147988,1681260283,820824614,361869087,1278698918,715104727,566543657,1753615348,1765305824,1947887838,157597504,1559764768,50456278,257018581],[180300556,1509195075,507738234,1612719454,567614336,1546547046,324062954,1500910071,705564379,948346802,194307586,1480649246,183045524,238047425,762986461,257629433,807454523,1259554410,1182016065,1155269702,620194531,805916637,574102087,1025120745,320143417,502457033,110869164,1202096331,1304704867,883923474,1873750408,634845450,180928711,632800282,601087601],[1222218995,1174871722,56080239,883129272,56215071,2067234492,710287202,1752158886,456225793,998193179,531912621,2118832152,1302317298,1581818307,2036568439,28589564,259799989,227939337,1387374954,1445966000,9817148,1059538843,1643653595,921739579,1165151400,249978099,58192619,1525513972,652763152,444044598,346033183,1385313577,743354769,1710716778,1721100391],[1106638785,1959544945,272534273,1017873164,1385889060,848950531,649218835,702754603,1677114208,781214275,739195886,373001439,1851321819,1665923835,1060109046,1120256316,1550475096,365135854,1452526970,682354550,842444445,247620332,2095226472,524920180,1092451887,436704343,1684578599,5528533,42632043,1771325282,1779021508,255100881,1640583620,571513307,690046113],[790089123,1202707,916155782,1702433105,1367995335,1627429869,565161752,1167977614,1430357624,1969378742,2035425422,999550989,876176881,1089952534,529659683,1350424318,318859687,146647247,1317574140,6158123,1142598639,55928447,1853936020,236965491,856628948,854043792,307847281,517411288,55825871,1065645429,1047175236,790750566,1469405139,1552238472,522967557],[1679054914,1725047373,70732941,107062941,1434640388,1539895530,2043275863,897555102,432707083,2037730064,1150958537,1745401301,157924837,1785817523,2081117629,1311330604,729252930,1547940268,1853684108,207969828,1087675337,346983776,1508003409,730355684,795040650,809411544,1634195705,1978945000,99981619,182621821,554804179,1613408738,693425323,865383353,616623493],[462879898,280414516,398134314,1513543130,468740439,106970615,629474009,392645688,1340243342,801280873,423264344,1590715643,1208417621,1492655692,594575395,1411238870,82540637,1111627983,3407344,837510163,1708758685,204818168,1003073530,1756826443,1881406749,1383651668,1902242493,1082413082,68628124,1377627924,1432436750,558613317,1318373559,1558445480,347845614],[1350781230,373067140,892658105,671594537,499670254,84670474,419886813,2029134726,1074206492,1619836750,394726200,428641104,199948829,1611374540,692639354,159803493,2143819819,961536245,1515635229,1970033340,86639620,1350508421,1238138164,1143544130,325617267,2078905229,1089846551,204890821,252356236,18047158,856903767,74816801,1170674953,134877440,459586977],[1021483136,84676034,721922495,189176552,383198550,897998326,1006755994,445048847,976253963,823469453,2055206951,1491757434,298315244,1207997626,251129084,1624781979,1018732750,2109034774,54528390,416742273,129889408,738961951,1037422403,1350242470,1893499510,677008453,875498246,574593118,1725748499,598850136,696672544,1111084695,1979302238,2102137166,1151074174],[943206149,1313655522,333271607,498461674,2028718624,666622004,1648546909,1299681189,1817996534,310008794,2090139019,1277368274,1764504211,756101945,165702111,1797303165,1620436081,476339973,526235668,236783513,2005608297,1603328704,1258070091,283316267,192043089,1298529313,718749995,1234251624,9945288,521334357,1332792009,1741300831,8797198,961815090,1555029683],[1062624871,2089703899,868719381,802587994,2098239429,1455775057,1524299190,679667094,2004321698,1549745123,1695280865,72466560,1671895789,76045520,293474175,358117507,18398600,1574665673,1650985759,836676690,1547249966,280677814,638579933,1219015992,1323636364,474908710,1785322292,2016330379,1510896887,1402136564,759413813,38249635,176749270,97338429,134024403],[991155187,471821541,1557526247,1481487863,1700711341,1523552094,374797743,78210791,37623651,1764511425,1299879227,2114962379,1815438166,1795186506,1186608696,936538018,876375041,1066433414,1131970377,1772356910,1355186024,1392708313,1607385001,1618226451,456171883,827518309,567404320,122573896,566283172,2046700487,2109308222,596084892,1819149859,1044807985,68910579],[1227941961,2002726927,190617650,479473410,1315423672,2077013073,1456380647,478774307,1800317422,2147468946,2029715007,99703547,774431555,2027000552,1467801766,1444016032,233622291,1757151833,1606171970,936669199,881547743,444131315,927372681,1625926106,9937293,1299699481,732452815,652685893,202539222,1337531668,1917288487,2013114457,768398093,361950017,1207674101],[1326545245,1697799290,70958634,735406964,485381469,585427765,2071874640,1165854453,165708812,172234310,1414780,1492191011,2111164983,2030144092,1370954197,296068928,642573501,1085978506,1419951153,523789440,748779331,1855016920,1572552565,1976989155,973722508,179841790,1023861371,1718558197,1930852813,1029004075,1700928550,777165247,1195142674,429358855,1748894750],[218982186,1124993479,1510012644,1688034179,1189888528,440469744,1173719783,810975684,1185585809,1136948153,455916227,827646567,2018782450,595103732,1393874315,404427251,2103331778,654507208,972872121,618830815,612862518,1274696439,1208254601,1993394520,1635382342,154333205,1807813251,1050180572,236636086,1236690811,1581859008,1715252870,1667467298,1145452272,1464628461],[368286912,310603368,1185902206,1451581601,1575752298,1473110868,587637081,457452294,1310807538,847591670,757287355,1651765133,904498331,396406144,404051160,1196335216,1197247982,273922991,1882113965,298992529,1601411467,1932728386,824550599,1573442093,460042717,346911883,1301898630,1926174821,130340547,527321142,1170445595,375511878,1117525968,1956274732,17820010],[1671880150,1963734267,1156317765,3764709,1712218919,921098350,595197844,311769485,1184050261,983258903,1745690212,250642484,2016583860,1322626645,1287711454,614097872,14413636,27522204,1979226072,1427003325,1060268297,1537010037,963486310,1031400192,1622838969,1800052609,928692811,900336643,1179315562,81105652,941866270,709625904,632003738,1108714447,1228555101],[62422016,631463096,1201457687,589805348,1833392589,1043227447,74990688,2105848693,815021831,1670199942,617053690,1293925871,925951738,942595437,2126747791,1196545400,260134071,80156271,1844668247,1546929611,1379049261,2065295549,1401210266,1693526607,1565752969,1137330247,1871909060,875116229,100193421,292875442,1700358428,369009464,1555576036,1018168468,1201872054],[1275212536,498626394,1514896274,1581960500,924302462,1297709307,2097101124,416057255,237390183,1132375548,816722959,352335292,863915197,695725742,1715494945,2100816896,1827649384,1987751569,1601718641,1178764849,142006467,941879615,1903992972,1107674981,968197242,735496385,1914086603,1542974405,1861886732,1682789134,1627463356,568749145,1920422231,528404835,1302756185],[661832647,1292392901,1598992394,101041332,286183580,1500634909,1330006572,103552116,1140276905,913646324,1499976222,686227857,399417514,1365345516,821714618,298367515,222524754,597851474,417150047,1874694885,1748829115,1589831127,1881017392,530931068,1373756396,864402163,81443961,1488628865,1474327573,1413168225,1159431851,208630028,938991985,2002579277,82905117],[2085282822,84777376,1449305267,128934384,1407045390,318043006,1237104747,114650480,1200013972,1170205383,721150467,360169441,566261277,139033827,1255102880,817220151,583701956,159440627,1851809012,1988375960,1449837743,634282587,1163308498,1608107605,1973903313,1731943407,322505280,1628728383,1815978388,56899380,620141484,1083880516,423287963,1212129294,1720133035],[855225483,909510194,136269810,317542204,1213673105,355372914,836138797,149268827,1023379850,305254767,1623065615,1110508698,926769612,908645431,1194165708,344635072,1826054693,819663399,888508101,213665960,88482524,50862405,1854006143,2129725227,917753240,1808241391,1468610133,583918310,1241943406,1606610346,1847135122,1987625305,106910410,1773248378,1495157277],[206243524,242304301,1334430916,695612725,102838726,1868804497,1641126808,1207286567,1003797020,1798984428,1836521019,1950175206,145136328,2029527340,1929326498,1969843478,1680747275,443272284,2045345931,1375349749,1437314385,57211782,1847840177,1053532337,507738800,1848857174,960024830,1838682109,142927376,743271511,1078571440,2013545997,616167207,1093321657,846156944],[152718273,1720620028,480447601,1239330948,713519814,182749350,108762875,1114969116,2103568508,402529734,1476714473,1988552514,1237436815,708464662,520457147,166607400,241568853,77522572,640345242,340301595,114189337,362586937,1262134271,809635359,2098054700,1902449880,989623234,1773012760,483574289,1369884143,1021956937,1761479591,1737018253,1164931707,381642016],[1435451665,164866834,1706479756,1280461640,1279483814,13714348,764247798,1574385741,1286500504,1188193029,1986612912,1010218298,786690932,340164698,1166767521,225477694,775303298,380662005,1918161285,1547203564,640342631,346307002,523120695,1420967816,284730366,119591372,444228040,2027203102,118608626,981394258,863757759,623610730,304309434,1938583367,1655512724],[1433824699,304673628,1416755799,612974160,1110202870,1906965908,226607482,1889799800,858567765,1630223864,1422120285,2130005708,456929147,877467630,562121766,673884343,49004613,314899774,1722841601,571802488,277382161,108474373,79783913,408460957,1991787681,1551491052,1407003244,1782000493,659317062,586471098,734224416,1713179786,1577886522,1789386346,459570590],[1579655817,2089422358,1618276860,589965547,684162938,998497130,1598097454,39250453,497647982,2128047940,1785328628,2108249330,263400280,1583783594,4884717,116720654,201468529,1257702468,1684927614,1863423562,645987795,262489783,851140059,122446725,762267750,745831035,161363311,599434720,1283679503,982357801,1882052051,952783758,303170820,1550913034,1939701365],[384287303,637607957,33030169,1799853699,1923841074,1911635379,626551108,1721121464,64063103,3733633,76544385,1221634643,633987397,860736820,1976019821,1258695272,1435697051,1257369408,316697260,821342065,233052381,849135826,1102328084,1264381932,300687498,776859736,468478225,517711586,803317804,873482221,344611804,558489210,1763773288,383357440,1186420735],[1774775705,55012009,1640427353,759115987,57967437,1003010144,1674945872,2090971038,1355727729,1313428272,1632325803,740758459,1519672891,1145422373,971310813,619882361,753916977,1957591711,1967879147,1313074149,283554332,1109008439,1371797221,1926989366,1538567761,286147983,18416918,1193360312,119814802,892110565,1647640116,1152193938,1728687668,1234818984,1805417196],[1520018435,128083673,1635485102,1434348360,1496276468,936801484,915144800,1506280742,528358530,528670286,1676721360,1398000318,681491406,1303151872,367252713,685126660,1682582261,1283357716,939091824,1615525779,607320032,1945075717,1193033729,595308073,1728739537,621542884,1104862972,1327598974,537427502,545157399,888815006,2079421089,1362988755,1866246034,1366312294],[793737649,580140612,859971726,333129,700790365,1784537121,1382428280,2106880208,948184179,74243958,1860820234,1304117512,1911342536,1268334925,1534356080,363529917,224279913,1870987549,1705521707,326748727,1210095242,279907094,8183608,848929292,423173193,556685,1096808366,775446182,198763698,2009847629,319962330,1458353015,973044147,416896903,2037149914],[395074760,1599157727,754145051,523292227,141249808,2111753980,726504,1487742215,249300013,1529864786,453057245,335173321,592399776,707389297,1815728812,1381064204,1207667597,249129388,1675112978,516554511,266301684,1211787918,605443114,608630950,188068142,299795190,1278189298,1917273624,471102196,22209660,3329157,1042284841,1137376161,1481044252,2138094304],[1185893120,1901426346,1057827453,1304497435,1252302581,1836169864,1079461383,1507526306,1780564135,307757975,1852091618,1817283450,955846694,1459446369,621346169,213594701,1629691961,247223022,516278870,1592610740,540205955,959810539,807331492,1769971637,289384319,1400164270,1122507710,1388378210,222695071,1312932062,1731686798,401620245,867726812,2066699963,1729458953],[1383514946,2028223849,1260454699,1539585123,1878418762,1233024817,1968509193,1300784811,1874261636,1893263147,623148867,1011983311,1345936287,1283617590,1912599,1716820866,822127714,1433523896,1946624524,804769482,159992303,949879206,154602981,302032799,154138297,1649624029,220132984,1032146231,755473886,1255942682,1809206529,716871931,311865719,442033239,537368287],[962603205,65723249,2106929266,677871060,1702535898,1933991690,589134451,1159806107,715492524,588647876,2090960919,708266143,1833413041,1634504932,1522587309,692311568,75488083,797782340,1327484026,1055181228,1199400776,443428031,1985159331,1505875180,649450333,854460351,1057305347,338848643,151206690,488424181,847524803,2052070239,1303364172,303558972,238041962]]),
(7, 0, [0,1,3,4,5,6,7,2], [[0,268435456,1879048191,0,0,0,0,268435456],[0,1543503871,872415232,1879048191,0,0,0,1811939327],[0,620756992,1191182335,872415232,1879048191,0,0,16777216],[0,1405091839,759169024,1191182335,872415232,1879048191,0,2025848831],[0,1557135359,468713472,759169024,1191182335,872415232,1879048191,814743551],[1,1085276153,814743551,2025848831,16777216,1811939327,268435456,1055916036],[2147483646,560988172,1557135359,1405091839,620756992,1543503871,268435456,1085276153],[2147483646,2147483646,0,0,0,0,0,1]]),
(7, 1, [0,1,2,3,4,5,6,7,8,9,10,11,12,13,14,15], [[1643604761,878296573,521547967,1869125986,744925516,65602573,1830602630,1467363745,740471202,337996323,987734904,798903878,702217694,2007773884,1657804882,640459488],[463790983,1822326858,1336194509,2018519997,325052945,1758009359,1338719434,179089791,269801337,1859832979,585865486,625536653,1609845107,1705987116,424512071,1538223250],[18640203,815406431,1352650688,575921753,495023468,1865857180,220904214,471554419,1217869295,915339078,261136989,1025408074,937036909,1043716180,113682827,139002047],[1153194637,1968015932,510981486,1570187894,1194727060,1806218620,1248885738,417693394,2079411365,1217850488,1170320122,1366761561,1191972965,742129780,1000943130,1640928135],[173423740,618110302,2111716863,538031745,761852896,2004540952,706245341,97949378,1971178831,514383054,1400433611,364651977,1015163182,1819795976,389246019,425706935],[1945652996,423461848,1879075580,1332256789,437437887,2062606073,720088842,2103908576,1703741234,78842,219986639,2124488269,731092135,1816705082,1515882549,597584199],[1742633068,2057404609,1614390367,638290197,231612899,308147643,1020424591,2131374244,1167454138,431474874,316849008,234903823,1083107525,1368121834,75912336,291774482],[2117384653,1682752050,1966860872,1729926375,1248394302,1302380225,1513810035,1534896927,549735602,1369472946,1600866145,1703848081,85958934,1234880065,84379948,1514523300],[428652982,68920428,1372130637,888590186,948967897,1342909015,1173876263,731224463,1418256055,1533268537,444937599,1690041111,854364978,1041966165,515924023,1612668681],[2064863328,1872397135,792330310,1011953329,1112422869,1038286587,1655989695,2081758153,469652772,1733767206,1014946693,962194781,302350982,671976260,1975785988,471691366],[412557946,1690693317,1202464330,825636210,1703681457,1793069059,1578547399,1996909853,1923158755,27547233,1640662876,312902509,1636407870,1839441646,144289477,1619430275],[1143815486,862902180,1491106581,315991747,383945143,578806463,973858283,1282996875,1889953315,1605318150,1990000569,1458454085,1024581368,1827575875,342686389,78892702],[1929144563,1431960336,234570875,578145616,731166739,801656890,1762037659,1502801058,960203448,781517543,905586977,1255818531,1151388383,1367859310,766859035,1618141872],[199746422,1390548116,1048203343,361120796,1048842227,1451360122,1859674684,222851476,1384418140,566493003,1695963882,989761212,1551178906,1897280281,1915021320,1648584555],[729658554,1406851999,1270000384,1945965521,606420157,706780420,236062918,323746307,1403932241,1762265701,875974823,1105027210,1505308631,1153199034,838369108,664035014],[450715235,2040005913,491736152,1370656008,1342172722,1917613599,864680188,194963356,1018697844,971787549,517698069,1912969143,73163636,1447514119,166268085,1747331057]]),
(7, 2, [0,1,2,3,4,5,6,7,8,9,10,11,12,13,14,15,16,17,18,19,20,21,22,23], [[1030349265,452464032,1770796037,139153436,1354444994,1417833573,124279318,1170746701,1838446054,876235955,350898011,145882043,1449772650,841405855,1289896499,329379761,1625191401,1081913638,1384248765,452155785,52023900,259643354,507743680,1077190687],[1507116498,315039410,1545712180,691743298,614166492,1921284509,1694555363,770810772,353027741,2146294877,1640436010,1341875347,621981563,1944501812,1189351709,1316636926,1708675151,1684887245,431898023,62227684,1925791647,1002441993,2088374172,1282355926],[322185871,396249887,582347450,145438465,298521774,1788317882,1123923813,1938184713,716702987,593452581,1471604541,1157875542,1082510322,2132636529,2100038828,316113162,806878239,1165934452,847316523,859536077,2013980803,584934812,314610983,739524794],[916609491,1848249634,1416748650,1441938644,1978769886,764796728,1223729423,1767819394,1844957706,482189601,1506290465,1653551778,751946427,356557759,1674214014,2139020522,846248699,520378624,664658412,1164623329,404397698,140521446,577789600,2020201876],[1985680916,1552084113,1198890841,2079774013,946449814,388027102,819384401,1461745455,279183222,2068234183,1853413887,165777658,1322405615,561614963,60300847,315317404,1953288296,1955375991,1495145712,40882039,721849007,1740407380,559898670,503240117],[1133952078,444632121,388169198,907904492,766885339,1641692016,783287086,431955599,680299670,866617314,399796860,1274520629,593720907,220980117,503359398,547467559,1610041346,1823954856,1280020314,547617500,1434945004,501889850,1470114408,1757415166],[430616747,1524782909,1607549804,345870197,2101899592,1825770959,1647637558,251676513,1312217949,1515246771,1898889104,1658509870,654288174,52944838,1463166539,815883687,23835298,1679810800,1417169131,860601982,1227637256,210127826,1263917213,104136266],[559821658,866985959,1016343406,1818398991,1388095131,70531324,1660060407,1250770780,992585204,339327808,1052856226,651305979,1592533225,787244957,1221869369,66789235,2063738877,141378487,399109837,715163967,342156360,875105852,876945818,1705659878],[837297547,205614618,1292463527,1270108503,1352793699,1781286738,1355846338,1668954512,1780536144,1545863952,401507099,1420173932,1822273140,214926974,1570618580,2037926137,862163514,1783324432,329765575,1195388498,1262096717,1467983874,1114578143,640498784],[1260957776,1657190709,808732708,883735742,1637400165,1751390390,1122721467,2135597687,1159498657,130107828,1210818516,1012962577,719491456,1366832053,1742345661,384941037,1735893070,1445762955,432374471,296760161,2110175312,1708517844,1393500159,1223663358],[1600356381,2079448810,1840570300,1089520787,1740567882,1543339569,1226063014,1293335315,1620678252,666862837,1610369397,1638344295,1014196239,1876581579,1125553597,410093380,1644998388,1277649860,1343359997,442383733,1217807365,1248170516,970473072,1409338044],[1705416628,706331020,1823903870,796707281,560328262,1788496631,947900063,1760530071,249310804,314021415,1460569403,1973342025,17902190,1445352984,577908886,1388666729,176212971,1517098545,1312617706,1050847555,713086151,1310072848,736759175,945412657],[1242189800,2140501062,598073446,1281993444,407242090,1336560585,1756830432,1485178213,972726402,2077413890,1771416933,1535149956,1159288434,2073897821,1609386205,2086144243,946940901,1354176506,1241976646,1062239367,53623974,996867058,895420279,133239871],[1250009144,1099592011,1173538458,1350843534,153053047,1105036223,1772354440,1472388064,1163151526,266841564,837168299,251532436,1579581763,1505325794,1408159439,394671835,482992625,775121192,1397229212,1989813479,319419543,1753243957,1130437038,279159126],[1402671588,990061205,172981608,491209816,683682366,1595931558,1382574814,3191868,865352994,777911647,928504832,1378529907,1155849268,768937387,1634375411,1946607679,1528826705,1528234513,1532419097,1963529052,1960525658,1202447563,793347633,2046775375],[1748930301,933883157,723338080,2097560203,64921399,1876614403,1793232249,295172433,908391206,256980000,570589904,825791319,1734764358,1457700619,1254342297,1939278932,716606388,2120664974,1655121965,1149413528,290249212,2129183981,1635526527,1834934520],[167746746,42725787,1896895837,970641238,1508586703,729379543,942686139,2103473698,1740160663,259395196,1446411493,1020261137,157698268,1653352700,1429530003,1138513906,1673765217,1130052347,107482497,1991939637,1149080419,435325978,779456025,1929187078],[276078890,416436343,1191168793,735684356,1293732988,51157176,343380403,93017474,365715843,924359674,1382947514,1740077310,1228495608,1324786469,897698159,682586792,1500944257,303076992,2084299207,1596198024,1805290552,1468501524,1632008015,1688365842],[1701021808,929699650,1921807116,1904483064,651930176,856810958,1300316517,1428160639,1979949025,109822034,2141285719,1264810897,2102520381,1722093582,1798951926,1243173535,1126237544,1817229959,165185615,1540440343,455104569,953648441,141662318,1756465151],[478669923,709300970,1993716096,727879224,879947602,1522510622,1741747959,1724244891,1332395977,1630814558,255435305,1361272211,118814064,5532879,826319469,658943976,1259489628,1018621443,1547598275,54559901,1128907313,865026865,296185726,1145400439],[1898539606,1496224058,129926079,1587217002,1886430788,2072896957,2094812377,696310576,1691938537,2078507376,1712055041,371057794,867667358,104494678,527763119,1809243221,177403181,2146682021,1896768849,1535763041,1510202368,2123185817,257867225,909053909],[1633810695,1244006725,1028245845,673113255,2119978816,1249397141,207320812,335715899,457262732,1466944802,1974477554,1461281837,1210389478,574691917,1009451129,1310498896,1443569639,1203686242,1732517279,286545973,365510271,1997384779,1667591260,1673662553],[1558770111,1347265073,279544623,1500198857,360679617,922440959,174276218,1635973169,1559181446,1207467076,1418161704,2029619763,362769603,1760398590,82749067,538523243,184179486,953457868,205732730,102738554,1208067364,15650208,1140728625,212542756],[1898202230,1078621231,1989786366,131838754,1327608550,1741987687,814518327,2040049871,1474797767,1836613084,1666990511,2118188598,1536745902,1042775939,1281403729,1396572833,1960159541,1590371082,769585067,375660559,1197624519,2115345973,698372014,568440977]]),
(7, 3, [0,1,2,3,4,5,6,7,8,9,10,11,12,13,14,15,16,17,18,19,20,21,22,23,24,25,26,27,28,29,30,31], [[18577781,1262201158,147225137,1056419039,1863029597,1108370765,741336447,1772256955,2128105797,59559917,805024154,1190468898,55229364,495348725,1911526745,1447723968,1904063699,935191991,1075654532,1774887796,587393998,1498771017,769750396,1392779021,1194538424,2097367397,125545235,369774067,1100719260,1427222321,30606889,1079396175],[1680157877,888835345,974032857,1927536837,169507324,333005643,437172765,205562712,1541859824,159645800,790795109,302203106,1346506716,1015336845,723896292,1702795446,28067861,523620027,1933916460,1840696538,787760554,805741982,873829931,681459800,193722171,362454320,682479015,733512464,2046033229,1107153389,1557356688,359640122],[789384187,698247537,1434439527,1479145263,125499314,2117683234,915472929,851380478,1872129208,1731817254,1106319571,574500504,860539253,1263296815,873392712,2105536769,1943980792,1343068923,299451970,1914907364,1723020756,1303445238,1127419095,1126618459,1567130732,1191468614,1423211476,1675026685,250551292,2007722303,1938124232,316388893],[1916000906,1273217854,1916293423,609107326,1285198766,903906648,1512723008,1916272793,869729400,804769798,212477349,404671133,852818968,1428885116,250606273,688689362,1511518033,209691753,1863268322,2088188081,214359314,1273473711,155396813,549954655,1850850394,1539130219,1195768191,631155787,1780385165,2042543121,1171221040,160645916],[1908129812,1623512760,1821853961,1225936272,647570629,244373800,2112106290,761310237,1617562870,1417647904,1301401446,2042509812,2128061831,462339080,1190359561,114827391,32492436,758299663,1890395702,878778740,353551321,1516028133,148516160,385550688,1321995216,2028630384,206901963,583300761,1548131637,16989738,1332806148,294845456],[373733352,1778255593,1648196505,396099941,1577693535,507312316,462987298,1998211605,1319319312,122347178,1774710040,870588406,192626221,96018157,220120618,369814259,399915201,618486516,570881427,537499920,267960263,971910426,1598972318,1571095757,1308420513,2097165001,1135664162,734776928,130149988,566391280,1564547762,1126165552],[643237040,1261856325,1276149238,1967295887,1049999834,712711414,13428261,1427129677,1554534686,445781915,881244299,75854384,739481998,705877472,693264117,122936190,761341144,548793762,1663903251,1954453641,403897855,1474634471,1430103495,462559148,1006667382,298969282,1746359095,760975436,1680966250,1229447425,1948996400,481995106],[7756759,1405739004,949919737,560699625,1175552479,1622487952,2133331204,702027091,1318317473,1549901207,2029375748,1646359164,834135808,1032525808,1098417422,594568866,2057489967,41123606,1130835201,1842811946,1827821814,1233203628,2059177151,1353725464,1152097242,2084510545,819139388,1062306193,884954789,166515901,1236204766,1657119894],[842708626,477743187,930008934,2009962160,1375952131,798964540,1355422131,2000757836,40687781,1536289703,2089751390,180186315,451918450,415063573,611840985,1780228989,440625711,280255405,584849893,2039546044,478886320,1558902260,1596200600,1916124926,1772158612,42950077,543754230,766276874,1006127885,34533717,1022703461,832369320],[162246307,1279752657,1490398851,2014350879,1730881936,56290998,321520405,422095660,1001407638,154934151,320493027,2141447519,1195877792,844941468,1151810550,492367685,1456658787,1487698415,1664724090,549836654,1147369972,416702696,1666518022,1857441159,463885967,1401137520,353079851,2028872464,1134192327,1363275451,271085214,710551985],[540243097,1002182265,946747212,815615228,162700368,359743703,307225012,1518289894,865374281,721224596,1993016162,616910794,1426326075,416942803,1334308847,98351242,1282422534,9053440,752433361,577984395,2126559822,1519536573,1784279412,1124605012,72993699,1840424731,3652296,923439674,2039356959,2002669266,829633689,1233100741],[1479429425,2108623504,460755886,198767160,735757278,1341429568,1443838114,1904180589,502428062,1911859084,1124186334,367953302,1050847715,1821932843,1423069304,1687476354,1450465709,2091491713,1575607883,1548247832,264809686,556033390,835611036,48071770,472702748,412659923,2016487067,170317477,687978908,1372264111,684500462,2053732879],[1247994290,138167398,1824983423,1606702755,1281093352,1141574964,22915110,1891864852,585063557,1765863804,417568205,1361990148,737860082,1416093616,1067474446,73781625,1122273072,1210463936,1084118460,2026372762,1473394969,872471271,314260387,1590346813,1332170565,1911913551,1696653801,1634625328,1744603800,628286108,1839298530,627455552],[1737730292,575676833,1422741767,2145759551,43293665,545427213,1900629315,2009973037,1465525538,1934614210,1257569643,244317642,911876225,689235052,1079379193,1888108153,1937978732,1690840522,459590650,899772344,1722433104,1996937901,1984853725,143691945,991315914,1503482620,2095388942,73248296,1190260640,1121487,1227917459,1045669880],[446304777,1746721845,744241934,1930936689,160547055,1799677033,1009366295,976088361,169027881,409930959,1786721543,1666777490,80721905,722934400,2050700580,302117275,1047315458,1257560290,1235629156,1386580252,1278076044,957843770,1038357335,845000665,1348260244,677513389,879491357,1460990342,1273364735,1417404165,115378687,1322159075],[1151037547,1171180225,1768268394,1717688252,894708454,581261425,387451581,178160182,2057869730,413048596,1787969918,1373603254,1675871045,1824271341,2022282270,1894478236,134090234,904568841,734548187,2053706033,1348903900,626798735,274688204,1835980764,555299075,822131795,839794768,62058219,156535414,1014230144,407907351,538090691],[1589598944,1233585531,63142588,570470958,673948003,1883356560,658253593,31226327,929671245,1041799625,760947132,963303729,2086026236,2083295723,891522391,1895393675,996945964,1909925121,467864960,374115622,1010912079,1942909863,809969258,288617975,1548069480,1500872566,281027774,2071356937,2095738443,1182084734,235758989,510349171],[2138812483,1703406206,164570958,494508310,169442621,995099718,1250644015,1564374955,626510092,339472914,1281469142,771317458,1851868364,760406231,208726092,1892613325,1882901131,484880146,1718733675,121205029,840781615,864003314,2133953556,1366378086,1750806471,1572183868,1934304323,252897136,1239451127,750838404,1065715368,360822256],[1059334043,1978202087,1490660444,1052029449,947644239,854465100,2080309716,1023271727,395889441,1869644789,262204325,1879962648,816798248,16892316,229409502,1448599099,569358696,1151625270,863779839,1713780950,161582638,324003983,1723746663,40090875,1926005852,931605909,1202899764,164667417,1093159816,420620866,345651108,1743613012],[351901736,128806718,1745142568,906707369,351465895,2040629007,1063536767,1890557978,1073812507,1209594150,907547207,2098116978,699605897,1334711177,1714513828,326475971,1937477565,2098353326,1356361334,1143758136,1248690664,1125613992,1358612728,1873737073,1887726498,1292790578,1461373501,1492591651,1614548578,1063771030,1612228647,672286286],[311901466,1027393770,1211402502,1471571687,1379358684,968248618,1336289700,458337104,1214516877,1960860382,2014063805,1614359505,877451006,179546343,1937809756,1731591717,838262711,1646729533,1760141791,1783870548,953377128,1705241852,619873734,828696687,1610234431,1821065657,2096780480,323450501,699272937,337637100,1602321564,209255444],[801614322,547034281,635230640,5622586,2021432500,313481158,1214572149,893236068,1866733980,1902441657,904541767,36686056,161716069,1795307622,1304796355,1829341079,1870809833,1477255248,1687716249,1925450008,1694339499,868905332,1808259424,1227444132,1595371989,1544053520,2092044112,1855392786,495619571,1874183600,232835451,2082309219],[724054506,780822514,1318057384,998421563,612864606,1755176989,374043615,2131919660,1559400526,1575135532,491347983,84554322,2005518770,37234377,1848135728,165513409,574588547,1520121532,608002719,1816518323,1949913398,1741831378,145024240,1805409236,661812726,1326544443,1640743565,413269917,419880026,1943152400,367873647,2063481401],[748062590,1203708087,1524493564,189281241,993158125,1267563558,1574111111,703600658,89856030,644884217,1348531764,1536514465,1963693794,1291768766,114603811,912365225,1379012443,902335516,2113046495,1240367429,469078121,1139598623,1555903163,629531838,1588796848,1239392927,853834535,38267790,1345048600,151223925,1549913662,170699480],[1195972108,158352460,473963067,471404622,421233321,1146248089,603512336,193611633,2146568456,1407469985,2069131516,1022300651,1402238540,155773671,358789173,1513436419,6632527,306136347,1810807360,1936021536,1291320628,90357746,1403436817,1187059424,224738448,1230084091,966916352,1778228494,831862126,1340498761,873522770,136463663],[10717013,286799586,1172007556,856816359,177997980,1824434217,155134605,566756753,1047194846,1874289145,1535453639,1269282929,425080951,1679958101,1402303958,1100327059,584275148,1262028526,1826982524,1560811127,1244113686,915993916,2144027274,1077078332,1873713084,16309753,1814313289,83682462,1541456387,2012196900,778856292,843071273],[1531981758,895957364,215091424,1797211966,943853982,1025944129,1859438943,814332803,1108562957,72213707,374716844,742400943,210265009,271170536,1553622491,1417549060,795685525,615415,1371572517,575798760,752285350,1783458028,1987873057,560109114,161095536,1592585511,753413493,1765719381,1934292392,1142309246,837693015,1276680677],[474288978,1164872855,481429490,1028007425,1778684508,1621505583,1362063597,453349515,1311215453,1839106383,927505156,558349364,1319240271,1978880432,2096115588,1793894544,1518295456,1605777838,1238426231,99343609,966136138,75761474,169899539,1876711152,1886571544,1150119954,1250667159,1630999420,1659514303,458138991,817818962,2012827144],[1756040409,316702251,1891706455,1397101656,2054240453,1937206367,1003002812,764143936,1916799923,1449562338,1252606054,1599159839,901464352,1433542118,1211754983,104780483,1650041806,689047139,698739220,1860002123,168282863,1846394437,1093032403,1913766764,628410247,253360549,929878196,368050898,833332534,1588552260,387024485,1380304888],[1334251439,1748787828,1100293794,371897421,1927205521,836275513,1661669591,1398913946,1985992220,332529317,840423037,1695190445,1410577687,224049611,974587526,175006101,1015225470,2076995779,158376457,658022903,833597819,124562088,1553124261,1024857806,858718819,575514111,1747847865,857520978,1572367834,511245284,796721374,340417924],[2030874611,2094339447,1939415690,882424890,1107415925,1861842495,2045484317,654601699,2034227736,2071038675,1165402118,2049421890,210680499,1074476909,98236315,1478511067,449511424,1731974202,2090170998,1422668918,649778555,410810183,431735060,325539695,1226889900,1603607166,1546704677,574235827,1336302189,1161131138,609445806,189196858],[422215425,1914035986,1606237492,882508668,839393957,798452035,33888926,1982202938,679384273,832753906,1012048061,1701642970,2143976276,769911217,1046994924,313801226,1416580292,1425163688,899861803,2096674888,1895139631,212696282,88983169,1963856633,1858990797,459994226,2048951248,2016781474,1585968915,913190899,488001363,1691795248]]),
(8, 0, [0,1,2,3,4,5,6,7,8], [[1105270081,364446763,688560745,454723368,246661064,1828302886,2013990948,1232646661,406594216],[1271238700,2132784798,329786515,855920613,1592496253,1255027624,1910971308,984641395,1232646661],[1079542055,1178327459,854099219,850221197,1375710078,1812031321,899257685,1910971308,2013990948],[1741521206,1928089720,1568582900,738894388,2069291418,916288724,1812031321,1255027624,1828302886],[1973288512,1534729172,687713898,1973725378,984265018,2069291418,1375710078,1592496253,246661064],[1490303297,365717035,1062161522,1052395896,1973725378,738894388,850221197,855920613,454723368],[1213518667,520932036,1178011573,1062161522,687713898,1568582900,854099219,329786515,688560745],[768090456,1817031753,520932036,365717035,1534729172,1928089720,1178327459,2132784798,364446763],[252226059,768090456,1213518667,1490303297,1973288512,1741521206,1079542055,1271238700,1105270081]]),
(8, 1, [0,1,2,3,4,5,6,7,8,9,10,11,12,13,14,15,16,17], [[294784039,1565765539,1197739575,974540051,1526833887,1465542465,926843494,730953094,1642855833,1485737293,1280762114,385505622,255537144,1856553288,1597010244,851728681,513647833,1677136104],[854874504,1450778021,251588644,1919514878,1856800727,2029716337,1048529942,1571584978,879077902,2007070042,1663336668,1683875918,1447997455,356916981,681616942,1318380521,1004865260,1019687282],[503490360,65675205,1491153080,354367971,1238881677,694321582,764115343,1177910804,1379920598,233385852,1668469926,453966443,47745880,1551152336,1372363362,1150906788,901590085,1084600156],[1847564898,1753189318,1547370260,1017630851,864687732,785132625,1053456863,1143463442,959410987,1201232084,1925342006,2035924847,28895946,1049548430,1710019473,201970674,914616264,234595470],[185656430,1961824755,848291525,1438391747,1330910142,1038596874,1734151547,1296259110,103416018,1827468232,160751300,1701556962,621786450,1130599134,1489686964,1974279750,417332100,1943266319],[1140274970,826704425,1490947826,785506916,421121653,830204704,1218045371,93034995,2066481933,148380202,1023427869,648055198,1599438371,937291081,1747078741,1794862860,1126063728,1048814913],[1455519444,858790109,1034149297,442720814,503011726,693452787,1261891986,251170331,276710190,173630409,2139898225,197769820,680838395,1968084787,422242091,1859459700,1668297019,1733191301],[419339829,790227121,1307057570,1102212272,1370631504,219660337,2088409523,991701949,1544491829,376706955,1843345435,1439851658,1493562810,1522275796,916978836,1136781868,435532910,1567637163],[1209938188,96658992,338903617,146478583,1764050994,200244815,766118223,632195860,85871154,1816587944,1671459254,1981811919,272939939,2007999058,953910153,335134251,69252212,1738747612],[1257235278,1135059871,110951908,2020644325,1227140002,1001213736,450636527,1294880409,144446949,1322537651,58519794,1312239684,237854244,227628666,142124977,1345826316,1509019925,1745131930],[885145331,1663601196,1829131281,143353378,715250813,1553811171,1207688993,365679937,1171490920,989037356,1983456813,386658304,537015074,565424353,1201186227,430422754,315162604,1134513721],[199857373,317608511,1692485027,513329084,991300122,1481630262,1194308601,634660057,1660674670,161621481,945199055,1028415508,529467348,1697212261,1538045169,472543101,2060259244,1613627864],[768656442,1751993643,1442663513,699171052,1702553204,347255499,1556785761,908686014,538392544,1379274683,984978697,1890029967,1589399207,2076769601,502108826,421763991,1903999105,602381745],[2042820497,987959178,1134622430,2007112911,1292562189,1726431130,975840944,392009001,2099408184,564756850,1798812977,512704219,1858979651,1435020092,861466626,2067268105,45383569,2098607968],[856333687,1819980923,668252853,355950008,942522602,1646899048,1164716141,860739538,1491904629,736208449,1730601501,1876363027,808759882,422608417,901837579,363148619,793773567,859993704],[1290924866,1089113672,1237560211,209185024,2123913826,116036701,565761742,1930812404,1869237393,197368353,388952669,1653524241,869940450,505183760,1148608411,1124662049,1824954582,1854807623],[2127616706,452351791,2025913714,1154422403,830664599,1232908825,61725402,1950928638,1803949317,114324237,335059322,1724579884,280383332,1863489072,912670386,1552341175,1008300461,657227112],[1497890722,1770137342,857704358,491452845,765335032,1158234288,1274480014,1322860276,1364615711,1186530215,1258348174,2113827356,1876570448,929688750,2111407603,1031791539,567494263,1956598115]]),
(8, 2, [0,1,2,3,4,5,6,7,8,9,10,11,12,13,14,15,16,17,18,19,20,21,22,23,24,25,26], [[1715492608,630687860,420104047,1454122165,586325640,1356323670,1315481340,969440533,1563184531,2016444949,1872819040,116410065,1728494745,1537979739,430166909,677024075,1829899910,132783150,717481221,1105693293,1051411887,481815656,1445903585,1905497722,1378602323,1014856452,1466231516],[1106974399,1688838542,1894623560,1740889017,453472192,890364772,859881401,1531177743,710946337,34610515,1152236875,1751474639,124066040,728352802,2040155750,1781487123,2023840623,524608758,1791448678,2061194004,1796586904,1758351754,545456816,745834538,740194317,1820136059,158942791],[1437010794,1345729418,1608082988,1470710526,55284582,21233561,2026993351,1142224484,546261056,576671311,1430065718,1474193444,1830440332,439894053,185824346,247113984,2049502244,1601615631,589570549,107377325,1172091460,1410948649,1774818831,523166231,1430994971,1898828986,1560075771],[977539845,1715963368,1501137815,1964463378,835827799,1666161877,1029263280,1452537753,302598644,1754124370,750024481,1725397392,730712537,798121429,1787663741,1333365858,1494313087,2134448227,289591970,1953283534,1518788956,1484850646,1992943130,1831306438,1039389946,1093037299,1309786472],[2050573625,812839541,1118587098,1237966830,1428819727,1462078463,894276127,1779214543,925305552,570305095,174580060,1803176460,227590032,542903117,1640183758,1766781817,107500272,1286216789,1353139282,513841388,1731351393,73888764,1895883413,420659779,627189520,1133784809,1202010073],[763812029,1212903156,179016113,1644588147,1921689220,1145125491,212568634,1821616882,667031786,1316042827,1602553259,369430344,1343227455,132163748,400955434,1488112612,435849739,1008400779,359346643,342639761,82446669,325697343,1893487942,1684107069,1358187809,1509134262,2143109504],[494192877,2003434899,1892869717,928826997,237323421,870588262,1296076159,69982641,1721948509,1210349575,1219202139,1525406869,1195519919,663364301,753022252,1430253718,1437474915,1734502776,874016320,96362299,1060691093,88830291,1693447064,1430833953,13685395,407232548,1707991702],[599135568,1277242000,1080087748,317371151,1957015591,1527454233,1228737610,1712889574,680653721,820722427,1849943951,324247171,1253318668,1743901306,151158998,912778960,1225826578,1212178495,757843890,1489466837,1153732704,1562309910,1029726378,219702279,706301040,1232441258,1818020729],[1270803884,703241314,1799656070,592716348,921828691,748815294,1920417741,1695995935,200865256,1690651206,143574511,1196162116,107741686,2122625773,130800434,396820069,722570949,1468919202,1217693580,947526259,1676696682,351789830,2034311997,800110341,890708329,1646218407,167806931],[25281454,409367916,1693830449,281664801,1843433059,1862261677,119191250,1001274682,1058627621,48375114,575646229,1589527022,27580013,459280026,1800333648,262453240,1529193531,406633891,1221044525,1931970305,1233027796,1865056967,55876999,397951453,957329645,793980281,1785707296],[1140727567,1474009158,1814158232,391580404,709501802,140942078,147064534,1171710295,1772795309,519933813,492152457,187196380,863211572,2056842478,1849984356,871215100,808049193,2120453253,2064938977,1485531319,1402030597,1223428399,2007648194,78233105,458813319,1342588667,1795079271],[1117068083,944480695,1368912168,1438169978,975395548,1883636261,792859097,322385972,58495378,1008218294,2010067524,1667246833,2075545444,542727297,344523837,1540499203,1093602353,1302788664,381946872,490372068,505746197,1169479835,355533419,1608127546,797249185,626103856,909891696],[125321067,1666957945,1545757276,2093889638,1080772030,2074936418,401326337,2040146405,1600684466,1199030003,833709282,187905175,2004875250,1247349878,329732734,728716351,73886222,1446538418,947866180,1861878766,726401995,1613590512,1399676871,61293179,1243690192,596481503,1535522608],[1513923810,1147760678,590077612,679300202,1808762521,1505609462,1147911564,618547214,511210698,301009675,447390506,213094514,2058732191,1657042344,2056636010,539880641,1092615005,1029010643,1941987483,1516057290,966551037,1322451950,1079580673,1129370338,428087179,814132942,1003342886],[2120951986,1002257443,1490375867,521713742,1741892165,22909000,481648515,460898100,1718979891,2019462472,1455449899,1948132255,455985288,959316656,894628857,514242581,1545188840,33829965,1612859816,262217904,2012318283,1826369886,306107732,758400704,1234985661,1565852506,941045487],[1362200662,1185788590,1959357005,31261670,1759907298,782054704,1481609003,955875126,1657100310,1039923183,59448420,258976044,915453392,716507253,2075177960,645739830,11891998,342457021,477034021,1346363354,77468583,970124540,923756249,145325519,480300241,1526558206,570937907],[1363822699,2105604768,804455503,1542311524,559753531,867458141,128432034,2081907927,2066326688,451956447,379530855,206264815,1111925537,2004967244,1855693476,1401108014,786926720,566132805,2135240995,793728471,467642525,511939573,1895843212,1939091120,612738274,1473871700,1337739887],[929540135,1261363563,634073816,188472071,633093008,1150279732,670920217,1181230285,904224392,828181435,2008434839,1227101815,1997794031,2123112234,1935386609,843094615,2107156338,500258641,2065185148,1113468538,653794315,1991805286,1563337597,1300316521,1973501728,435701661,144705575],[523243774,2103020868,567389835,472967328,1550570251,44263621,818555172,547886136,1955975475,712223480,465657184,1194800844,1467745609,574250817,48248860,2140824348,1933099395,1424306194,212012811,1310444798,829432928,649499633,72581552,1768816945,1727352698,1254904852,687562344],[1954031718,51758817,1724258521,1135629017,962096715,2029631413,1129195977,1351404885,1333902226,694459226,1134920782,1962602450,673915768,1770522707,1315419963,614713018,1215092860,154217738,1699312483,495224060,2044684685,1016683542,2044404525,550711335,1994938430,1372175930,1600454694],[2068389372,1083180804,353791245,469425087,233306078,243129586,1322467033,2129209806,1861156442,1729698934,1062949464,537555937,980225826,107658577,1399051992,371723501,767676805,2092013013,1500405066,713773869,1736414962,1734570826,1734847539,89456959,576369190,701157049,1282716134],[897586155,1851668783,354912364,2066894471,1793183753,854181176,736525391,568046133,1744204182,1778297711,200026138,836285251,1005323825,262871726,591147856,1276850629,2052949967,1170182319,395414345,1999288597,782554325,516253657,356470728,1631515133,131256281,1048047221,1778188778],[1191427008,1752117590,2075228752,827536447,385621337,1315287181,1613248655,744188954,1407645817,1806145385,1357832406,996730357,1857951673,162500200,1738470406,672303704,1290624576,1701784060,1337230824,122716240,1953178822,702220612,1232878414,6154153,788034807,995602569,1073632814],[2021411688,939695767,2018656412,957439517,1582437529,69358643,1081491311,360587011,1518495657,1645083996,614865111,798110089,905290924,963453368,8225561,1572314727,256004848,1870452572,1023640573,433089692,932642592,199306577,1816326506,2098150392,131722863,938613659,464529121],[2034522950,347746398,1591514636,71643588,1598045383,686965024,1671016353,1526838777,1218785271,1347691263,2010768475,1092107037,1917421722,1943590666,1748330134,1525407960,1265552866,1286756616,751719806,1653661311,245179729,1403628495,739927159,1801709975,1930930830,2021451297,2014258068],[580424026,945375368,1253947401,1034079539,1592916236,1190513840,1502190578,1931275578,942115732,1824237131,1457821130,1064700931,694672497,272977581,1264432465,2075081175,1715617633,208981016,570732460,640256472,1409880750,1070281309,411910043,1123748672,661944185,2012567611,40278876],[1201826659,550288676,1442358196,116405296,185467404,1729815325,1877281764,1376455580,1501141659,1125618069,1639377833,1031719522,1022869861,1702613549,536364238,1583710091,1173152115,1992976227,1039228977,2001222527,1999897386,1304865690,889801189,2078857086,19428844,1163636930,959789244]]),
(9, 0, [0,1,2,3,4,5,6,7,8,9], [[98187457,681001199,574045526,1968035463,892153928,619094509,756157996,807637618,331376915,216090171],[755502789,1145123065,1863843520,1563743719,862248070,1396608975,157561260,1694674644,1227887981,331376915],[177586865,1187864380,2012355104,1538461888,975227658,523829024,1861019970,1482171366,1694674644,807637618],[1986432126,214396808,273556128,1232595347,410477479,1249040194,60011882,1861019970,157561260,756157996],[841736492,1449254318,160983776,21910954,1778678650,385916555,1249040194,523829024,1396608975,619094509],[1481918794,1458639138,446889646,912348767,1223274947,1778678650,410477479,975227658,862248070,892153928],[689947852,1446553221,1827726873,529716938,912348767,21910954,1232595347,1538461888,1563743719,1968035463],[1621247512,1530524247,176406063,1827726873,446889646,160983776,273556128,2012355104,1863843520,574045526],[2091653278,1525614416,1530524247,1446553221,1458639138,1449254318,214396808,1187864380,1145123065,681001199],[1368945596,2091653278,1621247512,689947852,1481918794,841736492,1986432126,177586865,755502789,98187457]]),
(9, 1, [0,1,2,3,4,5,6,7,8,9,10,11,12,13,14,15,16,17,18,19], [[904353644,72077372,1694765396,123534418,1455560332,2011683157,1481076261,1427905332,1217211375,1069762724,998886770,1337225136,1461241990,369614992,524132729,1178312635,245492819,1848025012,885920811,926338182],[1960765247,1463171374,695058386,1428018118,2102202205,877308432,1733392275,562716514,570198622,289610468,724040440,729661980,1914637076,1633765158,879076328,1399774093,536600853,1079548227,1137102512,1931890876],[1419440882,1029255434,1375914549,1649290690,1711792693,397220470,686743269,441603246,342069894,959544593,1524559053,2027672489,1923805470,62173267,7875248,2093440453,1924383657,994481216,1133014499,472651789],[2000891979,1858839986,1654387235,642982945,1167747096,1039978597,124890954,743907681,1238565688,515063821,556457918,34793259,1738002812,1162617721,1038525084,701478609,1043067270,952195309,1357203818,776181769],[1347297440,136976224,1972738717,109008811,81528698,29462132,619430550,757712960,1777130591,965367140,2104222623,430749808,836841681,617148734,1827105788,1164647541,558199558,1601637831,1607688520,1157844673],[1230482161,346058287,791774256,1429914377,628848963,1362529554,118209097,1521714618,454424395,1306242837,374525550,621651541,1638544830,844643317,1858999447,1171406064,1418970190,1904129419,88240945,629952735],[675886406,1609284070,2144062857,1202909430,339074180,922471070,1446263577,231396690,1635209663,1080132953,1976190325,334750338,44684403,1817631061,2067149774,906215908,2061938040,673911536,2008543732,1726118310],[2134235268,1386807059,675256445,1760313528,1111714056,1455095,929831900,2053463158,1524863008,2057842846,349806450,1343641775,1508749455,1675236791,517426922,2083742138,1113017782,1253493968,972977690,808835521],[638875680,464610566,1223113910,467164100,947130481,987984935,167745266,343268636,410468105,1140488360,2069521356,1507719230,42146708,671387658,603295889,919783949,520516983,1453505706,835799816,1021365190],[966081057,1107635426,851261860,2045816890,971574301,601530295,1131956098,657694862,1953900400,2025524500,2013099236,2108087442,990680610,884295520,448931677,501442755,1509985435,1857109786,863070389,593313373],[1490991462,1991293036,176927757,523617699,2028764116,917966393,319792538,1265946951,207914572,405868316,832439981,187164738,664364313,212364197,776729615,2060468055,1928950748,1849886728,1555539431,1892169853],[535766199,383763616,371515557,2025047468,632961831,1657398283,78747561,211859950,561248635,1315759770,864515621,1069727615,1202535053,1999717373,6665268,788813494,40479856,982105421,503206835,1105384112],[1573532385,279136257,746379203,1147357915,1729370162,1497683878,392090503,1954464158,88976403,1015150213,793135519,538288234,1952412119,1652390850,1859016021,1660430665,1251266467,1007970336,1641257980,1263379280],[1058725100,190869404,1069928311,1309565564,727259654,91579151,2090088680,559315540,1852276237,848504783,1445012805,169480489,263227206,191301833,236931243,1028953367,1124814398,1736602328,494973899,2040497786],[310731109,2128211784,1985554338,1352473270,179699810,1376752873,1482917256,1627605515,1789987854,1442389976,250422834,454220196,1010869125,1656256837,1605698213,46699591,280991986,122187688,1082925646,824829070],[1758567252,2135728352,1978906886,1940378385,235058892,1357182840,1509618073,200102405,2050894958,1580830408,1880107653,921157003,1382786935,1202123412,263760775,665016140,1443269032,2130930724,1483632040,1891413710],[1763872725,1236585027,840734088,1316109038,166806816,764162296,1188334626,1531156234,885442666,499689665,1130078204,1744172131,1200903977,1220182402,1561819891,859703666,1303916501,731930810,727761906,2040566531],[726714347,1217261088,1235290365,1654487605,614334160,400083811,2072796812,758848416,1460812380,847181268,2064473884,699863317,166285938,1468027531,1137479146,1374167410,1393053096,1941683074,1468492886,1500033692],[976240886,1788149172,95300407,1787435171,1564933015,1202601159,240531469,2046267427,52689981,883351827,274180483,534733994,993558919,365797590,1365476302,445735813,1526987873,632547594,1975371334,816734561],[111936897,2096871603,455760817,448683617,956132056,296029597,738358743,322507265,1112135990,816769867,1520873833,874419692,1891890932,586098201,1946729542,173140784,21408974,949118522,126210752,430450891]]),
(9, 2, [0,1,2,3,4,5,6,7,8,9,10,11,12,13,14,15,16,17,18,19,20,21,22,23,24,25,26,27,28,29], [[489249656,1314950688,1353129695,529473059,1308838028,239677620,1186349836,1365810883,280557487,237833882,1199157280,1955127464,1279138184,402022972,1768131280,1461530398,804009473,287180896,1372155544,1860233700,153938891,1353172328,214606092,1635086496,1837021593,1497816022,236311980,1224715266,1077043364,170799652],[1481422887,2060482802,248378904,1787984593,159977676,342141569,705979002,398421331,1212592614,1311877500,1341873304,839586155,756823241,1266750023,1448661089,1396228327,642232832,180449032,1758955107,1383020521,1185373339,27436939,585719578,737690041,1594755259,1044847884,1456873178,1027424655,1045974458,418621006],[1956867883,1310140173,1674238913,1264215929,1085293810,1621593953,1043203293,686911602,226164858,1529815278,821779520,1918645515,431442859,2112374755,910071537,812088208,242016526,231581668,967332680,1909521684,1545250858,277085741,910958298,1281988572,90349803,1779483754,1351541490,1084349943,314559013,2013472001],[907970840,1590022259,1660086637,1504498227,1236574307,1254162088,1783507413,833054690,1961058821,1697512360,1405926625,538792261,2100751321,734563841,399491212,1847288087,351904180,621478148,446478041,2127434693,460668482,1891242017,221257817,794073987,1321079892,1292022512,593792625,879879319,969882314,1429902239],[1349170497,209719554,854633091,732970588,965342771,179562646,2033331392,1634568370,1008364691,1001401769,1809111812,1601571872,545657369,446912415,850911705,2057960244,212699161,496411147,343092457,792691306,1239800275,1299596094,1351001671,52946532,779314543,107984731,1787173382,203936968,1064708570,2004395158],[1893593059,1444458043,1106086975,1064755610,1571777679,1582136527,1275232795,488924416,1140648290,491314361,1517410285,1263695076,1550697283,338485206,23219395,193813336,1521333748,1843748835,970505150,94179566,1634935889,909779,800461249,1916907524,1553553806,568438658,1157409513,1561435234,1244370393,2040009954],[230881832,1055943342,193855042,1651243507,728253633,328717426,785763607,640876736,774889514,1331321125,1712144339,720497277,1164465032,1566007672,3718889,1767487436,695740033,117521535,1450277994,1237621766,1980643639,754561083,1987645373,992101461,798839225,1523321626,1077057719,2102684037,1183897347,788345371],[960583361,1246097219,1322759742,102031580,274592059,1013327189,362672224,1938190058,202025710,406017181,851364698,1362889311,1284479845,220856915,2039410748,849384544,480950490,1833120443,1167397809,1543321207,1414837773,1783051327,386369179,499515046,156864377,653370599,1029328704,677317282,1364062554,805105201],[860571397,1155349841,1883243614,528860052,1970599372,1584957857,1123790425,615574603,1630010293,1833866177,1474599081,13476804,445485721,1353520974,1207601528,449374149,1116199490,1666384831,1340703713,906978969,1982168993,166963240,451554199,943968266,175305310,1221405022,1639885885,1840210954,713437975,526966062],[457930501,1497864200,419622067,809620100,555563178,538621689,256441434,247564882,276426149,2115676268,796312465,1484127572,742177376,902826504,238451543,1725165884,1991111989,1340294876,298836482,1652719940,620842154,6363866,176640008,1054466231,995467608,707308990,603230690,1813009395,1377922264,256602705],[1697542940,577207615,236515780,286364728,1467219628,474174913,1198653987,1445881151,100994156,1109874595,1666461921,748655511,778480766,1732392964,2018360351,1647128885,1032115705,505490091,553279353,870244909,933347151,697564463,2020684731,370745720,2045160599,1052500217,575154420,991896776,1013915149,236681738],[762045330,1912376484,394604077,1521078200,2037380742,619002634,1110260395,1069141696,894182381,302549301,789318734,557526018,586552660,2076323157,371246003,556542928,1403863040,2040917874,421263017,1004915388,470854307,2131717826,275565432,1389126207,538446054,1379831551,1703142812,1840220501,401921691,1993282701],[1261836025,1670055964,1839340429,28295259,768575171,1369869082,762458850,2002601822,303202381,420340445,1168458163,1761930836,236545997,1885800703,216323930,2013680308,2097745340,1306434717,1476007560,1591366206,736580393,2010501288,1805745461,126473866,929966533,1929587291,1828669727,938235282,1481359568,423744269],[525835573,961154851,1938475247,475263062,986516495,1893946090,45541522,2066261667,555650723,1590586126,318886780,1137785403,925279422,47178183,1408211770,239254292,1752118645,656787250,1488661332,584360387,23012853,1558857702,1516966489,1875266758,1182273941,1936558234,648181550,287108045,1221953985,538351949],[1259206967,360078100,1596510213,105527918,1064125753,1286865006,426213556,47412577,521893681,123226504,775804492,1641497212,1723192983,1227998031,491023652,1427708654,2134885211,1534508236,11218803,305146222,1397345979,394454926,1394400488,1839607173,1251175161,1671872601,1930641903,669644635,338453589,1062206265],[1324723073,1021307249,1178644962,1197447465,2091809,1732854136,28397440,7396557,1744406538,1090967517,208350592,539831242,448051610,452902986,985423944,1232725462,1522176328,634665666,88509487,1240105919,343226168,1674075019,728939635,1900754963,710237143,1389742537,906722733,823635385,1961951361,2098915166],[514472570,259180907,1886160307,192416992,508258803,587465959,130646845,648503471,101827593,469424639,1352923763,450603588,1897983990,1104762900,1232722573,821951227,786850662,1895388443,140096507,875057709,842131621,1066446408,1759006890,1722744898,1325864319,329294979,2097775459,1701420933,820104496,1254648148],[1055518142,1052119248,506158565,1804886872,727605620,88653123,384500467,1530794701,1270747908,2080537258,129898982,906047527,1144114133,543967774,200607204,1479298448,1619942217,1788590603,1829283601,54794860,868011814,825350592,1461709849,1050986816,1931657547,428450456,1222605968,1690292843,771029821,2026425916],[132699286,541752848,2131660872,1178657296,1474541863,990212740,399021939,1359924782,1002269456,1629116680,143721502,313483912,2020511221,599774083,157188141,413975346,701171066,2046684818,1217909156,2062102025,222718208,1027520016,1094329282,1287906651,1996313462,1225091295,1448617811,1299730992,1771709969,758151879],[41859117,1786010128,711337460,1157849238,2066477909,1648352176,347039375,214075811,1168378085,1016834271,2062464574,2114406174,41916810,1845923283,2066781182,1853692522,1543283325,963093827,1270162598,980963437,1187466969,1358133472,1960085165,1317018875,1534393332,757162419,256299045,1182313814,954279208,1899906566],[200716905,899455863,1772604632,462231109,894427082,1331766986,732940600,2077956287,2100281283,759076736,553555432,1399920025,1335348880,1984660181,450823235,1238587748,1896811925,1570440366,242344760,184570442,1511118291,370079176,1763452530,1891832960,1668155922,400362573,288648051,1985690183,411704518,1945871315],[1960545231,135433860,1925644836,1112237666,718690031,866213238,917505701,1864542804,1399116545,335397418,2030483827,52293746,886225936,477964222,1244945249,1864766954,651086113,2032423686,1638064834,894148204,302524865,1806244287,1391816887,133366335,1823664691,919383729,659759469,993683136,1448109158,381753428],[692981011,982255954,870492484,407617994,1908713855,1581744905,2081821109,1834560619,935147076,1468475323,562500122,114872418,227610706,1506779400,1416767499,940461561,1892126246,1049631425,16210619,1392209910,159835187,1000562460,1639462484,830712526,2100177378,818372882,622681944,409633830,625234425,90036941],[1927612162,1007738627,1015696543,1990857320,1824817823,1098278651,689057147,1112242240,2062776345,472009636,722700693,1638605856,200749382,2033568943,1038771377,1669456492,1439294476,635647757,64578296,428025017,1408634336,1612309373,553256202,1361049316,801494560,1401187495,1107416478,230734596,1610191481,265026491],[1877227565,229543168,765162635,1251510162,1394330178,975864941,1884456139,1212248871,287082977,1329357920,1921548130,2039508336,443277943,426343140,2119255592,1229574382,176479615,1628443476,1184983711,1183470453,1902259792,284959355,1192398678,96438103,2113731885,1529616956,531756470,1569057074,1077728013,1872594571],[2049166266,843193092,865961281,1665425040,274506727,383404875,790322936,1389936126,1119356030,579082007,913596620,241295173,414874185,1798364381,1852549175,1954705880,486409650,238605032,155289058,1220337147,1909941698,338857179,55963242,448476991,71578860,275933885,1275148980,1995859426,878185319,194897679],[1362677848,1443606271,234148031,1590642122,328752513,1270023554,1963585309,261561724,348740311,2003730338,1356224900,1788719258,1405646777,263306711,1152516560,1993572512,2099503089,2136668196,1583483376,79986401,953035141,2117679120,471238880,959009972,237511853,1485693650,1401271870,737005596,912529361,1189436865],[1548996971,1419243289,423768914,417072129,935567919,1896939203,515710359,1127260215,1497297523,571834454,1369398726,890386722,243336981,1585868956,1775782346,1687589150,88749256,124621239,624452258,1053119036,368121714,857237432,1482889249,2081303298,2029137941,1703773153,97761275,1254472614,525334719,1146614726],[1023806369,260958706,822517713,233758612,984467948,638439073,1203527629,1728752884,1946949813,597409054,536818222,1693723153,907226202,350742947,1167895692,1982662996,111422375,188321305,1605424878,71353259,184189062,1011538308,540893328,1352781333,2067364329,570401900,870712387,1679688305,1026042941,1255239102],[1102757554,320594675,1265575801,2068172507,191893984,552301676,36010912,767703871,1784168125,498338593,242872508,743223471,710000173,2139039707,1567675617,4978468,793049699,1329990802,1213750947,567071033,116706622,1355646480,1752494600,937897960,1382259151,115379098,1060343809,2061033111,923337404,1569289898]]),
