-8313984 5078125 -3665088 5078125
-596268 390625 -1060776 390625
2126016 5078125 -16085088 5078125
7094916 5078125 -7245288 5078125
-346752 203125 -108864 203125
-9252 203125 -243864 203125
-1267776 2640625 -2765232 2640625
17496 15625 85536 203125
-132552 203125 -184464 203125
-167652 203125 177336 203125
-145152 203125 -227664 203125
-4037076 2640625 1722168 2640625
-7569576 2640625 -2192832 2640625
-2597076 2640625 -3947832 2640625
-233856 203125 278208 203125
-12760128 2640625 -433296 2640625
-976356 203125 -126792 203125
-571356 203125 11016 15625
-11886228 2640625 -5633496 2640625
-6846228 2640625 -8603496 2640625
-817956 203125 -547992 203125
-435456 203125 -682992 203125
-176256 203125 51408 203125
-558756 203125 186408 203125
-511488 203125 -480816 203125
-1609344 2640625 -9220608 2640625
2653056 2640625 -5213808 2640625
-43503048 34328125 14505264 34328125
-7094916 5078125 7245288 5078125
301752 5078125 1728864 5078125
-17924724 66015625 152480232 66015625
-10612224 66015625 20855232 66015625
-148846824 66015625 167908032 66015625
-141534324 66015625 36283032 66015625
-13126824 66015625 6448032 66015625
-272448 203125 55728 15625
-632448 203125 454464 203125
-667548 203125 816264 203125
-645048 203125 411264 203125
-869148 203125 125064 203125
-486648 203125 -9936 203125
-866304 203125 462672 203125
-64908 15625 57672 203125
-448704 203125 -34128 203125
-6912 8125 27216 8125
-7812 8125 11016 8125
-279756 105625 445608 105625
-92556 105625 164808 105625
-421056 105625 289008 105625
-245556 105625 218808 105625
-2616228 1373125 576504 1373125
-8064 8125 12096 8125
-39168 8125 3024 8125
-511884 105625 -9288 105625
-69048 21125 -98496 105625
-40068 8125 -13176 8125
-9468 8125 -2376 8125
-40068 8125 -2376 8125
-463284 105625 -257688 105625
-264384 105625 -327888 105625
-31068 21125 -190296 105625
-24768 8125 -18576 8125
5832 8125 -7776 8125
4932 8125 648 625
-324684 105625 -52488 105625
-99828 105625 -168696 105625
-34236 8125 -20952 8125
-18936 8125 -26352 8125
-61056 21125 -24192 21125
-211212 105625 -280584 105625
-12312 105625 -350784 105625
-1176192 1373125 -1756944 1373125
-216 1625 -2592 8125
-192384 105625 266112 105625
6516 105625 195912 105625
-1779192 1373125 446256 1373125
-1931292 1373125 -2291544 1373125
-4399992 1373125 -1098144 1373125
8064 8125 12096 8125
-75852 105625 101736 105625
-2304 8125 9072 8125
-17208 8125 864 325
-358452 105625 414936 105625
-159552 105625 485136 105625
-32508 8125 648 325
-36 325 23544 8125
-548352 105625 323136 105625
-349452 105625 393336 105625
-3240576 1373125 345168 1373125
-5144292 1373125 1898856 1373125
-100332 274625 963576 274625
-594072 274625 724896 274625
-40572 8125 -4104 8125
-387648 105625 98064 105625
-263052 105625 274536 105625
-202752 105625 236736 105625
-214452 105625 26136 105625
-31608 8125 0 1
0 1 7344 8125
-3852 105625 166536 105625
-15552 105625 -44064 105625
36 325 23544 8125
-30204 8125 14472 8125
-395352 105625 139536 105625
-228708 105625 50328 105625
-39492 8125 8856 8125
-24192 8125 14256 8125
-2786148 1373125 -2358936 1373125
-4689864 1373125 -805248 1373125
-29448 21125 -31536 21125
-369396 105625 -90072 105625
-158796 105625 50328 105625
7704 105625 142128 105625
-193896 105625 260928 105625
-170496 105625 260928 105625
-381096 105625 -19872 105625
-464832 1373125 -899424 1373125
104868 1373125 -624024 1373125
69768 1373125 1832976 1373125
-40434624 34328125 -49571568 34328125
-51795324 34328125 18031032 34328125
-47992824 34328125 -50413968 34328125
-2653056 2640625 5213808 2640625
-9791784 2640625 1875312 2640625
-10209384 2640625 2372112 2640625
-19959876 34328125 118772568 34328125
-81677376 34328125 88937568 34328125
-89353476 34328125 149887368 34328125
-85550976 34328125 81442368 34328125
-139710276 34328125 52449768 34328125
-74190276 34328125 13839768 34328125
-2126016 5078125 16085088 5078125
5270652 5078125 10568664 5078125
46670976 66015625 267397632 66015625
53983476 66015625 135772632 66015625
-84251124 66015625 282825432 66015625
-76938624 66015625 151200432 66015625
51468876 66015625 121365432 66015625
-170496 203125 -160272 203125
16308 15625 -295272 203125
448704 203125 34128 203125
221256 203125 758592 203125
-161244 203125 893592 203125
-1971072 2640625 5854896 2640625
-397944 203125 564192 203125
-60444 203125 429192 203125
-1933272 2640625 5984496 2640625
69768 203125 7776 203125
5654484 2640625 2396088 2640625
66898692 34328125 44821944 34328125
5181192 34328125 14986944 34328125
264384 2640625 1137888 2640625
4780584 2640625 7596288 2640625
-4939416 2640625 3546288 2640625
-4871916 2640625 2331288 2640625
393084 2640625 5841288 2640625
48119616 34328125 110750112 34328125
-13597884 34328125 80915112 34328125
-21273984 34328125 141864912 34328125
-17471484 34328125 73419912 34328125
-71630784 34328125 44427312 34328125
-6110784 34328125 5817312 34328125
-187188876 66015625 40094568 66015625
-179876376 66015625 -91530432 66015625
-51468876 66015625 -121365432 66015625
13126824 66015625 -6448032 66015625
-1961561664 858203125 1867357152 858203125
-1492084764 858203125 219152952 858203125
-1776102264 858203125 1909217952 858203125
-1681039764 858203125 198092952 858203125
-35748 203125 1053864 203125
-395748 203125 783864 203125
-430848 203125 88128 15625
-408348 203125 740664 203125
-629604 203125 792072 203125
-607104 203125 387072 203125
-16308 15625 295272 203125
2556 8125 40392 8125
1656 8125 24192 8125
-156672 105625 616896 105625
-297972 105625 460296 105625
-122472 105625 390096 105625
12312 105625 350784 105625
-1016136 1373125 2803248 1373125
-5832 8125 7776 8125
24768 8125 18576 8125
1836 625 34776 8125
-78516 105625 290088 105625
29268 21125 34776 21125
18936 8125 26352 8125
65484 105625 398088 105625
-6732 8125 34776 8125
125784 105625 360288 105625
114084 105625 149688 105625
8064 8125 38448 8125
-283968 105625 337824 105625
-21636 8125 22248 8125
-5436 8125 33048 8125
-249012 105625 129816 105625
-47412 105625 11016 105625
435456 203125 682992 203125
3759084 2640625 4923288 2640625
2885184 2640625 10123488 2640625
3177684 2640625 4858488 2640625
486648 203125 9936 203125
-4061628 2640625 943704 2640625
1188 15625 380808 203125
-344556 203125 110808 203125
1175256 2640625 326592 2640625
301356 2640625 5526792 2640625
593856 2640625 261792 2640625
-76428 105625 101304 105625
99072 105625 31104 105625
53172 105625 47304 105625
222156 105625 202392 105625
34956 105625 61992 105625
16704 105625 250128 105625
28404 105625 39528 105625
2597076 2640625 3947832 2640625
39744 54925 7776 54925
6732 10985 -101736 54925
-65088 54925 -2160 2197
121788 54925 80568 54925
115704 54925 -28944 54925
4608 10985 128304 54925
-11304 10985 -12528 10985
24192 8125 14256 8125
576 625 -432 625
349452 105625 393336 105625
-2196 4225 11016 4225
4824 4225 13824 4225
52092 54925 190728 54925
-903744 1373125 3248208 1373125
-449316 1373125 5952312 1373125
-601416 1373125 3214512 1373125
159552 105625 485136 105625
-9792 4225 14688 4225
-396 169 12744 4225
-80856 105625 229392 105625
-2052 845 6264 4225
5652 4225 2376 845
-2052 845 2376 845
264384 105625 327888 105625
3348 4225 15336 4225
-75852 105625 414936 105625
-64152 105625 204336 105625
-15372 10985 43416 10985
-150336 54925 135648 54925
-2954844 1373125 1428408 1373125
-2500416 1373125 4132512 1373125
-2652516 1373125 1394712 1373125
-633528 1373125 -31104 1373125
-105912 54925 154656 54925
233856 203125 278208 203125
556884 2640625 7637112 2640625
-23364 8125 33048 8125
-8064 8125 38448 8125
-353844 105625 370008 105625
-9916884 2640625 6402888 2640625
-4780584 2640625 7596288 2640625
-39168 8125 29376 8125
-1836 625 34776 8125
-4932 8125 648 625
-9792 4225 432 845
-7848 4225 12096 4225
108 4225 14904 4225
-15084 4225 1512 845
-21204 4225 216 4225
-3204 845 14904 4225
-120132 54925 157032 54925
-5209344 1373125 2405808 1373125
-4754916 1373125 5109912 1373125
-4907016 1373125 2372112 1373125
-10790784 2640625 1202688 2640625
-5654484 2640625 2396088 2640625
-215604 105625 50328 105625
-421056 105625 2592 105625
-112284 1373125 2190888 1373125
-264384 1373125 -546912 1373125
-2733084 1373125 646488 1373125
-53421624 34328125 89585568 34328125
-40068 8125 13176 8125
-24768 8125 18576 8125
-5832 8125 -7776 8125
-2052 845 -6264 4225
-8316 4225 3672 4225
-14796 8125 3672 8125
9468 8125 -2376 8125
-2304 4225 -3456 4225
-15804 8125 7128 8125
-13608 4225 9072 4225
-5652 4225 2376 845
-7596 4225 1944 4225
-381096 105625 120528 105625
-252 65 216 65
-7848 4225 10368 4225
-8316 4225 1944 4225
-828 4225 14904 4225
-684 325 1512 325
-252 65 648 325
-8064 4225 10368 4225
-245556 105625 488808 105625
-14796 8125 7128 8125
-365544 105625 -19008 105625
-229428 105625 -265896 105625
92556 105625 -164808 105625
-14076 4225 4968 4225
-5544 4225 1296 4225
-6012 4225 -7128 4225
-358452 105625 101736 105625
-346752 105625 -108864 105625
-29916 105625 225288 105625
-217116 105625 84888 105625
-235368 105625 273024 105625
-223668 105625 62424 105625
-223812 54925 54216 54925
-4791744 1373125 -607392 1373125
-4337316 1373125 2096712 1373125
-4489416 1373125 -641088 1373125
-2470428 1373125 -2066904 1373125
-179388 54925 73224 54925
-464868 203125 -84024 203125
-69768 203125 7776 203125
-25704 105625 -41472 105625
-231156 105625 -89208 105625
2356416 1373125 997488 1373125
2204316 1373125 -1740312 1373125
8295876 34328125 59750568 34328125
9252 105625 166536 105625
37656 105625 397008 105625
25956 105625 186408 105625
-202752 105625 141264 105625
-72 845 15984 4225
576 4225 15984 4225
8064 4225 10368 4225
7704 4225 3888 4225
7236 4225 -4536 4225
-8316 4225 -3672 4225
7596 4225 1944 4225
83448 54925 171072 54925
77364 54925 12312 10985
-612 2197 218808 54925
-18972 10985 27864 54925
-49737024 34328125 96238368 34328125
-69768 1373125 1832976 1373125
-2892744 1373125 -1525392 1373125
346752 203125 -108864 203125
18828 105625 -125496 105625
-122472 105625 31104 105625
76428 105625 101304 105625
22968 8125 -7776 8125
7164 8125 -11448 8125
2844 203125 472392 203125
397944 203125 564192 203125
99072 105625 390096 105625
297972 105625 460296 105625
421056 105625 289008 105625
4572 2197 127224 54925
84096 54925 148608 54925
-14652 54925 100872 54925
504 325 864 325
-576 4225 1296 845
152244 105625 72792 105625
222156 105625 488808 105625
210456 105625 278208 105625
-233856 203125 801792 203125
161244 203125 893592 203125
6516 105625 225288 105625
16704 105625 441072 105625
5004 105625 230472 105625
558756 203125 186408 203125
4780584 2640625 6443712 2640625
-42228 105625 546696 105625
156672 105625 616896 105625
279756 105625 445608 105625
40824 54925 208656 54925
1476 4225 3672 845
1368 4225 9072 4225
-159552 105625 389664 105625
-29916 105625 195912 105625
-36468 105625 218376 105625
-52992 54925 10368 54925
-126468 54925 3672 2197
-4608 10985 128304 54925
-2055816 1373125 4291488 1373125
612 2197 218808 54925
4637916 1373125 5390712 1373125
14724 4225 15768 4225
1332 845 4104 845
7596 4225 4104 845
174708 54925 84456 54925
179388 54925 73224 54925
2484 54925 118152 54925
105912 54925 154656 54925
-459144 1373125 5175792 1373125
-108 325 1944 325
-36 325 1944 325
-684 325 216 65
-576 4225 15984 4225
-58356 105625 629208 105625
14004 8125 28728 8125
-178344 105625 121392 105625
-2304 8125 30672 8125
154944 105625 121392 105625
504 8125 30672 8125
34956 105625 629208 105625
-15804 8125 28728 8125
36 325 1944 325
-7596 4225 4104 845
170496 105625 260928 105625
-47412 15625 666792 203125
-221256 203125 758592 203125
-192384 105625 155088 105625
-32004 8125 7128 8125
-182196 105625 370872 105625
176256 203125 51408 203125
-191916 2640625 4688712 2640625
-6732 8125 -2376 8125
-7236 8125 -648 8125
4824 4225 3024 4225
-252 65 216 325
-14076 4225 2376 845
504 325 432 325
158796 105625 50328 105625
571356 203125 11016 15625
4944384 2640625 5882112 2640625
-9864 8125 27648 8125
5436 8125 33048 8125
-5529384 2640625 4647888 2640625
-393084 2640625 5841288 2640625
-17856 8125 34992 8125
-2556 8125 40392 8125
6912 8125 27216 8125
-57924 54925 32184 10985
-6228 4225 216 169
-349452 105625 297864 105625
-219816 105625 104112 105625
-226368 105625 126576 105625
-30348 10985 -37368 54925
-225216 54925 44064 54925
-121788 54925 80568 54925
-4524516 1373125 3098088 1373125
-83448 54925 171072 54925
-7704 4225 3888 4225
-407052 105625 71064 105625
3852 105625 166536 105625
-78516 105625 -52488 105625
-85068 105625 -30024 105625
5544 4225 1296 4225
72 845 15984 4225
7848 4225 10368 4225
202752 105625 236736 105625
-324684 105625 290088 105625
-125784 105625 360288 105625
-219852 105625 -69336 105625
-69696 54925 -22032 10985
-143172 54925 -28728 54925
-39744 54925 7776 54925
1779192 1373125 446256 1373125
33408 142805 241056 142805
-3033684 17850625 -3940488 17850625
27143424 17850625 15033168 17850625
-4949676 17850625 -481032 17850625
-43056324 34328125 -33970968 34328125
-54417024 34328125 33631632 34328125
-104868 1373125 624024 1373125
-2356416 1373125 997488 1373125
112284 1373125 2190888 1373125
-31098024 17850625 56149632 17850625
-63191124 17850625 40635432 17850625
-36526824 17850625 16978032 17850625
-106617564 446265625 970433352 446265625
1609344 2640625 9220608 2640625
-1266984 2640625 9888912 2640625
-5946984 2640625 6378912 2640625
35451324 34328125 170860968 34328125
-26266176 34328125 141025968 34328125
-33942276 34328125 201975768 34328125
-84299076 34328125 104538168 34328125
6846228 2640625 8603496 2640625
4070484 2640625 9848088 2640625
-151488 105625 59184 105625
47412 105625 -11016 105625
182196 105625 370872 105625
-16704 105625 441072 105625
-34956 105625 629208 105625
-245556 105625 348408 105625
-37656 105625 397008 105625
-81612 105625 626616 105625
-222156 105625 488808 105625
4220316 1373125 2377512 1373125
4337316 1373125 2096712 1373125
-85284 1373125 3219912 1373125
2500416 1373125 4132512 1373125
1714788 1373125 6901416 1373125
4754916 1373125 5109912 1373125
-2136384 1373125 5039712 1373125
449316 1373125 5952312 1373125
-920916 17850625 75123288 17850625
-33014016 17850625 59609088 17850625
-6349716 17850625 35951688 17850625
647810136 446265625 1444774752 446265625
-64463616 34328125 78141888 34328125
6110784 34328125 -5817312 34328125
-46740924 34328125 -27318168 34328125
74190276 34328125 -13839768 34328125
-746675136 446265625 334795248 446265625
7752564 446265625 809136648 446265625
-794574936 446265625 421281648 446265625
596268 390625 1060776 390625
15148152 5078125 8273664 5078125
175078476 66015625 237562632 66015625
182390976 66015625 105937632 66015625
44156376 66015625 252990432 66015625
179876376 66015625 91530432 66015625
224604 203125 -252072 203125
607104 203125 -387072 203125
64908 15625 -57672 203125
47412 15625 666792 203125
233856 203125 801792 203125
3165228 2640625 4661496 2640625
-2844 203125 472392 203125
334656 203125 337392 203125
3203028 2640625 4791096 2640625
464868 203125 -84024 203125
10790784 2640625 1202688 2640625
133670592 34328125 29307744 34328125
71953092 34328125 -527256 34328125
10080684 2640625 3454488 2640625
5400684 2640625 -55512 2640625
9916884 2640625 6402888 2640625
196884 2640625 2352888 2640625
5529384 2640625 4647888 2640625
114891516 34328125 95235912 34328125
53174016 34328125 65400912 34328125
45497916 34328125 126350712 34328125
49300416 34328125 57905712 34328125
-4858884 34328125 28913112 34328125
-58781376 66015625 10259568 66015625
76938624 66015625 -151200432 66015625
141534324 66015625 -36283032 66015625
-292264164 858203125 1479502152 858203125
177212736 858203125 -168702048 858203125
-106804764 858203125 1521362952 858203125
-11742264 858203125 -189762048 858203125
25848 203125 -605664 203125
408348 203125 -740664 203125
645048 203125 -411264 203125
-2002428 2640625 -4531896 2640625
173844 203125 -40392 203125
-186156 203125 -310392 203125
3234456 2640625 -5149008 2640625
2360556 2640625 51192 2640625
145152 203125 227664 203125
-86004 105625 187272 105625
-227304 105625 30672 105625
-28404 105625 -39528 105625
-9864 8125 4752 8125
85068 105625 -30024 105625
73368 105625 -240624 105625
7236 8125 -648 8125
226368 105625 126576 105625
214668 105625 -84024 105625
36468 105625 218376 105625
223668 105625 -62424 105625
0 1 -7344 8125
31608 8125 0 1
407052 105625 71064 105625
395352 105625 -139536 105625
32508 8125 648 325
108 625 7128 8125
15552 105625 44064 105625
182196 105625 -45144 105625
383652 105625 254664 105625
15804 8125 28728 8125
-396 8125 7128 8125
202752 105625 141264 105625
30708 8125 8856 8125
16308 8125 -1944 8125
38808 105625 -136944 105625
24372 8125 25704 8125
9972 8125 14904 8125
349452 105625 297864 105625
337752 105625 87264 105625
159552 105625 389664 105625
346752 105625 108864 105625
17208 8125 864 325
-13896 8125 12528 8125
-183348 105625 114264 105625
-16704 105625 25056 105625
-14796 8125 -3672 8125
15804 8125 7128 8125
-134748 105625 -134136 105625
64152 105625 -204336 105625
173196 105625 -66744 105625
216 1625 -2592 8125
-1748772 1373125 1853496 1373125
-4217472 1373125 660096 1373125
-356544 105625 -181008 105625
-154944 105625 121392 105625
-365544 105625 -159408 105625
31068 21125 -190296 105625
-25344 105625 -245808 105625
20556 105625 -229608 105625
-173196 105625 -66744 105625
2353428 1373125 -1786104 1373125
2470428 1373125 -2066904 1373125
-1952172 1373125 -943704 1373125
633528 1373125 -31104 1373125
-4487688 1373125 -2619216 1373125
41508 105625 -185544 105625
-131688 105625 -297216 105625
-152244 105625 72792 105625
69048 21125 -98496 105625
164556 105625 -154008 105625
210456 105625 -137808 105625
16704 105625 25056 105625
-118044 105625 159192 105625
80856 105625 229392 105625
-182196 105625 -45144 105625
228708 105625 50328 105625
4674744 1373125 -326592 1373125
4791744 1373125 -607392 1373125
369144 1373125 515808 1373125
2954844 1373125 1428408 1373125
5209344 1373125 2405808 1373125
-1681956 1373125 2335608 1373125
903744 1373125 3248208 1373125
4986648 17850625 39969936 17850625
-27106452 17850625 24455736 17850625
-442152 17850625 798336 17850625
795499236 446265625 565940952 446265625
-53102916 34328125 10539288 34328125
-49300416 34328125 -57905712 34328125
17471484 34328125 -73419912 34328125
-35380224 34328125 -94920768 34328125
85550976 34328125 -81442368 34328125
-598986036 446265625 -544038552 446265625
155441664 446265625 -69697152 446265625
-646885836 446265625 -457552152 446265625
-189703476 66015625 25687368 66015625
-182390976 66015625 -105937632 66015625
-53983476 66015625 -135772632 66015625
10612224 66015625 -20855232 66015625
-1994251464 858203125 1680063552 858203125
-1524774564 858203125 31859352 858203125
-1808792064 858203125 1721924352 858203125
-1713729564 858203125 10799352 858203125
2190744 2640625 9285408 2640625
-2489256 2640625 5775408 2640625
-2945556 2640625 10478808 2640625
-5566356 2640625 1493208 2640625
-593856 2640625 -261792 2640625
-556884 2640625 7637112 2640625
-10276884 2640625 3587112 2640625
-4944384 2640625 5882112 2640625
-9402984 2640625 -1613088 2640625
-8150184 2640625 -3103488 2640625
-3177684 2640625 -4858488 2640625
191916 2640625 4688712 2640625
-4780584 2640625 6443712 2640625
2797848 2640625 2148336 2640625
49737024 34328125 96238368 34328125
47992824 34328125 50413968 34328125
-8295876 34328125 59750568 34328125
53421624 34328125 89585568 34328125
-843114024 446265625 313027632 446265625
-88686324 446265625 787369032 446265625
-891013824 446265625 399514032 446265625
1902684564 858203125 10260648 858203125
1618667064 858203125 1700325648 858203125
1713729564 858203125 -10799352 858203125
-83320236 858203125 1900887048 858203125
11742264 858203125 189762048 858203125
1681039764 858203125 -198092952 858203125
4792270896 11156640625 1081683072 11156640625
346752 203125 918864 203125
-48348 203125 1010664 203125
-25848 203125 605664 203125
132552 203125 184464 203125
-19008 15625 50544 15625
-224604 203125 252072 203125
170496 203125 160272 203125
17856 8125 34992 8125
16956 8125 18792 8125
42228 105625 546696 105625
229428 105625 265896 105625
-99072 105625 390096 105625
76428 105625 319896 105625
211212 105625 280584 105625
1569564 1373125 1890648 1373125
9468 8125 2376 8125
40068 8125 13176 8125
40068 8125 2376 8125
39168 8125 29376 8125
120384 105625 219888 105625
40572 8125 4104 8125
69048 21125 20736 21125
34236 8125 20952 8125
324684 105625 290088 105625
312984 105625 79488 105625
23364 8125 33048 8125
-85068 105625 267624 105625
9864 8125 27648 8125
-50112 105625 59616 105625
151488 105625 -59184 105625
817956 203125 547992 203125
8731584 2640625 3168288 2640625
7857684 2640625 8368488 2640625
8150184 2640625 3103488 2640625
632448 203125 -454464 203125
869148 203125 -125064 203125
910872 2640625 -811296 2640625
397944 203125 245808 203125
6147756 2640625 -1428408 2640625
5273856 2640625 3771792 2640625
5566356 2640625 -1493208 2640625
122472 105625 31104 105625
297972 105625 -39096 105625
252072 105625 -22896 105625
421056 105625 132192 105625
215604 105625 179928 105625
227304 105625 -30672 105625
7569576 2640625 2192832 2640625
143172 54925 -28728 54925
137088 54925 -27648 10985
7668 10985 -90504 54925
225216 54925 44064 54925
219132 54925 -65448 54925
126468 54925 3672 2197
223812 54925 -54216 54925
150336 54925 -135648 54925
39492 8125 8856 8125
22788 8125 -11016 8125
548352 105625 323136 105625
1152 845 8208 4225
21204 4225 -216 4225
2556 845 11016 4225
31104 10985 154224 54925
1681956 1373125 2335608 1373125
2136384 1373125 5039712 1373125
1984284 1373125 2301912 1373125
358452 105625 414936 105625
-1836 4225 2376 845
118044 105625 159192 105625
-2304 4225 3456 4225
13608 4225 9072 4225
463284 105625 257688 105625
11304 4225 12528 4225
14076 4225 2376 845
123048 105625 344736 105625
134748 105625 134136 105625
26568 54925 180576 54925
11304 10985 12528 10985
-369144 1373125 515808 1373125
85284 1373125 3219912 1373125
-66816 1373125 482112 1373125
1952172 1373125 -943704 1373125
-2484 54925 118152 54925
18972 10985 -27864 54925
-9468 8125 2376 8125
5832 8125 7776 8125
24768 8125 -18576 8125
5652 4225 -2376 845
7596 4225 -1944 4225
15804 8125 -7128 8125
40068 8125 -13176 8125
13608 4225 -9072 4225
14796 8125 -3672 8125
2304 4225 3456 4225
2052 845 6264 4225
8316 4225 -3672 4225
252 65 216 325
13896 8125 9072 8125
14796 8125 -7128 8125
2052 845 -2376 845
365544 105625 -159408 105625
16704 8125 9072 8125
245556 105625 348408 105625
396 8125 7128 8125
684 325 216 65
252 65 648 325
8316 4225 -1944 4225
381096 105625 -19872 105625
39168 8125 3024 8125
2628 845 -648 4225
13896 8125 12528 8125
1836 4225 2376 845
9792 4225 14688 4225
-108 625 7128 8125
30204 8125 14472 8125
-1152 845 8208 4225
2196 4225 11016 4225
16128 10985 -9504 10985
112284 1373125 365688 1373125
369396 105625 90072 105625
4754916 1373125 3284712 1373125
2286216 1373125 2091312 1373125
976356 203125 126792 203125
10790784 2640625 -2307312 2640625
9916884 2640625 2892888 2640625
10209384 2640625 -2372112 2640625
21636 8125 -22248 8125
32004 8125 7128 8125
231156 105625 -89208 105625
421056 105625 2592 105625
5209344 1373125 580608 1373125
2740644 1373125 -612792 1373125
-556884 2640625 4127112 2640625
-264384 2640625 -1137888 2640625
4871916 2640625 -2331288 2640625
53421624 34328125 43955568 34328125
395748 203125 -783864 203125
-2166228 2640625 -5093496 2640625
161244 203125 -83592 203125
3070656 2640625 -5710608 2640625
2196756 2640625 -510408 2640625
2489256 2640625 -5775408 2640625
-34956 105625 -61992 105625
78516 105625 -52488 105625
66816 105625 -263088 105625
6732 8125 -2376 8125
-10872 8125 1296 8125
-9972 8125 -14904 8125
219816 105625 104112 105625
208116 105625 -106488 105625
29916 105625 195912 105625
217116 105625 -84888 105625
171648 105625 279936 105625
-504 8125 30672 8125
-16704 8125 9072 8125
-9252 105625 166536 105625
-53208 105625 396144 105625
-41508 105625 185544 105625
-17208 8125 18144 8125
-16308 8125 1944 8125
-15804 8125 -7128 8125
14796 8125 3672 8125
25704 105625 -41472 105625
215604 105625 50328 105625
2538468 1373125 1201176 1373125
69768 1373125 7776 1373125
-5693184 2640625 5320512 2640625
-5400684 2640625 55512 2640625
-13350276 34328125 59469768 34328125
558756 203125 623592 203125
163656 203125 715392 203125
186156 203125 310392 203125
344556 203125 -110808 203125
69768 203125 -262224 203125
5946984 2640625 -6378912 2640625
54729216 34328125 51447312 34328125
-18828 105625 -125496 105625
156672 105625 -195696 105625
279756 105625 -24408 105625
74304 105625 23328 105625
86004 105625 -187272 105625
4037076 2640625 -1722168 2640625
69696 54925 -22032 10985
63612 54925 -219672 54925
-35136 54925 -171936 54925
30348 10985 -37368 54925
145656 54925 -29376 10985
52992 54925 10368 54925
-26568 54925 -180576 54925
15372 10985 -43416 10985
75852 105625 101736 105625
-2628 845 -648 4225
-164556 105625 -154008 105625
-13608 4225 -9072 4225
2304 4225 -3456 4225
-11304 4225 -12528 4225
-3348 4225 -15336 4225
25344 105625 -245808 105625
-5652 4225 -2376 845
2052 845 -6264 4225
9792 4225 432 845
-1152 845 -864 845
263052 105625 -274536 105625
80856 105625 -224208 105625
-65484 105625 -398088 105625
-124596 105625 -176472 105625
1267776 2640625 2765232 2640625
-252072 105625 22896 105625
-53172 105625 -47304 105625
192384 105625 155088 105625
-6516 105625 225288 105625
-1512 105625 -5184 105625
-3495528 2640625 473904 2640625
-3203028 2640625 -4791096 2640625
1933272 2640625 -5984496 2640625
57924 54925 32184 10985
10368 10985 51408 54925
-40824 54925 208656 54925
-4572 2197 127224 54925
-4608 10985 18144 10985
1176192 1373125 1756944 1373125
-1569564 1373125 -1890648 1373125
1016136 1373125 -2803248 1373125
2616228 1373125 -576504 1373125
-33408 142805 241056 142805
-246132 714025 -218376 714025
-1529856 714025 402192 714025
-463284 714025 1348488 714025
-2797848 2640625 2148336 2640625
464832 1373125 -899424 1373125
-2358144 1373125 -4257792 1373125
-4372416 1373125 -360288 1373125
2786148 1373125 -2358936 1373125
-36828 1373125 -5717304 1373125
3240576 1373125 345168 1373125
-16128 10985 -9504 10985
120132 54925 -157032 54925
2124 10985 -11016 54925
-31104 10985 -154224 54925
-52092 54925 -190728 54925
-88128 54925 7344 10985
612 2197 216 54925
463284 714025 -1348488 714025
442152 17850625 798336 17850625
6349716 17850625 35951688 17850625
4372416 17850625 360288 17850625
36526824 17850625 16978032 17850625
34549524 17850625 -18613368 17850625
2456424 17850625 -3099168 17850625
511488 203125 -480816 203125
-104868 203125 -624024 203125
-69768 203125 -262224 203125
35380224 34328125 -94920768 34328125
46740924 34328125 -27318168 34328125
42938424 34328125 -95763168 34328125
11886228 2640625 -5633496 2640625
9402984 2640625 -1613088 2640625
50112 105625 59616 105625
249012 105625 129816 105625
353844 105625 -370008 105625
143244 105625 -89208 105625
131688 105625 -297216 105625
-38808 105625 -136944 105625
178344 105625 121392 105625
365544 105625 -19008 105625
4372416 1373125 360288 1373125
4487688 1373125 -2619216 1373125
4907016 1373125 -2372112 1373125
4858884 34328125 28913112 34328125
71630784 34328125 44427312 34328125
84299076 34328125 104538168 34328125
80496576 34328125 36093168 34328125
139710276 34328125 52449768 34328125
69135876 34328125 -31509432 34328125
12760128 2640625 -433296 2640625
10276884 2640625 3587112 2640625
85068 105625 267624 105625
283968 105625 337824 105625
-196884 2640625 2352888 2640625
4939416 2640625 3546288 2640625
-120384 105625 219888 105625
78516 105625 290088 105625
324684 105625 -52488 105625
1152 845 -864 845
576 4225 -1296 845
7704 4225 432 325
3132 845 648 325
36 325 216 845
511884 105625 9288 105625
171648 105625 96336 105625
183348 105625 -114264 105625
396 169 -12744 4225
356544 105625 -181008 105625
15192 4225 0 1
0 1 -7344 4225
-27252 105625 166536 105625
15084 4225 1512 845
-36 325 216 845
213156 105625 -89208 105625
35136 54925 171936 54925
-7668 10985 90504 54925
65088 54925 2160 2197
4217472 1373125 660096 1373125
15192 10985 182304 54925
179388 54925 5832 2197
14652 54925 100872 54925
105912 54925 64368 54925
4399992 1373125 1098144 1373125
1529856 714025 -402192 714025
27106452 17850625 24455736 17850625
33014016 17850625 59609088 17850625
31036716 17850625 24017688 17850625
63191124 17850625 40635432 17850625
61213824 17850625 5044032 17850625
29120724 17850625 20558232 17850625
-53174016 34328125 65400912 34328125
13597884 34328125 80915112 34328125
26266176 34328125 141025968 34328125
22463676 34328125 72580968 34328125
81677376 34328125 88937568 34328125
11102976 34328125 4978368 34328125
-71953092 34328125 -527256 34328125
-5181192 34328125 14986944 34328125
-69768 1373125 7776 1373125
-2740644 1373125 -612792 1373125
264384 1373125 546912 1373125
594072 274625 724896 274625
-2286216 1373125 2091312 1373125
2733084 1373125 -646488 1373125
-4716 1373125 3003912 1373125
4949676 17850625 -481032 17850625
2972376 17850625 -36072432 17850625
-29120724 17850625 -20558232 17850625
-2456424 17850625 3099168 17850625
891013824 446265625 399514032 446265625
646885836 446265625 -457552152 446265625
794574936 446265625 421281648 446265625
745142436 446265625 -468503352 446265625
8313984 5078125 -3665088 5078125
189703476 66015625 25687368 66015625
58781376 66015625 10259568 66015625
187188876 66015625 40094568 66015625
19008 15625 50544 15625
629604 203125 792072 203125
866304 203125 462672 203125
3495528 2640625 473904 2640625
104868 203125 624024 203125
5693184 2640625 5320512 2640625
556884 2640625 4127112 2640625
53102916 34328125 10539288 34328125
64463616 34328125 78141888 34328125
-44156376 66015625 252990432 66015625
84251124 66015625 282825432 66015625
148846824 66015625 167908032 66015625
83320236 858203125 1900887048 858203125
48348 203125 1010664 203125
430848 203125 88128 15625
667548 203125 816264 203125
-163656 203125 715392 203125
2945556 2640625 10478808 2640625
167652 203125 177336 203125
-74304 105625 23328 105625
-215604 105625 179928 105625
-16704 105625 250128 105625
-7164 8125 11448 8125
85068 105625 451224 105625
226368 105625 294624 105625
235368 105625 273024 105625
407052 105625 350136 105625
27252 105625 166536 105625
17208 8125 18144 8125
10872 8125 1296 8125
349452 105625 123336 105625
358452 105625 101736 105625
-171648 105625 96336 105625
2304 8125 30672 8125
-13896 8125 9072 8125
-123048 105625 344736 105625
75852 105625 414936 105625
219852 105625 69336 105625
-22788 8125 11016 8125
-576 625 432 625
-166644 105625 510408 105625
32256 105625 440208 105625
36828 1373125 5717304 1373125
-1714788 1373125 6901416 1373125
53208 105625 396144 105625
81612 105625 626616 105625
58356 105625 629208 105625
245556 105625 488808 105625
222156 105625 348408 105625
2358144 1373125 4257792 1373125
459144 1373125 5175792 1373125
2892744 1373125 1525392 1373125
-45497916 34328125 126350712 34328125
21273984 34328125 141864912 34328125
33942276 34328125 201975768 34328125
89353476 34328125 149887368 34328125
-175078476 66015625 237562632 66015625
-46670976 66015625 267397632 66015625
17924724 66015625 152480232 66015625
-1618667064 858203125 1700325648 858203125
-2196756 2640625 -510408 2640625
-2360556 2640625 51192 2640625
-5273856 2640625 3771792 2640625
-301356 2640625 5526792 2640625
-9916884 2640625 2892888 2640625
-4070484 2640625 9848088 2640625
-7857684 2640625 8368488 2640625
-2885184 2640625 10123488 2640625
54417024 34328125 33631632 34328125
-11102976 34328125 -4978368 34328125
51795324 34328125 18031032 34328125
-69135876 34328125 31509432 34328125
1808792064 858203125 1721924352 858203125
106804764 858203125 1521362952 858203125
1776102264 858203125 1909217952 858203125
-346752 203125 918864 203125
35748 203125 1053864 203125
272448 203125 55728 15625
-558756 203125 623592 203125
-2190744 2640625 9285408 2640625
-17496 15625 85536 203125
-279756 105625 -24408 105625
-421056 105625 132192 105625
-222156 105625 202392 105625
-22968 8125 7776 8125
-120384 105625 403488 105625
-24372 8125 25704 8125
20916 105625 246888 105625
29916 105625 225288 105625
-30708 8125 8856 8125
-14004 8125 28728 8125
-10080684 2640625 3454488 2640625
-161244 203125 -83592 203125
-173844 203125 -40392 203125
-397944 203125 245808 203125
-1188 15625 380808 203125
1266984 2640625 9888912 2640625
9252 203125 -243864 203125
-156672 105625 -195696 105625
-297972 105625 -39096 105625
-99072 105625 31104 105625
-334656 203125 337392 203125
60444 203125 429192 203125
-76428 105625 319896 105625
122472 105625 390096 105625
245556 105625 218808 105625
4608 10985 18144 10985
6228 4225 -216 169
-1368 4225 -9072 4225
-7164 54925 112104 54925
-105912 54925 64368 54925
2304 8125 -9072 8125
-152244 105625 -67608 105625
-504 325 432 325
-222156 105625 348408 105625
-210456 105625 137808 105625
-6516 105625 195912 105625
-16128 10985 193536 54925
-179388 54925 5832 2197
-32256 105625 440208 105625
-20556 105625 229608 105625
-612 2197 216 54925
-2286216 1373125 1559088 1373125
108 325 1944 325
684 325 1512 325
-1332 845 4104 845
193896 105625 260928 105625
9864 8125 4752 8125
13716 4225 5832 4225
14076 4225 4968 4225
252 65 216 65
6732 8125 34776 8125
192384 105625 266112 105625
22788 54925 46008 10985
-15192 10985 182304 54925
166644 105625 510408 105625
3204 845 14904 4225
88128 54925 7344 10985
299484 1373125 2471688 1373125
-143244 105625 -89208 105625
-504 325 864 325
-2556 845 11016 4225
-4824 4225 13824 4225
-2124 10985 -11016 54925
-2169216 1373125 1278288 1373125
2473416 1373125 4197312 1373125
4716 1373125 3003912 1373125
-16956 8125 -18792 8125
-1656 8125 -24192 8125
7812 8125 -11016 8125
-10368 10985 -51408 54925
-13716 4225 5832 4225
-4824 4225 3024 4225
-349452 105625 123336 105625
-337752 105625 -87264 105625
-20916 105625 246888 105625
-208116 105625 106488 105625
-226368 105625 294624 105625
-214668 105625 84024 105625
-145656 54925 29376 10985
-219132 54925 65448 54925
-115704 54925 28944 54925
-4674744 1373125 -326592 1373125
-4220316 1373125 2377512 1373125
-2353428 1373125 -1786104 1373125
-174708 54925 84456 54925
-77364 54925 -12312 10985
-171648 105625 279936 105625
-383652 105625 254664 105625
828 4225 14904 4225
-14724 4225 15768 4225
-7236 4225 4536 4225
-7704 105625 142128 105625
0 1 7344 4225
-15192 4225 0 1
-407052 105625 350136 105625
-108 4225 14904 4225
-3132 845 648 325
-166644 105625 94392 105625
120384 105625 403488 105625
-66816 105625 263088 105625
-85068 105625 451224 105625
-73368 105625 240624 105625
-1476 4225 3672 845
6012 4225 7128 4225
-7596 4225 -1944 4225
8316 4225 3672 4225
7848 4225 12096 4225
-7704 4225 432 325
214452 105625 -26136 105625
32256 105625 24192 105625
-312984 105625 -79488 105625
-114084 105625 -149688 105625
-173196 105625 71928 105625
-63612 54925 219672 54925
-137088 54925 27648 10985
-6732 10985 101736 54925
1748772 1373125 1853496 1373125
-22788 54925 46008 10985
16128 10985 193536 54925
-84096 54925 148608 54925
7164 54925 112104 54925
1931292 1373125 2291544 1373125
246132 714025 218376 714025
-4986648 17850625 39969936 17850625
920916 17850625 75123288 17850625
-1056384 17850625 39531888 17850625
31098024 17850625 56149632 17850625
-2972376 17850625 36072432 17850625
-114891516 34328125 95235912 34328125
-48119616 34328125 110750112 34328125
-35451324 34328125 170860968 34328125
-39253824 34328125 102415968 34328125
19959876 34328125 118772568 34328125
-133670592 34328125 29307744 34328125
-66898692 34328125 44821944 34328125
-2538468 1373125 1201176 1373125
-5209344 1373125 580608 1373125
-4637916 1373125 5390712 1373125
-2204316 1373125 1740312 1373125
100332 274625 963576 274625
-4754916 1373125 3284712 1373125
-2473416 1373125 4197312 1373125
-27143424 17850625 15033168 17850625
-61213824 17850625 -5044032 17850625
-34549524 17850625 18613368 17850625
88686324 446265625 787369032 446265625
-155441664 446265625 -69697152 446265625
-7752564 446265625 809136648 446265625
-57185064 446265625 -80648352 446265625
-15148152 5078125 8273664 5078125
-5270652 5078125 10568664 5078125
-301752 5078125 1728864 5078125
-1902684564 858203125 10260648 858203125
-3070656 2640625 -5710608 2640625
-3234456 2640625 -5149008 2640625
-6147756 2640625 -1428408 2640625
-1175256 2640625 326592 2640625
-10790784 2640625 -2307312 2640625
-8731584 2640625 3168288 2640625
-3759084 2640625 4923288 2640625
43056324 34328125 -33970968 34328125
39253824 34328125 -102415968 34328125
-22463676 34328125 -72580968 34328125
40434624 34328125 -49571568 34328125
-80496576 34328125 -36093168 34328125
1524774564 858203125 31859352 858203125
-177212736 858203125 -168702048 858203125
1492084764 858203125 219152952 858203125
2166228 2640625 -5093496 2640625
2002428 2640625 -4531896 2640625
-910872 2640625 -811296 2640625
4061628 2640625 943704 2640625
9791784 2640625 1875312 2640625
-3165228 2640625 4661496 2640625
1971072 2640625 5854896 2640625
1512 105625 -5184 105625
381096 105625 120528 105625
387648 105625 98064 105625
61056 21125 -24192 21125
124596 105625 -176472 105625
-5004 105625 -230472 105625
173196 105625 71928 105625
152244 105625 -67608 105625
-25956 105625 -186408 105625
29448 21125 -31536 21125
-69048 21125 20736 21125
-29268 21125 34776 21125
99828 105625 -168696 105625
-80856 105625 -224208 105625
-210456 105625 -278208 105625
-32256 105625 24192 105625
166644 105625 94392 105625
-213156 105625 -89208 105625
4524516 1373125 3098088 1373125
2055816 1373125 4291488 1373125
4489416 1373125 641088 1373125
66816 1373125 -482112 1373125
2652516 1373125 -1394712 1373125
4689864 1373125 -805248 1373125
5144292 1373125 1898856 1373125
-112284 1373125 365688 1373125
2169216 1373125 1278288 1373125
-1984284 1373125 -2301912 1373125
601416 1373125 -3214512 1373125
-299484 1373125 2471688 1373125
2286216 1373125 1559088 1373125
3033684 17850625 -3940488 17850625
1056384 17850625 -39531888 17850625
-31036716 17850625 -24017688 17850625
-4372416 17850625 -360288 17850625
843114024 446265625 313027632 446265625
598986036 446265625 -544038552 446265625
746675136 446265625 334795248 446265625
697242636 446265625 -554989752 446265625
1994251464 858203125 1680063552 858203125
292264164 858203125 1479502152 858203125
1961561664 858203125 1867357152 858203125
43503048 34328125 14505264 34328125
-54729216 34328125 51447312 34328125
-42938424 34328125 95763168 34328125
13350276 34328125 59469768 34328125
-53421624 34328125 43955568 34328125
-795499236 446265625 565940952 446265625
-647810136 446265625 1444774752 446265625
-697242636 446265625 554989752 446265625
106617564 446265625 970433352 446265625
57185064 446265625 80648352 446265625
-745142436 446265625 468503352 446265625
-4792270896 11156640625 1081683072 11156640625
185472 5078125 9084096 5078125
749844 390625 958392 390625
15665472 5078125 4224096 5078125
9416772 5078125 -3762504 5078125
-8313984 5078125 3665088 5078125
-7436484 5078125 12710088 5078125
30152808 66015625 194698944 66015625
-2467584 5078125 3870288 5078125
-2782584 5078125 4950288 5078125
-8385084 5078125 931176 390625
1177416 5078125 15480288 5078125
81621684 66015625 73333512 66015625
-49300416 66015625 57905712 66015625
79107084 66015625 87740712 66015625
-9416772 5078125 3762504 5078125
-701568 203125 -24624 203125
-12652884 2640625 3594888 2640625
-7680384 2640625 5349888 2640625
-9883584 2640625 8082288 2640625
-4911084 2640625 9837288 2640625
-1833984 2640625 5555088 2640625
-346752 203125 108864 203125
-52776 2640625 8975232 2640625
-9252 203125 243864 203125
-381852 203125 557064 203125
3479724 2640625 5060232 2640625
3704724 2640625 4520232 2640625
17496 15625 -85536 203125
-167652 203125 -177336 203125
-343908 203125 44712 15625
51192 203125 673056 203125
54648 203125 44064 203125
935424 2640625 32832 2640625
480024 2640625 -334368 2640625
-23164488 34328125 39576816 34328125
-233856 203125 -278208 203125
-638856 203125 261792 203125
-12760128 2640625 433296 2640625
-8594028 2640625 -1796904 2640625
-988956 203125 169992 203125
-571356 203125 -11016 15625
-11886228 2640625 5633496 2640625
-12957012 2640625 2786184 2640625
-7820712 2640625 3979584 2640625
-792612 203125 615384 203125
-397512 203125 707184 203125
-7100928 2640625 3208896 2640625
-176256 203125 -51408 203125
-4023828 2640625 -1073304 2640625
-558756 203125 -186408 203125
-2808828 2640625 5136696 2640625
-511488 203125 480816 203125
-2319444 2640625 3458808 2640625
-7455744 2640625 2265408 2640625
-51061248 34328125 -13662864 34328125
-39700548 34328125 53939736 34328125
-43503048 34328125 -14505264 34328125
-244472076 66015625 206447832 66015625
-116064576 66015625 236282832 66015625
-2520783864 858203125 1295833248 858203125
-16657416 5078125 -10620288 5078125
-16972416 5078125 -9540288 5078125
-1736532 390625 -2385288 5078125
-13012416 5078125 989712 5078125
-21941316 5078125 -700488 5078125
-12063816 5078125 1594512 5078125
-16326216 5078125 5601312 5078125
-6763716 5078125 8976312 5078125
-846216 5078125 57024 390625
864252 5078125 8396136 5078125
301752 5078125 -1728864 5078125
117795276 66015625 8979768 66015625
-17924724 66015625 -152480232 66015625
-148846824 66015625 -167908032 66015625
-137439324 66015625 -50323032 66015625
-1851688476 858203125 -281917368 858203125
-15665472 5078125 -4224096 5078125
-951516 203125 -344088 203125
-15902208 2640625 -558144 2640625
-10929708 2640625 1196856 2640625
-13132908 2640625 3929256 2640625
-8160408 2640625 5684256 2640625
-5083308 2640625 1402056 2640625
-272448 203125 -55728 15625
-667548 203125 -816264 203125
-7766424 2640625 -5540832 2640625
-866304 203125 -462672 203125
-831204 203125 -100872 203125
-5732568 2640625 -132624 2640625
-14000184 5078125 5803488 5078125
-4122684 5078125 8098488 5078125
846216 5078125 -57024 390625
-2966292 2640625 1125144 2640625
2006208 2640625 2880144 2640625
5083308 2640625 -1402056 2640625
1833984 2640625 -5555088 2640625
91584 1373125 -1008288 1373125
-1081116 1373125 -3486888 1373125
-2918016 1373125 -1451088 1373125
-332316 1373125 -538488 1373125
-6912 8125 -27216 8125
-279756 105625 -445608 105625
-3371328 1373125 -41904 1373125
-5840028 1373125 -1235304 1373125
-421056 105625 -289008 105625
-242856 105625 13392 105625
-245556 105625 -218808 105625
-439308 105625 -55944 105625
-316224 105625 -227232 105625
-2198628 1373125 2436696 1373125
-4667328 1373125 1243296 1373125
-147528 1373125 616896 1373125
-30528 1373125 336096 1373125
-4453128 1373125 1459296 1373125
-1867428 1373125 2371896 1373125
-8064 8125 -12096 8125
-287028 105625 -21384 21125
-39168 8125 -3024 8125
-71388 21125 309096 105625
-69048 21125 98496 105625
-3768192 1373125 4327344 1373125
-6236892 1373125 3133944 1373125
-33408 21125 400896 105625
-31068 21125 190296 105625
-2134692 1373125 -505656 1373125
-4038408 1373125 1048032 1373125
4932 8125 -648 625
-11268 8125 13176 8125
-324684 105625 52488 105625
-31608 21125 -7344 21125
-88128 105625 379296 105625
-99828 105625 168696 105625
-830556 203125 591192 203125
-303768 105625 115776 105625
-58716 21125 66312 21125
-61056 21125 24192 21125
-2976516 2640625 3705912 2640625
-69912 105625 123984 105625
-18936 21125 26352 21125
-480024 2640625 334368 2640625
-758592 1373125 4770144 1373125
-3227292 1373125 3576744 1373125
1292508 1373125 2950344 1373125
1409508 1373125 2669544 1373125
-3013092 1373125 3792744 1373125
-427392 1373125 4705344 1373125
-396 1625 18792 8125
-216 1625 2592 8125
-297792 1373125 -2541456 1373125
-2201508 1373125 -987768 1373125
-370584 105625 -147312 105625
-379584 105625 -125712 105625
-192384 105625 -266112 105625
-39384 105625 -212112 105625
6516 105625 -195912 105625
-187236 105625 -33048 105625
-3521592 1373125 -3200256 1373125
-5358492 1373125 -1164456 1373125
-2772792 1373125 -251856 1373125
-4252608 1373125 832032 1373125
-1779192 1373125 -446256 1373125
-1814292 1373125 2010744 1373125
8064 8125 -12096 8125
-75852 105625 -101736 105625
-18108 8125 -216 325
-17208 8125 -864 325
-358452 105625 -414936 105625
-159552 105625 -485136 105625
-50508 105625 -347544 105625
-27252 105625 -166536 105625
-407052 105625 -350136 105625
-33408 8125 0 1
-32508 8125 -648 325
-418752 105625 -139536 105625
-36 325 -23544 8125
-193896 105625 -255744 105625
-548352 105625 -323136 105625
-349452 105625 -393336 105625
-418752 105625 44064 105625
-219852 105625 -26136 105625
-3240576 1373125 -345168 1373125
-1089324 274625 -373032 274625
-4992192 1373125 838944 1373125
-5144292 1373125 -1898856 1373125
-11247084 2640625 -7010712 2640625
-439308 105625 -325944 105625
-69912 274625 -416016 274625
-100332 274625 -963576 274625
-594072 274625 -724896 274625
-59353524 34328125 -17188632 34328125
-386136 105625 -103248 105625
-46908 8125 -12744 8125
-375948 105625 112536 105625
-387648 105625 -98064 105625
-5035716 2640625 -1769688 2640625
-4428 1625 -4104 1625
-73152 105625 -182736 105625
-594252 105625 -209736 105625
-46404 8125 -14472 8125
-545652 105625 38664 105625
-202752 105625 -236736 105625
-3852 105625 -166536 105625
36 325 -23544 8125
-170496 105625 -255744 105625
-30204 8125 -14472 8125
-240408 105625 160272 105625
-228708 105625 -50328 105625
-39492 8125 -8856 8125
-24192 8125 -14256 8125
-383796 105625 252072 105625
-184896 105625 181872 105625
-2786148 1373125 2358936 1373125
-4537764 1373125 3543048 1373125
-4689864 1373125 805248 1373125
-27108 21125 73656 21125
-29448 21125 31536 21125
-158796 105625 -50328 105625
5004 105625 90072 105625
19404 105625 68472 105625
7704 105625 -142128 105625
-381096 105625 -120528 105625
-193896 105625 -260928 105625
-170496 105625 -260928 105625
-381096 105625 19872 105625
-464832 1373125 899424 1373125
-2363832 1373125 1817424 1373125
69768 1373125 -1832976 1373125
-116072316 34328125 42391512 34328125
-36632124 34328125 118016568 34328125
-40434624 34328125 49571568 34328125
-51795324 34328125 -18031032 34328125
-310798476 66015625 76102632 66015625
-117795276 66015625 -8979768 66015625
-3383027064 858203125 -398654352 858203125
-7625556 2640625 -6968808 2640625
-7789356 2640625 -6407208 2640625
-10702656 2640625 -2686608 2640625
-5730156 2640625 -931608 2640625
-15345684 2640625 -3565512 2640625
-9499284 2640625 3389688 2640625
-9791784 2640625 -1875312 2640625
-13286484 2640625 1910088 2640625
-8313984 2640625 3665088 2640625
-16157376 34328125 -50327568 34328125
-19959876 34328125 -118772568 34328125
-81677376 34328125 -88937568 34328125
-89353476 34328125 -149887368 34328125
-139710276 34328125 -52449768 34328125
44432064 858203125 -377055648 858203125
-1657555236 858203125 -577617048 858203125
-11688516 5078125 -19460088 5078125
-12003516 5078125 -18380088 5078125
-17606016 5078125 -11225088 5078125
-618732 390625 -7850088 5078125
-11357316 5078125 -3238488 5078125
-1794816 5078125 136512 5078125
4122684 5078125 -8098488 5078125
448704 390625 -34128 390625
5270652 5078125 -10568664 5078125
46670976 66015625 -267397632 66015625
116064576 66015625 -236282832 66015625
-84251124 66015625 -282825432 66015625
-72843624 66015625 -165240432 66015625
-1011944376 858203125 -1775843568 858203125
12063816 5078125 -1594512 5078125
1316052 2640625 -1831464 2640625
66204 203125 -169128 203125
53604 203125 -125928 203125
-1453248 2640625 -6318864 2640625
-4985748 2640625 -2403864 2640625
-13248 2640625 -648864 2640625
221256 203125 -758592 203125
1143828 2640625 -10266696 2640625
-161244 203125 -893592 203125
2358828 2640625 -4056696 2640625
-578844 203125 -580392 203125
-1678572 2640625 -589896 2640625
-1971072 2640625 -5854896 2640625
397512 203125 -707184 203125
2684412 2640625 -5172984 2640625
-51192 203125 -673056 203125
-4702572 2640625 -10471896 2640625
-8235072 2640625 -6556896 2640625
-3262572 2640625 -4801896 2640625
-397944 203125 -564192 203125
-718272 2640625 225504 2640625
-60444 203125 -429192 203125
-433044 203125 -115992 203125
2814228 2640625 -3689496 2640625
3039228 2640625 -4229496 2640625
-290232 203125 532224 203125
69768 203125 -7776 203125
-3998016 2640625 2868912 2640625
5654484 2640625 -2396088 2640625
389484 2640625 4623912 2640625
70701192 34328125 23623056 34328125
66898692 34328125 -44821944 34328125
5181192 34328125 -14986944 34328125
20086668 34328125 58436424 34328125
7820712 2640625 -3979584 2640625
5337468 2640625 40824 2640625
-2812716 2640625 3144312 2640625
2159784 2640625 4899312 2640625
4780584 2640625 -7596288 2640625
-484416 2640625 -576288 2640625
-4939416 2640625 -3546288 2640625
-773316 2640625 -5776488 2640625
393084 2640625 -5841288 2640625
51922116 34328125 -42305112 34328125
48119616 34328125 -110750112 34328125
-13597884 34328125 -80915112 34328125
-21273984 34328125 -141864912 34328125
-71630784 34328125 -44427312 34328125
1746419364 858203125 -176494248 858203125
-79107084 66015625 -87740712 66015625
-187188876 66015625 -40094568 66015625
-175781376 66015625 77490432 66015625
-48954276 66015625 106958232 66015625
-111185676 66015625 -37426968 66015625
-115280676 66015625 -23386968 66015625
-188113176 66015625 69628032 66015625
-63800676 66015625 113503032 66015625
-2150516664 858203125 -1846297152 858203125
-1866499164 858203125 -156232152 858203125
-1961561664 858203125 -1867357152 858203125
-1397022264 858203125 1491972048 858203125
-1492084764 858203125 -219152952 858203125
-1776102264 858203125 -1909217952 858203125
-749844 390625 -958392 390625
-714816 203125 -673488 203125
-12825108 2640625 -4840344 2640625
-7852608 2640625 -3085344 2640625
-10055808 2640625 -352944 2640625
-2006208 2640625 -2880144 2640625
-35748 203125 -1053864 203125
-430848 203125 -88128 15625
-4689324 2640625 -9823032 2640625
-629604 203125 -792072 203125
-594504 203125 -430272 203125
-2655468 2640625 -4414824 2640625
-8082684 5078125 -2431512 5078125
1794816 5078125 -136512 5078125
6763716 5078125 -8976312 5078125
110808 2640625 -3157056 2640625
8160408 2640625 -5684256 2640625
4911084 2640625 -9837288 2640625
1691676 1373125 -3235032 1373125
518976 1373125 -5713632 1373125
-1317924 1373125 -3677832 1373125
1267776 1373125 -2765232 1373125
2556 8125 -40392 8125
-156672 105625 -616896 105625
-1771236 1373125 -2268648 1373125
-4239936 1373125 -3462048 1373125
-297972 105625 -460296 105625
-119772 105625 -157896 105625
-122472 105625 -390096 105625
-186588 105625 -420984 105625
-38628 21125 -79704 21125
-598536 1373125 209952 1373125
-3067236 1373125 -983448 1373125
1452564 1373125 -1609848 1373125
-2853036 1373125 -767448 1373125
-267336 1373125 145152 1373125
1836 625 -34776 8125
7668 8125 -13176 8125
-78516 105625 -290088 105625
88128 105625 -379296 105625
31608 21125 7344 21125
29268 21125 -34776 21125
3636 8125 -31752 8125
3132 8125 -30024 8125
255384 105625 -306288 105625
-265716 105625 -333288 105625
-21132 8125 -23976 8125
-6732 8125 -34776 8125
125784 105625 -360288 105625
8064 8125 -38448 8125
-8136 8125 -1296 625
-283968 105625 -337824 105625
-117324 105625 -427032 105625
-5436 8125 -33048 8125
-249012 105625 -129816 105625
-7296084 2640625 -6092712 2640625
-2159784 2640625 -4899312 2640625
52956 203125 -817992 203125
40356 203125 -774792 203125
4051584 2640625 341712 2640625
3759084 2640625 -4923288 2640625
8313984 2640625 -3665088 2640625
2885184 2640625 -10123488 2640625
-1833984 5078125 5555088 5078125
618732 390625 7850088 5078125
13012416 5078125 -989712 5078125
1809324 2640625 -1516968 2640625
104148 203125 -144936 203125
91548 203125 -101736 203125
-959976 2640625 -6004368 2640625
-4492476 2640625 -2089368 2640625
-739656 203125 -202608 203125
-3769128 2640625 4321296 2640625
-4061628 2640625 -943704 2640625
1188 15625 -380808 203125
1467756 2640625 4938408 2640625
1175256 2640625 -326592 2640625
5730156 2640625 931608 2640625
301356 2640625 -5526792 2640625
-1177416 5078125 -15480288 5078125
66315276 66015625 -127910232 66015625
-64606824 66015625 -143338032 66015625
63800676 66015625 -113503032 66015625
2880108 2640625 1330344 2640625
7852608 2640625 3085344 2640625
10929708 2640625 -1196856 2640625
7680384 2640625 -5349888 2640625
3131712 1373125 -901584 1373125
1959012 1373125 -3380184 1373125
122112 1373125 -1344384 1373125
2707812 1373125 -431784 1373125
-76428 105625 -101304 105625
101772 105625 201096 105625
99072 105625 -31104 105625
243072 105625 44496 105625
222156 105625 -202392 105625
16704 105625 -250128 105625
-1873728 2640625 3608496 2640625
3262572 2640625 4801896 2640625
-2375424 2640625 -5702832 2640625
-2539224 2640625 -5141232 2640625
-5452524 2640625 -1420632 2640625
-5123052 2640625 -544536 2640625
13248 2640625 648864 2640625
-3456612 1373125 -2516616 1373125
-5293512 1373125 -480816 1373125
-2707812 1373125 431784 1373125
-3853476 1373125 1852632 1373125
-1267776 1373125 2765232 1373125
332316 1373125 538488 1373125
-240768 142805 -35424 142805
-113832 105625 83376 105625
39744 54925 -7776 54925
121788 54925 -80568 54925
4608 10985 -128304 54925
2772792 1373125 251856 1373125
-25704 714025 -5184 142805
-1309428 714025 -646488 714025
-242856 714025 -1592784 714025
24192 8125 -14256 8125
4041216 1373125 -295488 1373125
1572516 1373125 -1488888 1373125
349452 105625 -393336 105625
167256 105625 -343008 105625
-2196 4225 -11016 4225
12888 4225 -1728 4225
-2664 4225 -8208 4225
4824 4225 -13824 4225
30168 10985 -142992 54925
-1055844 1373125 -510408 1373125
-903744 1373125 -3248208 1373125
-3070116 1373125 -4407912 1373125
-449316 1373125 -5952312 1373125
159552 105625 -485136 105625
-22644 105625 -434808 105625
-9792 4225 -14688 4225
-92556 105625 -18792 105625
-80856 105625 -229392 105625
58932 105625 -375624 105625
10944 4225 -11664 4225
-75852 105625 -414936 105625
21888 54925 -169344 54925
427392 1373125 -4705344 1373125
-2318364 1373125 -1057752 1373125
267336 1373125 -145152 1373125
1867428 1373125 -2371896 1373125
-635508 714025 -1314792 714025
-1919232 714025 -387072 142805
-170532 142805 -2881656 714025
-3106944 1373125 1309392 1373125
-2954844 1373125 -1428408 1373125
-5121216 1373125 -2588112 1373125
-2500416 1373125 -4132512 1373125
-785628 1373125 2768904 1373125
-633528 1373125 31104 1373125
-105912 54925 -154656 54925
73908 714025 -36936 142805
-5361984 17850625 -38689488 17850625
24815124 17850625 -19715832 17850625
-7277976 17850625 -35230032 17850625
233856 203125 -278208 203125
1138284 2640625 -7572312 2640625
264384 2640625 -2372112 2640625
556884 2640625 -7637112 2640625
-23364 8125 -33048 8125
-8064 8125 -38448 8125
-12996 8125 -3672 8125
190044 1373125 -2157192 1373125
-2278656 1373125 -3350592 1373125
-10209384 2640625 -1137888 2640625
-9916884 2640625 -6402888 2640625
-4780584 2640625 -7596288 2640625
-72060876 34328125 -24489432 34328125
-39168 8125 -29376 8125
-1836 625 -34776 8125
-369396 105625 -230472 105625
-4932 8125 -648 625
-9792 4225 -432 845
-1476 845 -3672 4225
-7848 4225 -12096 4225
108 4225 -14904 4225
-1152 325 -432 325
-15084 4225 -1512 845
-56844 10985 -11448 54925
-23148 4225 -10152 4225
-23508 4225 -9288 4225
-3204 845 -14904 4225
-193608 54925 -3024 2197
-5361444 1373125 331992 1373125
-5209344 1373125 -2405808 1373125
-7375716 1373125 -3565512 1373125
-4754916 1373125 -5109912 1373125
-11083284 2640625 4062312 2640625
-10790784 2640625 -1202688 2640625
-5654484 2640625 -2396088 2640625
-83421576 34328125 43113168 34328125
-28404 105625 90072 105625
-215604 105625 -50328 105625
-423756 105625 46008 105625
-421056 105625 -2592 105625
-681984 1373125 -2466288 1373125
-112284 1373125 -2190888 1373125
-45863424 34328125 -88743168 34328125
-57224124 34328125 -21140568 34328125
-53421624 34328125 -89585568 34328125
-1836 325 -648 325
-252 65 -216 65
-21564 4225 648 4225
-7848 4225 -10368 4225
-72 325 -432 325
-828 4225 -14904 4225
-684 325 -1512 325
-252 65 -648 325
-8064 4225 -10368 4225
-245556 105625 -488808 105625
-24264 8125 6048 8125
-365544 105625 19008 105625
-106344 105625 94608 105625
-112896 105625 117072 105625
-935424 2640625 -32832 2640625
-39816 54925 183168 54925
-138564 54925 135432 54925
42228 54925 110376 54925
-129996 54925 144072 54925
-14076 4225 -4968 4225
-3852 845 1944 845
-5544 4225 -1296 4225
-358452 105625 -101736 105625
-3704724 2640625 -4520232 2640625
-450972 105625 -93096 105625
-29916 105625 -225288 105625
-235368 105625 -273024 105625
-8175528 2640625 3036096 2640625
-3039228 2640625 4229496 2640625
-51588 54925 -87912 54925
-1409508 1373125 -2669544 1373125
-4155264 1373125 978048 1373125
30528 1373125 -336096 1373125
-1590696 714025 -256176 714025
-574884 142805 -876744 714025
-1807848 714025 -364608 142805
-4943844 1373125 3345192 1373125
-4791744 1373125 607392 1373125
-6958116 1373125 -552312 1373125
-4337316 1373125 -2096712 1373125
-2622528 1373125 4804704 1373125
-2470428 1373125 2066904 1373125
-258948 54925 23544 10985
-179388 54925 -73224 54925
-176256 142805 873936 714025
-29241684 17850625 -12224088 17850625
935424 17850625 6749568 17850625
-31157676 17850625 -8764632 17850625
-487368 203125 489024 203125
-464868 203125 84024 203125
-69768 203125 -7776 203125
-21704076 34328125 72948168 34328125
161496 105625 181872 105625
-25704 105625 41472 105625
-231156 105625 89208 105625
1786716 1373125 -1272888 1373125
2356416 1373125 -997488 1373125
15854076 34328125 -58908168 34328125
4493376 34328125 8694432 34328125
8295876 34328125 -59750568 34328125
196452 105625 -26136 105625
9252 105625 -166536 105625
37656 105625 -397008 105625
-214452 105625 69336 105625
-202752 105625 -141264 105625
-1476 845 3672 4225
-72 845 -15984 4225
576 4225 -15984 4225
8064 4225 -10368 4225
7704 4225 -3888 4225
-68292 54925 -41688 10985
-141768 54925 -127008 54925
83448 54925 -171072 54925
-612 2197 -218808 54925
1814292 1373125 -2010744 1373125
185292 714025 -14472 142805
-2577384 17850625 -35881488 17850625
27599724 17850625 -16907832 17850625
-4493376 17850625 -32422032 17850625
-42178824 34328125 -95395968 34328125
-53539524 34328125 -27793368 34328125
-49737024 34328125 -96238368 34328125
-69768 1373125 -1832976 1373125
-30641724 17850625 24208632 17850625
-62734824 17850625 8694432 17850625
-36070524 17850625 -14962968 17850625
-95210064 446265625 171908352 446265625
346752 203125 108864 203125
18828 105625 125496 105625
-122472 105625 -31104 105625
76428 105625 -101304 105625
128088 105625 -59184 105625
-1512 15625 -5184 15625
2844 203125 -472392 203125
397944 203125 -564192 203125
99072 105625 -390096 105625
297972 105625 -460296 105625
421056 105625 -289008 105625
4572 2197 -127224 54925
4716 4225 6264 4225
12672 4225 3456 4225
84096 54925 -148608 54925
-14652 54925 -100872 54925
15084 4225 -1512 845
-108 4225 -14904 4225
1152 325 -432 325
14616 4225 864 4225
504 325 -864 325
1476 845 -3672 4225
140544 105625 137808 105625
152244 105625 -72792 105625
29304 8125 -9072 8125
20556 105625 -370008 105625
222156 105625 -488808 105625
-256356 203125 -396792 203125
-233856 203125 -801792 203125
161244 203125 -893592 203125
4032 8125 -18576 8125
6516 105625 -225288 105625
12996 8125 3672 8125
-219852 105625 -114264 105625
-184896 105625 -322272 105625
16704 105625 -441072 105625
558756 203125 -186408 203125
5361984 2640625 -6378912 2640625
4488084 2640625 -1178712 2640625
4780584 2640625 -6443712 2640625
-42228 105625 -546696 105625
156672 105625 -616896 105625
279756 105625 -445608 105625
40824 54925 -208656 54925
-6588 4225 -6264 4225
1476 4225 -3672 845
-171252 105625 -179064 105625
-159552 105625 -389664 105625
157284 105625 -55512 105625
-29916 105625 -195912 105625
-48168 105625 -7776 105625
-36468 105625 -218376 105625
-52992 54925 -10368 54925
-126468 54925 -3672 2197
-4608 10985 -128304 54925
-2055816 1373125 -4291488 1373125
612 2197 -218808 54925
290232 203125 -532224 203125
161496 105625 -322272 105625
-43956 105625 -370008 105625
4637916 1373125 -5390712 1373125
196452 105625 -114264 105625
14616 4225 -1296 845
14724 4225 -15768 4225
1332 845 -4104 845
7596 4225 -4104 845
174708 54925 -84456 54925
179388 54925 -73224 54925
2484 54925 -118152 54925
105912 54925 -154656 54925
2363832 1373125 -1817424 1373125
-459144 1373125 -5175792 1373125
-108 325 -1944 325
-36 325 -1944 325
-684 325 -216 65
-576 4225 -15984 4225
-58356 105625 -629208 105625
-9864 8125 -4752 8125
14004 8125 -28728 8125
-178344 105625 -121392 105625
2556 845 -11016 4225
-2304 8125 -30672 8125
2124 10985 11016 54925
-88128 54925 -7344 10985
143244 105625 89208 105625
154944 105625 -121392 105625
15192 10985 -182304 54925
-4716 1373125 -3003912 1373125
504 8125 -30672 8125
-166644 105625 -510408 105625
34956 105625 -629208 105625
-15804 8125 -28728 8125
36 325 -1944 325
-13716 4225 -5832 4225
-7596 4225 -4104 845
-22788 54925 -46008 10985
-2473416 1373125 -4197312 1373125
170496 105625 -260928 105625
2169216 1373125 -1278288 1373125
-299484 1373125 -2471688 1373125
-638856 203125 -261792 203125
-47412 15625 -666792 203125
-221256 203125 -758592 203125
-11268 8125 -13176 8125
-192384 105625 -155088 105625
-418752 105625 -44064 105625
-32004 8125 -7128 8125
-383796 105625 -252072 105625
-182196 105625 -370872 105625
176256 203125 -51408 203125
389484 2640625 -4623912 2640625
-484416 2640625 576288 2640625
-191916 2640625 -4688712 2640625
7668 8125 13176 8125
-6732 8125 2376 8125
-8136 8125 1296 625
-7236 8125 648 8125
4824 4225 -3024 4225
-252 65 -216 325
-14076 4225 -2376 845
4716 4225 -6264 4225
504 325 -432 325
-6588 4225 6264 4225
-14184 4225 2592 4225
-28872 54925 -120528 54925
-2625516 1373125 -1459512 1373125
158796 105625 -50328 105625
2017116 1373125 1459512 1373125
-451584 1373125 266112 1373125
571356 203125 -11016 15625
5525784 2640625 -5817312 2640625
4651884 2640625 -617112 2640625
4944384 2640625 -5882112 2640625
-9864 8125 -27648 8125
5436 8125 -33048 8125
2471544 1373125 -1244592 1373125
2844 1373125 -2437992 1373125
-5821884 2640625 617112 2640625
-5529384 2640625 -4647888 2640625
-393084 2640625 -5841288 2640625
-15023376 34328125 -1674432 34328125
-17856 8125 -34992 8125
-2556 8125 -40392 8125
6912 8125 -27216 8125
-57924 54925 -32184 10985
-14184 4225 -2592 4225
-361152 105625 -87264 105625
-349452 105625 -297864 105625
-32616 105625 36288 105625
-219816 105625 -104112 105625
-238068 105625 84024 105625
-226368 105625 -126576 105625
-30348 10985 37368 54925
-225216 54925 -44064 54925
-121788 54925 -80568 54925
-4826844 1373125 -3064392 1373125
-4524516 1373125 -3098088 1373125
-2505528 1373125 -4523904 1373125
-83448 54925 -171072 54925
-183348 105625 69336 105625
-7704 4225 -3888 4225
-19404 105625 -68472 105625
-36 325 -216 845
-3132 845 -648 325
-418752 105625 139536 105625
-407052 105625 -71064 105625
-16128 4225 0 1
3852 105625 -166536 105625
-178344 105625 -116208 105625
108684 105625 192888 105625
-78516 105625 52488 105625
-96768 105625 240624 105625
-85068 105625 30024 105625
5544 4225 -1296 4225
72 845 -15984 4225
7848 4225 -10368 4225
1476 845 3672 4225
-8172 4225 -216 325
202752 105625 -236736 105625
20556 105625 -186408 105625
-324684 105625 -290088 105625
-125784 105625 -360288 105625
-184896 105625 -138672 105625
-69696 54925 22032 10985
-143172 54925 28728 54925
-39744 54925 -7776 54925
1596672 1373125 -884304 1373125
-28872 54925 120528 54925
74556 54925 84024 54925
216 10985 2592 54925
1779192 1373125 -446256 1373125
33408 142805 -241056 142805
-6963948 17850625 4378536 17850625
-3033684 17850625 3940488 17850625
27143424 17850625 -15033168 17850625
-4949676 17850625 481032 17850625
-118694016 34328125 26790912 34328125
-51922116 34328125 42305112 34328125
-43056324 34328125 33970968 34328125
16157376 34328125 50327568 34328125
-54417024 34328125 -33631632 34328125
-137473092 34328125 -39137256 34328125
-70701192 34328125 -23623056 34328125
-2690568 1373125 -1536624 1373125
-5361444 1373125 -2157192 1373125
-2356416 1373125 -997488 1373125
69912 274625 416016 274625
-4907016 1373125 546912 1373125
112284 1373125 -2190888 1373125
-2625516 1373125 1459512 1373125
-31098024 17850625 -56149632 17850625
-63191124 17850625 -40635432 17850625
-36526824 17850625 -16978032 17850625
39253824 446265625 -102415968 446265625
-204874164 446265625 -959482152 446265625
-106617564 446265625 -970433352 446265625
-15710652 5078125 -1851336 5078125
-448704 390625 34128 390625
-864252 5078125 -8396136 5078125
-1997747064 858203125 -1700864352 858203125
-3363156 2640625 -10975608 2640625
-3526956 2640625 -10414008 2640625
-6440256 2640625 -6693408 2640625
-1467756 2640625 -4938408 2640625
-11083284 2640625 -7572312 2640625
-9024084 2640625 -2096712 2640625
-4051584 2640625 -341712 2640625
-1266984 2640625 -9888912 2640625
35451324 34328125 -170860968 34328125
-26266176 34328125 -141025968 34328125
36632124 34328125 -118016568 34328125
-33942276 34328125 -201975768 34328125
-84299076 34328125 -104538168 34328125
1429712064 858203125 -1679265648 858203125
-272275236 858203125 -1879827048 858203125
1397022264 858203125 -1491972048 858203125
1873728 2640625 -10358496 2640625
1709928 2640625 -9796896 2640625
-1203372 2640625 -6076296 2640625
3769128 2640625 -4321296 2640625
9499284 2640625 -3389688 2640625
4070484 2640625 -9848088 2640625
-3457728 2640625 -603504 2640625
1678572 2640625 589896 2640625
-10188 105625 -215784 105625
182196 105625 -370872 105625
375948 105625 -112536 105625
58716 21125 -66312 21125
112896 105625 -387072 105625
-16704 105625 -441072 105625
161496 105625 -138672 105625
140544 105625 -278208 105625
-34956 105625 -629208 105625
-245556 105625 -348408 105625
-37656 105625 -397008 105625
27108 21125 -73656 21125
-81612 105625 -626616 105625
-71388 21125 -21384 21125
-92556 105625 -434808 105625
-222156 105625 -488808 105625
-43956 105625 -186408 105625
154944 105625 -116208 105625
-224856 105625 -299808 105625
4220316 1373125 -2377512 1373125
4337316 1373125 -2096712 1373125
-85284 1373125 -3219912 1373125
2500416 1373125 -4132512 1373125
4537764 1373125 -3543048 1373125
1714788 1373125 -6901416 1373125
4992192 1373125 -838944 1373125
-264384 1373125 -2372112 1373125
4754916 1373125 -5109912 1373125
2017116 1373125 -1459512 1373125
-2136384 1373125 -5039712 1373125
449316 1373125 -5952312 1373125
-451584 1373125 -266112 1373125
2134116 1373125 -1178712 1373125
-920916 17850625 -75123288 17850625
-33014016 17850625 -59609088 17850625
-6349716 17850625 -35951688 17850625
793681524 446265625 -576757368 446265625
549553536 446265625 -1433823552 446265625
647810136 446265625 -1444774752 446265625
1899188964 858203125 -31061448 858203125
197201664 858203125 -231622848 858203125
1866499164 858203125 156232152 858203125
39700548 34328125 -53939736 34328125
-64463616 34328125 -78141888 34328125
-58531716 34328125 -16997688 34328125
-46740924 34328125 27318168 34328125
9547776 34328125 -8975232 34328125
-57224124 34328125 -24489432 34328125
-844931736 446265625 -323844048 446265625
-746675136 446265625 -334795248 446265625
7752564 446265625 -809136648 446265625
-794574936 446265625 -421281648 446265625
-6028083396 11156640625 -21162941928 11156640625
-1811016 5078125 -17165088 5078125
-7728516 5078125 -8930088 5078125
1833984 5078125 -5555088 5078125
2782584 5078125 -4950288 5078125
-113832 390625 -72576 390625
8082684 5078125 2431512 5078125
14000184 5078125 -5803488 5078125
15710652 5078125 1851336 5078125
15148152 5078125 -8273664 5078125
310798476 66015625 -76102632 66015625
175078476 66015625 -237562632 66015625
244472076 66015625 -206447832 66015625
44156376 66015625 -252990432 66015625
55563876 66015625 -135405432 66015625
657353124 858203125 -1387988568 858203125
16972416 5078125 9540288 5078125
21941316 5078125 700488 5078125
6452352 2640625 -638064 2640625
461304 203125 -77328 203125
3683052 2640625 -5125464 2640625
150552 2640625 -1210464 2640625
5123052 2640625 544536 2640625
47412 15625 -666792 203125
988956 203125 -169992 203125
830556 203125 -591192 203125
6280128 2640625 -9073296 2640625
233856 203125 -801792 203125
7495128 2640625 -2863296 2640625
3457728 2640625 603504 2640625
3165228 2640625 -4661496 2640625
792612 203125 -615384 203125
343908 203125 -44712 15625
433728 2640625 -9278496 2640625
-3098772 2640625 -5363496 2640625
1873728 2640625 -3608496 2640625
-2844 203125 -472392 203125
4418028 2640625 1418904 2640625
334656 203125 -337392 203125
7950528 2640625 -2496096 2640625
8175528 2640625 -3036096 2640625
464868 203125 84024 203125
11247084 2640625 7010712 2640625
1138284 2640625 4062312 2640625
10790784 2640625 -1202688 2640625
5525784 2640625 5817312 2640625
137473092 34328125 39137256 34328125
133670592 34328125 -29307744 34328125
71953092 34328125 527256 34328125
86858568 34328125 73950624 34328125
12957012 2640625 -2786184 2640625
10473768 2640625 1234224 2640625
2323584 2640625 4337712 2640625
7296084 2640625 6092712 2640625
10080684 2640625 -3454488 2640625
9916884 2640625 -6402888 2640625
4651884 2640625 617112 2640625
196884 2640625 -2352888 2640625
5529384 2640625 -4647888 2640625
118694016 34328125 -26790912 34328125
114891516 34328125 -95235912 34328125
53174016 34328125 -65400912 34328125
116072316 34328125 -42391512 34328125
45497916 34328125 -126350712 34328125
-4858884 34328125 -28913112 34328125
3415716864 858203125 211360752 858203125
3383027064 858203125 398654352 858203125
49300416 66015625 -57905712 66015625
-58781376 66015625 -10259568 66015625
-47373876 66015625 107325432 66015625
79453224 66015625 136793232 66015625
17221824 66015625 -7591968 66015625
-59705676 66015625 99463032 66015625
64606824 66015625 143338032 66015625
-481219164 858203125 -1458442152 858203125
-197201664 858203125 231622848 858203125
-292264164 858203125 -1479502152 858203125
-44432064 858203125 377055648 858203125
272275236 858203125 1879827048 858203125
177212736 858203125 168702048 858203125
1657555236 858203125 577617048 858203125
-106804764 858203125 -1521362952 858203125
12003516 5078125 18380088 5078125
3868524 2640625 3958632 2640625
20196 15625 276264 203125
1099224 2640625 -528768 2640625
-2433276 2640625 3386232 2640625
2539224 2640625 5141232 2640625
-1709928 2640625 9796896 2640625
-2002428 2640625 4531896 2640625
-422856 203125 639792 203125
-40356 203125 774792 203125
173844 203125 40392 203125
3526956 2640625 10414008 2640625
3234456 2640625 5149008 2640625
7789356 2640625 6407208 2640625
2360556 2640625 -51192 2640625
115280676 66015625 23386968 66015625
-237348 203125 -362664 203125
-474048 203125 -33264 203125
-91548 203125 101736 203125
-53604 203125 125928 203125
7992 8125 -7344 8125
112896 105625 -117072 105625
18936 21125 -26352 21125
54648 1373125 44064 1373125
-306432 105625 57024 105625
-257832 105625 305424 105625
-58932 105625 375624 105625
85068 105625 30024 105625
7236 8125 648 8125
4428 1625 4104 1625
-18432 8125 24624 8125
-3132 8125 30024 8125
-1152 21125 65664 21125
38628 21125 79704 21125
316224 105625 227232 105625
1494684 1373125 2377512 1373125
226368 105625 -126576 105625
36468 105625 -218376 105625
739584 1373125 2912112 1373125
-1729116 1373125 1718712 1373125
407052 105625 -71064 105625
32508 8125 -648 325
240408 105625 -160272 105625
108 625 -7128 8125
170496 105625 255744 105625
182196 105625 45144 105625
29304 8125 -1728 8125
383652 105625 -254664 105625
15804 8125 -28728 8125
-396 8125 -7128 8125
202752 105625 -141264 105625
1368 1625 3024 1625
30708 8125 -8856 8125
38808 105625 136944 105625
5035716 2640625 1769688 2640625
381852 203125 -557064 203125
7416 21125 -71712 21125
-20844 21125 -40392 21125
24372 8125 -25704 8125
433044 203125 115992 203125
117324 105625 157032 105625
439308 105625 55944 105625
3094776 1373125 150768 1373125
349452 105625 -297864 105625
159552 105625 -389664 105625
2339676 1373125 685368 1373125
-129024 1373125 -508032 1373125
17208 8125 -864 325
41508 105625 -230472 105625
-13896 8125 -12528 8125
-28404 105625 185544 105625
-16704 105625 -25056 105625
187236 105625 33048 105625
502776 1373125 2721168 1373125
-1965924 1373125 1527768 1373125
161496 105625 277344 105625
173196 105625 66744 105625
2136276 1373125 -2111832 1373125
46512 274625 -558144 1373125
-9288 8125 432 625
216 1625 2592 8125
-1596672 1373125 884304 1373125
-1748772 1373125 -1853496 1373125
-4217472 1373125 -660096 1373125
50508 105625 347544 105625
-353844 105625 229608 105625
-356544 105625 181008 105625
-154944 105625 -121392 105625
-365544 105625 159408 105625
31068 21125 190296 105625
-25344 105625 245808 105625
-184896 105625 277344 105625
-173196 105625 66744 105625
2505528 1373125 4523904 1373125
2353428 1373125 1786104 1373125
2470428 1373125 2066904 1373125
-1952172 1373125 943704 1373125
633528 1373125 31104 1373125
-4487688 1373125 2619216 1373125
8594028 2640625 1796904 2640625
-81576 105625 356832 105625
117324 105625 427032 105625
-131688 105625 297216 105625
773316 2640625 5776488 2640625
-287028 105625 309096 105625
-22644 105625 -18792 105625
-152244 105625 -72792 105625
25956 105625 229608 105625
224856 105625 299808 105625
-154944 105625 116208 105625
69048 21125 98496 105625
164556 105625 154008 105625
5004 105625 185544 105625
16704 105625 -25056 105625
-118044 105625 -159192 105625
80856 105625 -229392 105625
213156 105625 89208 105625
-166644 105625 -94392 105625
-193896 105625 255744 105625
-182196 105625 45144 105625
-178344 105625 116208 105625
228708 105625 -50328 105625
46512 105625 0 1
4826844 1373125 3064392 1373125
4674744 1373125 326592 1373125
4791744 1373125 607392 1373125
369144 1373125 -515808 1373125
2954844 1373125 -1428408 1373125
1089324 274625 373032 274625
190044 1373125 331992 1373125
5209344 1373125 -2405808 1373125
2471544 1373125 1244592 1373125
-1681956 1373125 -2335608 1373125
903744 1373125 -3248208 1373125
2844 1373125 2437992 1373125
2588544 1373125 1525392 1373125
6963948 17850625 -4378536 17850625
4986648 17850625 -39969936 17850625
-27106452 17850625 -24455736 17850625
-442152 17850625 -798336 17850625
941370624 446265625 302076432 446265625
844931736 446265625 323844048 446265625
795499236 446265625 -565940952 446265625
2183206464 858203125 1659003552 858203125
481219164 858203125 1458442152 858203125
2150516664 858203125 1846297152 858203125
51061248 34328125 13662864 34328125
-53102916 34328125 -10539288 34328125
-47171016 34328125 50604912 34328125
-35380224 34328125 94920768 34328125
20908476 34328125 58627368 34328125
-45863424 34328125 43113168 34328125
-549553536 446265625 1433823552 446265625
-598986036 446265625 544038552 446265625
204874164 446265625 959482152 446265625
155441664 446265625 69697152 446265625
-646885836 446265625 457552152 446265625
-2335855896 11156640625 807903072 11156640625
-81621684 66015625 -73333512 66015625
-189703476 66015625 -25687368 66015625
-178295976 66015625 91897632 66015625
-113700276 66015625 -23019768 66015625
-190627776 66015625 84035232 66015625
-66315276 66015625 127910232 66015625
-2183206464 858203125 -1659003552 858203125
-1899188964 858203125 31061448 858203125
-1994251464 858203125 -1680063552 858203125
-3415716864 858203125 -211360752 858203125
-1746419364 858203125 176494248 858203125
-1429712064 858203125 1679265648 858203125
-1524774564 858203125 -31859352 858203125
-1808792064 858203125 -1721924352 858203125
-30152808 66015625 -194698944 66015625
-79453224 66015625 -136793232 66015625
48954276 66015625 -106958232 66015625
-2317032 2640625 2659824 2640625
2655468 2640625 4414824 2640625
5732568 2640625 132624 2640625
2190744 2640625 -9285408 2640625
-2945556 2640625 -10478808 2640625
-2033856 2640625 -416016 203125
-556884 2640625 -7637112 2640625
-5821884 2640625 -617112 2640625
-10276884 2640625 -3587112 2640625
-4944384 2640625 -5882112 2640625
-9402984 2640625 1613088 2640625
-10473768 2640625 -1234224 2640625
-5337468 2640625 -40824 2640625
-2684412 2640625 5172984 2640625
-4617684 2640625 -62424 203125
191916 2640625 -4688712 2640625
2976516 2640625 -3705912 2640625
-1540584 2640625 -391824 203125
-4780584 2640625 -6443712 2640625
-325584 2640625 1116288 2640625
2797848 2640625 -2148336 2640625
49737024 34328125 -96238368 34328125
-86858568 34328125 -73950624 34328125
-20086668 34328125 -58436424 34328125
-16649676 34328125 -73228968 34328125
-83421576 34328125 -88743168 34328125
-8295876 34328125 -59750568 34328125
59353524 34328125 17188632 34328125
-72060876 34328125 -21140568 34328125
53421624 34328125 -89585568 34328125
-15023376 34328125 1674432 34328125
-941370624 446265625 -302076432 446265625
-793681524 446265625 576757368 446265625
-843114024 446265625 -313027632 446265625
-39253824 446265625 102415968 446265625
-88686324 446265625 -787369032 446265625
-891013824 446265625 -399514032 446265625
-8439055596 11156640625 -20618751528 11156640625
-657353124 858203125 1387988568 858203125
1011944376 858203125 1775843568 858203125
1851688476 858203125 281917368 858203125
1997747064 858203125 1700864352 858203125
1902684564 858203125 -10260648 858203125
1618667064 858203125 -1700325648 858203125
2520783864 858203125 -1295833248 858203125
-83320236 858203125 -1900887048 858203125
64977264 858203125 -372282048 858203125
8439055596 11156640625 20618751528 11156640625
2335855896 11156640625 -807903072 11156640625
6028083396 11156640625 21162941928 11156640625
4792270896 11156640625 -1081683072 11156640625
-185472 5078125 -9084096 5078125
-332316 203125 -538488 203125
-2880108 2640625 -1330344 2640625
-110808 2640625 3157056 2640625
2966292 2640625 -1125144 2640625
346752 203125 -918864 203125
-48348 203125 -1010664 203125
283176 2640625 -8068032 2640625
-19008 15625 -50544 15625
2317032 2640625 -2659824 2640625
113832 390625 72576 390625
11357316 5078125 3238488 5078125
16326216 5078125 -5601312 5078125
10055808 2640625 352944 2640625
13132908 2640625 -3929256 2640625
9883584 2640625 -8082288 2640625
4277376 1373125 -2322432 1373125
3104676 1373125 -4801032 1373125
3853476 1373125 -1852632 1373125
17856 8125 -34992 8125
42228 105625 -546696 105625
814464 1373125 -1356048 1373125
-1654236 1373125 -2549448 1373125
-99072 105625 -390096 105625
79128 105625 -87696 105625
76428 105625 -319896 105625
-117324 105625 -157032 105625
1152 21125 -65664 21125
1987164 1373125 1122552 1373125
-481536 1373125 -70848 1373125
4038264 1373125 -697248 1373125
4155264 1373125 -978048 1373125
2318364 1373125 1057752 1373125
39168 8125 -29376 8125
120384 105625 -219888 105625
287028 105625 -309096 105625
71388 21125 21384 21125
69048 21125 -20736 21125
18432 8125 -24624 8125
454284 105625 -236088 105625
324684 105625 -290088 105625
23364 8125 -33048 8125
-85068 105625 -267624 105625
81576 105625 -356832 105625
-1368 1625 -3024 1625
24264 8125 -6048 8125
9864 8125 -27648 8125
-50112 105625 -59616 105625
-2323584 2640625 -4337712 2640625
2812716 2640625 -3144312 2640625
422856 203125 -639792 203125
9024084 2640625 2096712 2640625
8731584 2640625 -3168288 2640625
13286484 2640625 -1910088 2640625
7857684 2640625 -8368488 2640625
7728516 5078125 8930088 5078125
17606016 5078125 11225088 5078125
1736532 390625 2385288 5078125
6781824 2640625 238032 2640625
474048 203125 33264 203125
4012524 2640625 -4249368 2640625
5452524 2640625 1420632 2640625
1203372 2640625 6076296 2640625
910872 2640625 811296 2640625
397944 203125 -245808 203125
6440256 2640625 6693408 2640625
6147756 2640625 1428408 2640625
10702656 2640625 2686608 2640625
5273856 2640625 -3771792 2640625
8385084 5078125 -931176 390625
190627776 66015625 -84035232 66015625
59705676 66015625 -99463032 66015625
188113176 66015625 -69628032 66015625
12825108 2640625 4840344 2640625
15902208 2640625 558144 2640625
12652884 2640625 -3594888 2640625
5717412 1373125 11016 1373125
4544712 1373125 -2467584 1373125
5293512 1373125 480816 1373125
122472 105625 -31104 105625
300672 105625 271296 105625
297972 105625 39096 105625
20844 21125 40392 21125
441972 105625 114696 105625
450972 105625 93096 105625
421056 105625 -132192 105625
215604 105625 -179928 105625
3098772 2640625 5363496 2640625
8235072 2640625 6556896 2640625
2433276 2640625 -3386232 2640625
4492476 2640625 2089368 2640625
-150552 2640625 1210464 2640625
4985748 2640625 2403864 2640625
-870912 1373125 -1604016 1373125
-122112 1373125 1344384 1373125
1317924 1373125 3677832 1373125
2918016 1373125 1451088 1373125
140724 714025 297432 714025
85068 105625 153576 105625
143172 54925 28728 54925
141768 54925 127008 54925
225216 54925 -44064 54925
126468 54925 -3672 2197
5358492 1373125 1164456 1373125
263772 142805 448632 714025
35136 714025 -171936 714025
1101708 714025 -1118232 714025
39492 8125 -8856 8125
6626916 1373125 617112 1373125
4158216 1373125 -576288 1373125
548352 105625 -323136 105625
366156 105625 -272808 105625
1152 845 -8208 4225
14184 4225 -2592 4225
20844 4225 216 845
254268 54925 -106488 54925
258948 54925 -23544 10985
1529856 1373125 402192 1373125
1681956 1373125 -2335608 1373125
-484416 1373125 -3495312 1373125
2136384 1373125 -5039712 1373125
358452 105625 -414936 105625
176256 105625 -364608 105625
-1836 4225 -2376 845
6588 4225 -6264 4225
106344 105625 51408 105625
118044 105625 -159192 105625
257832 105625 -305424 105625
756 169 -8856 4225
3852 845 -1944 845
21564 4225 -648 4225
14076 4225 -2376 845
545652 105625 -38664 105625
123048 105625 -344736 105625
125316 54925 -26568 10985
129996 54925 -144072 54925
3013092 1373125 -3792744 1373125
2853036 1373125 767448 1373125
4453128 1373125 -1459296 1373125
709056 714025 -168048 142805
-574668 714025 -1460808 714025
491904 714025 -2407104 714025
-521244 1373125 2221992 1373125
-369144 1373125 -515808 1373125
-2535516 1373125 -1675512 1373125
85284 1373125 -3219912 1373125
1800072 1373125 3681504 1373125
1952172 1373125 943704 1373125
193608 54925 3024 2197
-2484 54925 -118152 54925
1418472 714025 289872 714025
28252116 17850625 -26825688 17850625
58429224 17850625 -7852032 17850625
26336124 17850625 -23366232 17850625
1836 325 648 325
252 65 -216 325
46404 8125 14472 8125
21132 8125 23976 8125
13896 8125 -9072 8125
379584 105625 125712 105625
365544 105625 159408 105625
23508 4225 9288 4225
16704 8125 -9072 8125
245556 105625 -348408 105625
396 8125 -7128 8125
72 325 432 325
684 325 -216 65
252 65 -648 325
2664 4225 8208 4225
381096 105625 19872 105625
39168 8125 -3024 8125
2628 845 648 4225
13896 8125 -12528 8125
1836 4225 -2376 845
9792 4225 -14688 4225
353844 105625 -229608 105625
-108 625 -7128 8125
1152 325 432 325
30204 8125 -14472 8125
-1152 845 -8208 4225
2196 4225 -11016 4225
16128 10985 9504 10985
-190044 1373125 -331992 1373125
264384 1373125 2372112 1373125
112284 1373125 -365688 1373125
-1138284 2640625 -4062312 2640625
3998016 2640625 -2868912 2640625
4907016 1373125 -546912 1373125
4754916 1373125 -3284712 1373125
2286216 1373125 -2091312 1373125
72060876 34328125 21140568 34328125
739656 203125 202608 203125
11083284 2640625 7572312 2640625
10790784 2640625 2307312 2640625
15345684 2640625 3565512 2640625
9916884 2640625 -2892888 2640625
578844 203125 580392 203125
32004 8125 -7128 8125
46908 8125 12744 8125
43956 105625 370008 105625
231156 105625 89208 105625
439308 105625 325944 105625
421056 105625 -2592 105625
5361444 1373125 2157192 1373125
5209344 1373125 -580608 1373125
2740644 1373125 612792 1373125
83421576 34328125 88743168 34328125
7455744 2640625 -2265408 2640625
-556884 2640625 -4127112 2640625
45863424 34328125 -43113168 34328125
57224124 34328125 24489432 34328125
53421624 34328125 -43955568 34328125
1811016 5078125 17165088 5078125
11688516 5078125 19460088 5078125
16657416 5078125 10620288 5078125
237348 203125 362664 203125
2375424 2640625 5702832 2640625
-1873728 2640625 10358496 2640625
-2166228 2640625 5093496 2640625
-52956 203125 817992 203125
161244 203125 83592 203125
3363156 2640625 10975608 2640625
3070656 2640625 5710608 2640625
7625556 2640625 6968808 2640625
2196756 2640625 510408 2640625
2467584 5078125 -3870288 5078125
113700276 66015625 23019768 66015625
-17221824 66015625 7591968 66015625
111185676 66015625 37426968 66015625
-20196 15625 -276264 203125
-104148 203125 144936 203125
-461304 203125 77328 203125
-66204 203125 169128 203125
106344 105625 -94608 105625
78516 105625 52488 105625
6732 8125 2376 8125
-3636 8125 31752 8125
-10872 8125 -1296 8125
186588 105625 420984 105625
219816 105625 -104112 105625
29916 105625 -195912 105625
654408 1373125 3204144 1373125
12996 8125 -3672 8125
183348 105625 -69336 105625
171648 105625 -279936 105625
-504 8125 -30672 8125
-16704 8125 -9072 8125
-196452 105625 114264 105625
-9252 105625 -166536 105625
-53208 105625 -396144 105625
-17208 8125 -18144 8125
-161496 105625 322272 105625
25704 105625 41472 105625
215604 105625 -50328 105625
2690568 1373125 1536624 1373125
2538468 1373125 -1201176 1373125
69768 1373125 -7776 1373125
16649676 34328125 73228968 34328125
2319444 2640625 -3458808 2640625
-5693184 2640625 -5320512 2640625
-20908476 34328125 -58627368 34328125
-9547776 34328125 8975232 34328125
-13350276 34328125 -59469768 34328125
7436484 5078125 -12710088 5078125
178295976 66015625 -91897632 66015625
47373876 66015625 -107325432 66015625
175781376 66015625 -77490432 66015625
594504 203125 430272 203125
831204 203125 100872 203125
558756 203125 -623592 203125
163656 203125 -715392 203125
69768 203125 262224 203125
47171016 34328125 -50604912 34328125
58531716 34328125 16997688 34328125
54729216 34328125 -51447312 34328125
-55563876 66015625 135405432 66015625
72843624 66015625 165240432 66015625
137439324 66015625 50323032 66015625
-64977264 858203125 372282048 858203125
332316 203125 538488 203125
714816 203125 673488 203125
951516 203125 344088 203125
701568 203125 24624 203125
3880512 1373125 2046816 1373125
870912 1373125 1604016 1373125
3456612 1373125 2516616 1373125
-18828 105625 125496 105625
159372 105625 427896 105625
156672 105625 195696 105625
-7416 21125 71712 21125
279756 105625 24408 105625
74304 105625 -23328 105625
-433728 2640625 9278496 2640625
4702572 2640625 10471896 2640625
-1099224 2640625 528768 2640625
-4012524 2640625 4249368 2640625
959976 2640625 6004368 2640625
-3683052 2640625 5125464 2640625
1453248 2640625 6318864 2640625
-4544712 1373125 2467584 1373125
-1959012 1373125 3380184 1373125
-3104676 1373125 4801032 1373125
-518976 1373125 5713632 1373125
1081116 1373125 3486888 1373125
-814464 714025 1356048 714025
-56232 105625 310176 105625
69696 54925 22032 10985
68292 54925 41688 10985
30348 10985 37368 54925
52992 54925 -10368 54925
3521592 1373125 3200256 1373125
363672 714025 1507248 714025
-920052 714025 177336 142805
29304 142805 -59616 714025
75852 105625 -101736 105625
-106344 105625 -51408 105625
-2628 845 648 4225
-4716 4225 6264 4225
-176256 105625 364608 105625
-164556 105625 154008 105625
39384 105625 212112 105625
-56772 54925 40392 10985
13644 105625 456408 105625
25344 105625 245808 105625
-1689516 1373125 1769688 1373125
9792 4225 -432 845
-1152 845 864 845
22644 105625 18792 105625
92556 105625 434808 105625
80856 105625 224208 105625
-6280128 2640625 9073296 2640625
-1143828 2640625 10266696 2640625
-112896 105625 387072 105625
-124596 105625 176472 105625
4023828 2640625 1073304 2640625
1540584 2640625 391824 203125
-3868524 2640625 -3958632 2640625
-6781824 2640625 -238032 2640625
-1809324 2640625 1516968 2640625
-6452352 2640625 638064 2640625
-1316052 2640625 1831464 2640625
69912 105625 -123984 105625
192384 105625 -155088 105625
386136 105625 103248 105625
303768 105625 -115776 105625
-6516 105625 -225288 105625
171684 105625 77112 105625
10188 105625 215784 105625
-1512 105625 5184 105625
7100928 2640625 -3208896 2640625
4617684 2640625 62424 203125
-283176 2640625 8068032 2640625
4689324 2640625 9823032 2640625
7766424 2640625 5540832 2640625
-3495528 2640625 -473904 2640625
2033856 2640625 416016 203125
-3880512 1373125 -2046816 1373125
-5717412 1373125 -11016 1373125
-3131712 1373125 901584 1373125
-4277376 1373125 2322432 1373125
-1691676 1373125 3235032 1373125
-91584 1373125 1008288 1373125
-1424268 714025 67176 714025
57924 54925 -32184 10985
-40824 54925 -208656 54925
-30204 54925 21384 54925
-128952 54925 -26352 54925
-4572 2197 -127224 54925
-21636 54925 30024 54925
-4608 10985 -18144 10985
-3094776 1373125 -150768 1373125
-1494684 1373125 -2377512 1373125
-54648 1373125 -44064 1373125
23164488 34328125 -39576816 34328125
1424268 714025 -67176 714025
814464 714025 -1356048 714025
-140724 714025 -297432 714025
240768 142805 35424 142805
-7209684 17850625 -34072488 17850625
22967424 17850625 -15098832 17850625
-9125676 17850625 -30613032 17850625
-36330408 17850625 -13514256 17850625
-33408 142805 -241056 142805
-185292 714025 14472 142805
164088 142805 -145584 142805
176256 142805 -873936 714025
-1418472 714025 -289872 714025
-73908 714025 36936 142805
-3090348 2640625 3116664 2640625
-2797848 2640625 -2148336 2640625
464832 1373125 899424 1373125
-1786716 1373125 1272888 1373125
681984 1373125 2466288 1373125
-23691924 17850625 59729832 17850625
-55785024 17850625 44215632 17850625
78534936 446265625 1059938352 446265625
2786148 1373125 2358936 1373125
2738916 1373125 4472712 1373125
270216 1373125 3279312 1373125
3240576 1373125 -345168 1373125
872028 1373125 309096 1373125
-16128 10985 9504 10985
28872 54925 120528 54925
115452 54925 168264 54925
297792 1373125 2541456 1373125
-13068 10985 38664 10985
-164088 54925 145584 54925
2134692 1373125 505656 1373125
612 2197 -216 54925
-2136276 1373125 2111832 1373125
680436 714025 2915352 714025
-603288 714025 2294784 714025
1747008 714025 1969056 714025
1807848 714025 364608 142805
-491904 714025 2407104 714025
170532 142805 2881656 714025
-29304 142805 59616 714025
-1101708 714025 1118232 714025
242856 714025 1592784 714025
806553036 446265625 545982552 446265625
-1535148 17850625 34793064 17850625
442152 17850625 -798336 17850625
-27720684 17850625 -15874488 17850625
6349716 17850625 -35951688 17850625
36526824 17850625 -16978032 17850625
36070524 17850625 14962968 17850625
511488 203125 480816 203125
-489384 2640625 2912112 2640625
290232 203125 532224 203125
-69768 203125 262224 203125
100971324 34328125 132250968 34328125
31577724 34328125 163365768 34328125
35380224 34328125 94920768 34328125
46740924 34328125 27318168 34328125
11886228 2640625 5633496 2640625
9984384 2640625 1677888 2640625
9110484 2640625 6878088 2640625
9402984 2640625 1613088 2640625
50112 105625 -59616 105625
249012 105625 -129816 105625
383796 105625 252072 105625
184896 105625 322272 105625
344844 105625 391608 105625
119988 105625 507816 105625
131688 105625 297216 105625
-50508 105625 347544 105625
-38808 105625 136944 105625
-20556 105625 370008 105625
178344 105625 -121392 105625
365544 105625 19008 105625
6841116 1373125 833112 1373125
6958116 1373125 552312 1373125
2535516 1373125 1675512 1373125
5121216 1373125 2588112 1373125
4335588 1373125 5357016 1373125
4487688 1373125 2619216 1373125
7375716 1373125 3565512 1373125
484416 1373125 3495312 1373125
3070116 1373125 4407912 1373125
33149484 17850625 55046088 17850625
27720684 17850625 15874488 17850625
1499570136 446265625 942844752 446265625
1056384 34328125 39531888 34328125
4858884 34328125 -28913112 34328125
71630784 34328125 -44427312 34328125
84299076 34328125 -104538168 34328125
139710276 34328125 -52449768 34328125
105084864 446265625 -167134752 446265625
859512564 446265625 307206648 446265625
12760128 2640625 433296 2640625
10858284 2640625 -3522312 2640625
10276884 2640625 -3587112 2640625
85068 105625 -267624 105625
283968 105625 -337824 105625
418752 105625 44064 105625
219852 105625 114264 105625
423756 105625 -46008 105625
5244444 1373125 -51192 1373125
-196884 2640625 -2352888 2640625
4939416 2640625 -3546288 2640625
54299124 34328125 28160568 34328125
-120384 105625 -219888 105625
78516 105625 -290088 105625
19404 105625 -68472 105625
324684 105625 52488 105625
1152 845 864 845
8172 4225 216 325
7704 4225 -432 325
16128 4225 0 1
3132 845 -648 325
418752 105625 139536 105625
36 325 -216 845
178344 105625 -116208 105625
306432 105625 -57024 105625
594252 105625 209736 105625
265716 105625 333288 105625
171648 105625 -96336 105625
370584 105625 147312 105625
356544 105625 181008 105625
23148 4225 10152 4225
2616084 1373125 927288 1373125
133884 54925 -4968 2197
138564 54925 -135432 54925
3227292 1373125 -3576744 1373125
481536 1373125 70848 1373125
3067236 1373125 983448 1373125
4667328 1373125 -1243296 1373125
603288 714025 -2294784 714025
4065372 1373125 2077704 1373125
4217472 1373125 -660096 1373125
56844 10985 11448 54925
164088 54925 -145584 54925
2198484 1373125 -2085912 1373125
6236892 1373125 -3133944 1373125
179388 54925 -5832 2197
1965924 1373125 -1527768 1373125
1654236 1373125 2549448 1373125
4239936 1373125 3462048 1373125
5840028 1373125 1235304 1373125
128952 54925 26352 54925
14652 54925 -100872 54925
107316 54925 56376 54925
105912 54925 -64368 54925
129024 1373125 508032 1373125
1729116 1373125 -1718712 1373125
562716 142805 204552 142805
574884 142805 876744 714025
574668 714025 1460808 714025
1919232 714025 387072 142805
920052 714025 -177336 142805
-35136 714025 171936 714025
1309428 714025 646488 714025
1473160536 446265625 -45452448 446265625
25129152 17850625 11135664 17850625
27106452 17850625 -24455736 17850625
33014016 17850625 -59609088 17850625
55785024 17850625 -44215632 17850625
63191124 17850625 -40635432 17850625
62734824 17850625 -8694432 17850625
-56976516 34328125 3044088 34328125
-53174016 34328125 -65400912 34328125
13597884 34328125 -80915112 34328125
26266176 34328125 -141025968 34328125
81677376 34328125 -88937568 34328125
-649342836 446265625 -641476152 446265625
-75755592 34328125 68972256 34328125
-71953092 34328125 527256 34328125
-5181192 34328125 -14986944 34328125
-15094476 34328125 59275368 34328125
2363832 1373125 1817424 1373125
-69768 1373125 -7776 1373125
2278656 1373125 3350592 1373125
-2740644 1373125 612792 1373125
-2844 1373125 2437992 1373125
-4158216 1373125 576288 1373125
-1572516 1373125 1488888 1373125
-270216 1373125 -3279312 1373125
-2173932 1373125 -1725624 1373125
594072 274625 -724896 274625
601812 1373125 -2970216 1373125
-2286216 1373125 -2091312 1373125
451584 1373125 -266112 1373125
9125676 17850625 30613032 17850625
-27204732 17850625 17098776 17850625
4949676 17850625 481032 17850625
4493376 17850625 32422032 17850625
29636676 17850625 12415032 17850625
31157676 17850625 8764632 17850625
-26336124 17850625 23366232 17850625
7277976 17850625 35230032 17850625
989270424 446265625 -388562832 446265625
841581324 446265625 490270968 446265625
891013824 446265625 -399514032 446265625
597453336 446265625 1347337152 446265625
646885836 446265625 457552152 446265625
794574936 446265625 -421281648 446265625
8313984 5078125 3665088 5078125
15710652 5078125 -1851336 5078125
189703476 66015625 -25687368 66015625
58781376 66015625 -10259568 66015625
187188876 66015625 -40094568 66015625
19008 15625 -50544 15625
629604 203125 -792072 203125
866304 203125 -462672 203125
638856 203125 261792 203125
256356 203125 396792 203125
3457728 2640625 -603504 2640625
1512 15625 5184 15625
3495528 2640625 -473904 2640625
487368 203125 -489024 203125
11083284 2640625 -4062312 2640625
137473092 34328125 -39137256 34328125
75755592 34328125 -68972256 34328125
5693184 2640625 -5320512 2640625
10209384 2640625 1137888 2640625
489384 2640625 -2912112 2640625
556884 2640625 -4127112 2640625
5821884 2640625 -617112 2640625
118694016 34328125 26790912 34328125
56976516 34328125 -3044088 34328125
53102916 34328125 -10539288 34328125
-1056384 34328125 -39531888 34328125
64463616 34328125 -78141888 34328125
-44156376 66015625 -252990432 66015625
84251124 66015625 -282825432 66015625
148846824 66015625 -167908032 66015625
-197201664 858203125 -231622848 858203125
272275236 858203125 -1879827048 858203125
83320236 858203125 -1900887048 858203125
48348 203125 -1010664 203125
430848 203125 -88128 15625
667548 203125 -816264 203125
-1709928 2640625 -9796896 2640625
-163656 203125 -715392 203125
3526956 2640625 -10414008 2640625
2945556 2640625 -10478808 2640625
167652 203125 -177336 203125
-74304 105625 -23328 105625
-215604 105625 -179928 105625
-16704 105625 -250128 105625
96768 105625 -240624 105625
85068 105625 -451224 105625
8136 8125 -1296 625
238068 105625 -84024 105625
226368 105625 -294624 105625
48168 105625 7776 105625
235368 105625 -273024 105625
418752 105625 -139536 105625
407052 105625 -350136 105625
33408 8125 0 1
27252 105625 -166536 105625
193896 105625 -255744 105625
214452 105625 -69336 105625
17208 8125 -18144 8125
50508 105625 -347544 105625
10872 8125 -1296 8125
361152 105625 87264 105625
349452 105625 -123336 105625
171252 105625 179064 105625
358452 105625 -101736 105625
18108 8125 216 325
-171648 105625 -96336 105625
-5004 105625 -185544 105625
2304 8125 -30672 8125
-13896 8125 -9072 8125
-123048 105625 -344736 105625
75852 105625 -414936 105625
184896 105625 -277344 105625
396 1625 -18792 8125
-1596672 1373125 -884304 1373125
-4065372 1373125 -2077704 1373125
-344844 105625 -391608 105625
33408 21125 -400896 105625
-13644 105625 -456408 105625
32256 105625 -440208 105625
-161496 105625 -277344 105625
2505528 1373125 -4523904 1373125
2622528 1373125 -4804704 1373125
-1800072 1373125 -3681504 1373125
785628 1373125 -2768904 1373125
-4335588 1373125 -5357016 1373125
-1714788 1373125 -6901416 1373125
53208 105625 -396144 105625
-119988 105625 -507816 105625
81612 105625 -626616 105625
-140544 105625 -137808 105625
58356 105625 -629208 105625
245556 105625 -488808 105625
71388 21125 -309096 105625
222156 105625 -348408 105625
28404 105625 -185544 105625
92556 105625 18792 105625
4826844 1373125 -3064392 1373125
4943844 1373125 -3345192 1373125
521244 1373125 -2221992 1373125
3106944 1373125 -1309392 1373125
5361444 1373125 -331992 1373125
-1529856 1373125 -402192 1373125
1055844 1373125 510408 1373125
459144 1373125 -5175792 1373125
6963948 17850625 4378536 17850625
-25129152 17850625 -11135664 17850625
1535148 17850625 -34793064 17850625
844931736 446265625 -323844048 446265625
-45497916 34328125 -126350712 34328125
21273984 34328125 -141864912 34328125
-31577724 34328125 -163365768 34328125
33942276 34328125 -201975768 34328125
89353476 34328125 -149887368 34328125
-549553536 446265625 -1433823552 446265625
204874164 446265625 -959482152 446265625
-597453336 446265625 -1347337152 446265625
-175078476 66015625 -237562632 66015625
-46670976 66015625 -267397632 66015625
17924724 66015625 -152480232 66015625
-1899188964 858203125 -31061448 858203125
-1429712064 858203125 -1679265648 858203125
-1618667064 858203125 -1700325648 858203125
-2196756 2640625 510408 2640625
-2360556 2640625 -51192 2640625
-5273856 2640625 -3771792 2640625
-301356 2640625 -5526792 2640625
-264384 2640625 2372112 2640625
-9984384 2640625 -1677888 2640625
-9916884 2640625 -2892888 2640625
-4651884 2640625 617112 2640625
-9110484 2640625 -6878088 2640625
-4070484 2640625 -9848088 2640625
-7857684 2640625 -8368488 2640625
-2885184 2640625 -10123488 2640625
484416 2640625 -576288 2640625
-4488084 2640625 1178712 2640625
3090348 2640625 -3116664 2640625
54417024 34328125 -33631632 34328125
53539524 34328125 27793368 34328125
51795324 34328125 -18031032 34328125
-4493376 34328125 -8694432 34328125
57224124 34328125 21140568 34328125
-793681524 446265625 -576757368 446265625
-39253824 446265625 -102415968 446265625
-841581324 446265625 -490270968 446265625
1997747064 858203125 -1700864352 858203125
1808792064 858203125 -1721924352 858203125
106804764 858203125 -1521362952 858203125
1776102264 858203125 -1909217952 858203125
6028083396 11156640625 -21162941928 11156640625
-346752 203125 -918864 203125
35748 203125 -1053864 203125
272448 203125 -55728 15625
-558756 203125 -623592 203125
-2190744 2640625 -9285408 2640625
-17496 15625 -85536 203125
-279756 105625 24408 105625
-421056 105625 -132192 105625
-222156 105625 -202392 105625
-108684 105625 -192888 105625
-120384 105625 -403488 105625
-7668 8125 -13176 8125
-24372 8125 -25704 8125
32616 105625 -36288 105625
20916 105625 -246888 105625
-157284 105625 55512 105625
29916 105625 -225288 105625
-196452 105625 26136 105625
-30708 8125 -8856 8125
-29304 8125 9072 8125
-14004 8125 -28728 8125
-161496 105625 -181872 105625
28404 105625 -90072 105625
-2363832 1373125 -1817424 1373125
-10080684 2640625 -3454488 2640625
-161244 203125 83592 203125
-173844 203125 40392 203125
-397944 203125 -245808 203125
-1188 15625 -380808 203125
-290232 203125 -532224 203125
1266984 2640625 -9888912 2640625
9252 203125 243864 203125
-156672 105625 195696 105625
-297972 105625 39096 105625
-99072 105625 -31104 105625
11268 8125 13176 8125
-4032 8125 18576 8125
-334656 203125 -337392 203125
60444 203125 -429192 203125
-76428 105625 -319896 105625
122472 105625 -390096 105625
245556 105625 -218808 105625
4608 10985 -18144 10985
9288 8125 -432 625
-216 10985 -2592 54925
-7164 54925 -112104 54925
-105912 54925 -64368 54925
-12996 8125 3672 8125
-140544 105625 278208 105625
-152244 105625 67608 105625
-29304 8125 1728 8125
-504 325 -432 325
-14616 4225 1296 845
-5004 105625 -90072 105625
-222156 105625 -348408 105625
-1152 325 432 325
-12672 4225 -3456 4225
-6516 105625 -195912 105625
-74556 54925 -84024 54925
-16128 10985 -193536 54925
-179388 54925 -5832 2197
184896 105625 -181872 105625
-32256 105625 -440208 105625
219852 105625 26136 105625
-612 2197 -216 54925
-2588544 1373125 -1525392 1373125
-2134116 1373125 1178712 1373125
-2286216 1373125 -1559088 1373125
108 325 -1944 325
684 325 -1512 325
-4824 4225 -3024 4225
-1332 845 -4104 845
193896 105625 -260928 105625
9864 8125 -4752 8125
14184 4225 2592 4225
13716 4225 -5832 4225
6588 4225 6264 4225
14076 4225 -4968 4225
252 65 -216 65
6732 8125 -34776 8125
-4716 4225 -6264 4225
192384 105625 -266112 105625
28872 54925 -120528 54925
22788 54925 -46008 10985
-15192 10985 -182304 54925
383796 105625 -252072 105625
166644 105625 -510408 105625
418752 105625 -44064 105625
3204 845 -14904 4225
88128 54925 -7344 10985
-2844 1373125 -2437992 1373125
451584 1373125 266112 1373125
299484 1373125 -2471688 1373125
638856 203125 -261792 203125
5821884 2640625 617112 2640625
8136 8125 1296 625
-143244 105625 89208 105625
-4651884 2640625 -617112 2640625
484416 2640625 576288 2640625
-7668 8125 13176 8125
11268 8125 -13176 8125
-504 325 -864 325
-2556 845 -11016 4225
-4824 4225 -13824 4225
-2124 10985 11016 54925
-2471544 1373125 -1244592 1373125
-2017116 1373125 1459512 1373125
-2169216 1373125 -1278288 1373125
-5525784 2640625 -5817312 2640625
-389484 2640625 -4623912 2640625
2625516 1373125 -1459512 1373125
2473416 1373125 -4197312 1373125
4716 1373125 -3003912 1373125
15023376 34328125 -1674432 34328125
-79128 105625 87696 105625
-7992 8125 7344 8125
-54648 203125 -44064 203125
-133884 54925 4968 2197
51588 54925 87912 54925
-125316 54925 26568 10985
-21888 54925 169344 54925
-20844 4225 -216 845
-756 169 8856 4225
-10944 4225 11664 4225
73152 105625 182736 105625
-454284 105625 236088 105625
-255384 105625 306288 105625
-349452 105625 -123336 105625
-3479724 2640625 -5060232 2640625
-300672 105625 -271296 105625
-441972 105625 -114696 105625
-243072 105625 -44496 105625
-20916 105625 -246888 105625
-226368 105625 -294624 105625
-7950528 2640625 2496096 2640625
-2814228 2640625 3689496 2640625
-42228 54925 -110376 54925
-1292508 1373125 -2950344 1373125
-4038264 1373125 697248 1373125
-1452564 1373125 1609848 1373125
147528 1373125 -616896 1373125
-562716 142805 -204552 142805
-1747008 714025 -1969056 714025
-4826844 1373125 3064392 1373125
-4674744 1373125 326592 1373125
-6841116 1373125 -833112 1373125
-4220316 1373125 -2377512 1373125
-2505528 1373125 4523904 1373125
-2353428 1373125 1786104 1373125
-254268 54925 106488 54925
-30168 10985 142992 54925
-174708 54925 -84456 54925
-164088 142805 145584 142805
-29636676 17850625 -12415032 17850625
-171648 105625 -279936 105625
-383652 105625 -254664 105625
-14616 4225 -864 4225
828 4225 -14904 4225
-12888 4225 1728 4225
-14724 4225 -15768 4225
-115452 54925 -168264 54925
-7704 105625 -142128 105625
-2616084 1373125 -927288 1373125
52776 2640625 -8975232 2640625
-159372 105625 -427896 105625
-101772 105625 -201096 105625
120384 105625 -403488 105625
-85068 105625 -451224 105625
-4418028 2640625 -1418904 2640625
718272 2640625 -225504 2640625
119772 105625 157896 105625
242856 105625 -13392 105625
21636 54925 -30024 54925
-1476 4225 -3672 845
-107316 54925 -56376 54925
7848 4225 -12096 4225
-7704 4225 -432 325
-25956 105625 -229608 105625
43956 105625 186408 105625
32256 105625 -24192 105625
-7495128 2640625 2863296 2640625
-2358828 2640625 4056696 2640625
-171684 105625 -77112 105625
-161496 105625 138672 105625
-173196 105625 -71928 105625
2808828 2640625 -5136696 2640625
325584 2640625 -1116288 2640625
39816 54925 -183168 54925
758592 1373125 -4770144 1373125
-1987164 1373125 -1122552 1373125
598536 1373125 -209952 1373125
2198628 1373125 -2436696 1373125
-680436 714025 -2915352 714025
1596672 1373125 884304 1373125
1748772 1373125 -1853496 1373125
13068 10985 -38664 10985
3768192 1373125 -4327344 1373125
56772 54925 -40392 10985
16128 10985 -193536 54925
-502776 1373125 -2721168 1373125
-814464 1373125 1356048 1373125
1771236 1373125 2268648 1373125
3371328 1373125 41904 1373125
30204 54925 -21384 54925
-84096 54925 -148608 54925
7164 54925 -112104 54925
-2339676 1373125 -685368 1373125
-654408 1373125 -3204144 1373125
-739584 1373125 -2912112 1373125
1590696 714025 256176 714025
-709056 714025 168048 142805
635508 714025 1314792 714025
-363672 714025 -1507248 714025
-263772 142805 -448632 714025
25704 714025 5184 142805
670833036 446265625 -433307448 446265625
-6963948 17850625 -4378536 17850625
-4986648 17850625 -39969936 17850625
-33149484 17850625 -55046088 17850625
920916 17850625 -75123288 17850625
23691924 17850625 -59729832 17850625
31098024 17850625 -56149632 17850625
30641724 17850625 -24208632 17850625
-118694016 34328125 -26790912 34328125
-114891516 34328125 -95235912 34328125
-48119616 34328125 -110750112 34328125
-100971324 34328125 -132250968 34328125
-35451324 34328125 -170860968 34328125
19959876 34328125 -118772568 34328125
-1451670336 446265625 -1029331152 446265625
-1499570136 446265625 -942844752 446265625
-137473092 34328125 39137256 34328125
-133670592 34328125 -29307744 34328125
-66898692 34328125 -44821944 34328125
-76811976 34328125 29440368 34328125
-2538468 1373125 -1201176 1373125
-190044 1373125 2157192 1373125
-5244444 1373125 51192 1373125
-5209344 1373125 -580608 1373125
-2471544 1373125 1244592 1373125
-6626916 1373125 -617112 1373125
-4041216 1373125 295488 1373125
-4637916 1373125 -5390712 1373125
-2738916 1373125 -4472712 1373125
-4642632 1373125 -2919024 1373125
100332 274625 -963576 274625
-4754916 1373125 -3284712 1373125
-2017116 1373125 -1459512 1373125
-22967424 17850625 15098832 17850625
-59297832 17850625 1584576 17850625
-27143424 17850625 -15033168 17850625
-27599724 17850625 16907832 17850625
-935424 17850625 -6749568 17850625
-58429224 17850625 7852032 17850625
-24815124 17850625 19715832 17850625
186942924 446265625 -776417832 446265625
39253824 446265625 102415968 446265625
88686324 446265625 -787369032 446265625
-105084864 446265625 167134752 446265625
-204874164 446265625 959482152 446265625
-155441664 446265625 69697152 446265625
-859512564 446265625 -307206648 446265625
-7752564 446265625 -809136648 446265625
-15710652 5078125 1851336 5078125
-15148152 5078125 -8273664 5078125
-5270652 5078125 -10568664 5078125
-301752 5078125 -1728864 5078125
-2183206464 858203125 1659003552 858203125
-1997747064 858203125 1700864352 858203125
-1902684564 858203125 -10260648 858203125
-3070656 2640625 5710608 2640625
-3526956 2640625 10414008 2640625
-3234456 2640625 5149008 2640625
-6147756 2640625 1428408 2640625
-1175256 2640625 -326592 2640625
-1138284 2640625 7572312 2640625
-10858284 2640625 3522312 2640625
-10790784 2640625 2307312 2640625
-5525784 2640625 5817312 2640625
-8731584 2640625 -3168288 2640625
-3759084 2640625 -4923288 2640625
-389484 2640625 4623912 2640625
-5361984 2640625 6378912 2640625
43056324 34328125 33970968 34328125
42178824 34328125 95395968 34328125
40434624 34328125 49571568 34328125
-15854076 34328125 58908168 34328125
45863424 34328125 88743168 34328125
-941370624 446265625 302076432 446265625
-186942924 446265625 776417832 446265625
-989270424 446265625 388562832 446265625
1429712064 858203125 1679265648 858203125
1524774564 858203125 -31859352 858203125
-272275236 858203125 1879827048 858203125
-177212736 858203125 168702048 858203125
1492084764 858203125 -219152952 858203125
2335855896 11156640625 807903072 11156640625
2166228 2640625 5093496 2640625
1709928 2640625 9796896 2640625
2002428 2640625 4531896 2640625
-910872 2640625 811296 2640625
4061628 2640625 -943704 2640625
9791784 2640625 -1875312 2640625
-3457728 2640625 603504 2640625
-3165228 2640625 -4661496 2640625
1971072 2640625 -5854896 2640625
-128088 105625 59184 105625
1512 105625 5184 105625
381096 105625 -120528 105625
369396 105625 230472 105625
-19404 105625 68472 105625
387648 105625 -98064 105625
61056 21125 24192 21125
124596 105625 176472 105625
184896 105625 138672 105625
173196 105625 -71928 105625
287028 105625 21384 21125
152244 105625 67608 105625
-41508 105625 230472 105625
22644 105625 434808 105625
-366156 105625 272808 105625
-167256 105625 343008 105625
-872028 1373125 -309096 1373125
29448 21125 31536 21125
-601812 1373125 2970216 1373125
-69048 21125 -20736 21125
-29268 21125 -34776 21125
99828 105625 168696 105625
-80856 105625 224208 105625
-20556 105625 186408 105625
-32256 105625 -24192 105625
178344 105625 116208 105625
166644 105625 -94392 105625
193896 105625 255744 105625
-213156 105625 89208 105625
-46512 105625 0 1
56232 105625 -310176 105625
-85068 105625 -153576 105625
113832 105625 -83376 105625
4524516 1373125 -3098088 1373125
2055816 1373125 -4291488 1373125
4252608 1373125 -832032 1373125
36330408 17850625 13514256 17850625
59297832 17850625 -1584576 17850625
27204732 17850625 -17098776 17850625
4689864 1373125 805248 1373125
4642632 1373125 2919024 1373125
2173932 1373125 1725624 1373125
5144292 1373125 -1898856 1373125
-112284 1373125 -365688 1373125
2625516 1373125 1459512 1373125
2201508 1373125 987768 1373125
-2198484 1373125 2085912 1373125
4038408 1373125 -1048032 1373125
1689516 1373125 -1769688 1373125
2286216 1373125 -1559088 1373125
-46512 274625 558144 1373125
7209684 17850625 34072488 17850625
3033684 17850625 3940488 17850625
2577384 17850625 35881488 17850625
29241684 17850625 12224088 17850625
-28252116 17850625 26825688 17850625
5361984 17850625 38689488 17850625
941370624 446265625 -302076432 446265625
793681524 446265625 576757368 446265625
843114024 446265625 -313027632 446265625
1451670336 446265625 1029331152 446265625
649342836 446265625 641476152 446265625
549553536 446265625 1433823552 446265625
598986036 446265625 544038552 446265625
746675136 446265625 -334795248 446265625
2183206464 858203125 -1659003552 858203125
1899188964 858203125 31061448 858203125
1994251464 858203125 -1680063552 858203125
197201664 858203125 231622848 858203125
292264164 858203125 -1479502152 858203125
1961561664 858203125 -1867357152 858203125
8439055596 11156640625 -20618751528 11156640625
43503048 34328125 -14505264 34328125
-54729216 34328125 -51447312 34328125
21704076 34328125 -72948168 34328125
83421576 34328125 -43113168 34328125
76811976 34328125 -29440368 34328125
15094476 34328125 -59275368 34328125
13350276 34328125 -59469768 34328125
72060876 34328125 24489432 34328125
-54299124 34328125 -28160568 34328125
-53421624 34328125 -43955568 34328125
15023376 34328125 1674432 34328125
-670833036 446265625 433307448 446265625
-1473160536 446265625 45452448 446265625
-806553036 446265625 -545982552 446265625
-844931736 446265625 323844048 446265625
-795499236 446265625 -565940952 446265625
-647810136 446265625 -1444774752 446265625
-78534936 446265625 -1059938352 446265625
106617564 446265625 -970433352 446265625
95210064 446265625 -171908352 446265625
-8439055596 11156640625 20618751528 11156640625
-2335855896 11156640625 -807903072 11156640625
-6028083396 11156640625 21162941928 11156640625
-4792270896 11156640625 -1081683072 11156640625
