-38139384024000 43662248917261 -37686365186400 43662248917261
-12630962828106 43662248917261 -135847043610390 43662248917261
88459339090500 43662248917261 -127664794618200 43662248917261
97848883284894 43662248917261 -26679474891090 43662248917261
-96926508000 81917915417 -26923579200 81917915417
-19501460118 81917915417 -105852026070 81917915417
13862654542800 44317592240597 -68394857112540 44317592240597
88127898264 81917915417 51067006200 81917915417
-37155350736 81917915417 -54170922960 81917915417
-101534957118 81917915417 35715694770 81917915417
-53676756000 81917915417 -148450681260 81917915417
-15341727802338 44317592240597 30318863411970 44317592240597
-107532909977976 44317592240597 -15485945254920 44317592240597
-13863385464138 44317592240597 -58186235011590 44317592240597
-81996012000 81917915417 58277620800 81917915417
-199059598357200 44317592240597 -94073275599660 44317592240597
-380420711118 81917915417 -125888755230 81917915417
-159421059882 81917915417 -20650826070 81917915417
-127937013871338 44317592240597 -168496877662470 44317592240597
-41015495715138 44317592240597 -185229708398910 44317592240597
-298387214118 81917915417 -267456476070 81917915417
-125245764000 81917915417 -346384922940 81917915417
30241795500 81917915417 -5299514640 81917915417
-142899654618 81917915417 73628932230 81917915417
-42354145474200 44317592240597 -111287899303560 44317592240597
44567372682000 44317592240597 -128020730040000 44317592240597
76052392957800 44317592240597 -45292068493560 44317592240597
-43107766574621616 23975817402162977 1079327257606080 23975817402162977
-97848883284894 43662248917261 26679474891090 43662248917261
-12206735973363708 23621276664238201 35064109833575760 23621276664238201
-50115073504328154 23621276664238201 74731889733053490 23621276664238201
-36315017637349500 23621276664238201 21626962705674900 23621276664238201
-95730742360002708 23621276664238201 44239504267754460 23621276664238201
-81930686493024054 23621276664238201 -8865422759624130 23621276664238201
-27240833155058208 23621276664238201 -4438826054849340 23621276664238201
-183844300500 81917915417 317265745860 81917915417
-309127549500 81917915417 212027816700 81917915417
-373507155882 81917915417 301914434430 81917915417
-325648954764 81917915417 117748058400 81917915417
-416756907882 81917915417 55108784430 81917915417
-243615457764 81917915417 -23819662440 81917915417
-391123561500 81917915417 112448543760 81917915417
-343265360382 81917915417 -71717832270 81917915417
-153602505000 81917915417 -56366520840 81917915417
-3731124600 83147452609 223374208680 83147452609
-52307647686 83147452609 36443609370 83147452609
-118234372914 83147452609 378911129310 83147452609
8929300086 83147452609 111867416010 83147452609
-291200943600 83147452609 292973401980 83147452609
-212613793686 83147452609 212860287990 83147452609
-113132449861326 44982771861469 1910742022350 44982771861469
-81144000 153692149 170402400 153692149
-761827500 153692149 51120720 153692149
-399488252814 83147452609 76375744830 83147452609
-369846726228 83147452609 -31862100060 83147452609
-851617746 153692149 -294407190 153692149
-201931254 153692149 1759590 153692149
-851617746 153692149 1759590 153692149
-457951575186 83147452609 -165098903130 83147452609
-282211379100 83147452609 -245212017120 83147452609
-255343477914 83147452609 -187399020690 83147452609
-526774500 153692149 -442490580 153692149
122911992 153692149 -146323800 153692149
33121746 153692149 199204110 153692149
-272324579814 83147452609 -127880611110 83147452609
-24383086686 83147452609 -111975214050 83147452609
-728705754 153692149 -440730990 153692149
-403862508 153692149 -588814380 153692149
-216892664100 83147452609 -127556939160 83147452609
-230192542314 83147452609 -264365154270 83147452609
-54452346228 83147452609 -344478268260 83147452609
-83489727818700 44982771861469 -98284610329920 44982771861469
-82376907228 83147452609 -101461293360 83147452609
-160594956900 83147452609 193707150840 83147452609
15145239186 83147452609 113594036850 83147452609
-76746930705648 44982771861469 25596820186560 44982771861469
-103026829695174 44982771861469 -75532634040150 44982771861469
-164973087033048 44982771861469 8612840020680 44982771861469
81144000 153692149 170402400 153692149
-68119529814 83147452609 85411146870 83147452609
-210577500 153692149 119281680 153692149
-476627508 153692149 926100 288353
-414052671186 83147452609 257286601530 83147452609
-238312475100 83147452609 337399715520 83147452609
-801470754 153692149 648270 288353
-168462 288353 287924490 153692149
-528555919500 83147452609 101749680900 83147452609
-352815723414 83147452609 181862794890 83147452609
-88002723368700 44982771861469 13500992524320 44982771861469
-143570378788326 44982771861469 -10958671417050 44982771861469
-117284781952674 44982771861469 196358153301450 44982771861469
-179231039290548 44982771861469 112212679240620 44982771861469
-882614754 153692149 -175125510 153692149
-300157433100 83147452609 16135625520 83147452609
-195283202814 83147452609 150469116210 83147452609
-205170002100 83147452609 95925067560 83147452609
-253746525186 83147452609 -91005531750 83147452609
-711680508 153692149 0 1
0 1 -57603420 153692149
-29429806014 83147452609 15811953570 83147452609
-78006329100 83147452609 -171118645740 83147452609
168462 288353 287924490 153692149
-590893254 153692149 168642810 153692149
-307012825728 83147452609 139955195520 83147452609
-277371299142 83147452609 31717350630 83147452609
-395117674686 83147452609 -37881842670 83147452609
-219377478600 83147452609 42231271320 83147452609
-15812632924326 44982771861469 -62039661727050 44982771861469
-71380288343952 44982771861469 -86499325668420 44982771861469
25790389128 83147452609 -107914172940 83147452609
-234811528686 83147452609 -75100134690 83147452609
-10494809514 83147452609 31717350630 83147452609
6855392628 83147452609 187254271260 83147452609
-156224378772 83147452609 218647949940 83147452609
-59071332600 83147452609 218647949940 83147452609
-283388051772 83147452609 -48395763360 83147452609
-2669834506500 44982771861469 41618750632200 44982771861469
-18814792518774 44982771861469 19688044823370 44982771861469
-11965502763648 44982771861469 80013219657840 44982771861469
22170946903541100 23975817402162977 -7290749900197260 23975817402162977
-16306371303310242 23975817402162977 32972418815782950 23975817402162977
-2299185141892884 23975817402162977 -20929580287053480 23975817402162977
-76052392957800 44317592240597 45292068493560 44317592240597
-142959175477776 44317592240597 -40303630473120 44317592240597
-179252392910976 44317592240597 -14508688602240 44317592240597
-77246999608090158 23975817402162977 80832270100102290 23975817402162977
-110264354769177000 23975817402162977 35982732425679900 23975817402162977
-122729429371642758 23975817402162977 65845505028602250 23975817402162977
-108722243210225400 23975817402162977 11943505925765820 23975817402162977
-117269466325878258 23975817402162977 -19267201361800350 23975817402162977
-70244925003374058 23975817402162977 -28319662790214390 23975817402162977
-88459339090500 43662248917261 127664794618200 43662248917261
-7126992564196554 23621276664238201 89697167805942270 23621276664238201
-45035330095161000 23621276664238201 129364947705420000 23621276664238201
-31235274228182346 23621276664238201 76260020678041410 23621276664238201
-90650998950835554 23621276664238201 98872562240120970 23621276664238201
-76850943083856900 23621276664238201 45767635212742380 23621276664238201
-22161089745891054 23621276664238201 50194231917517170 23621276664238201
-127168303500 81917915417 -21624064560 81917915417
45973146618 81917915417 -100552511430 81917915417
153602505000 81917915417 56366520840 81917915417
65474606736 81917915417 373632266700 81917915417
-107666843382 81917915417 452560713570 81917915417
-47845831641300 44317592240597 119406394738260 44317592240597
-215296201764 81917915417 295641681300 81917915417
-137871153882 81917915417 216713234430 81917915417
-50175349783524 44317592240597 106112948817960 44317592240597
60845854478976 44317592240597 33913437305580 44317592240597
121876085830338 44317592240597 116814616001370 44317592240597
22264861228927758 23975817402162977 95345784285862950 23975817402162977
-10752493932159084 23975817402162977 50496246611440560 23975817402162977
-8086656116700 44317592240597 99909268115580 44317592240597
50753501344476 44317592240597 191238218064180 44317592240597
-103946254520724 44317592240597 65636749611720 44317592240597
-110694260878362 44317592240597 91604208631950 44317592240597
8866550440314 44317592240597 148537928307510 44317592240597
-30946667805238500 23975817402162977 111782327392272600 23975817402162977
-63964022966325342 23975817402162977 66932789717850210 23975817402162977
-76429097568791100 23975817402162977 96795562320772560 23975817402162977
-62421911407373742 23975817402162977 42893563217936130 23975817402162977
-70969134523026600 23975817402162977 11682855930369960 23975817402162977
-23944593200522400 23975817402162977 2630394501955920 23975817402162977
-46328819459053446 23621276664238201 -1515901594913370 23621276664238201
-32528763592074792 23621276664238201 -54620828622291960 23621276664238201
22161089745891054 23621276664238201 -50194231917517170 23621276664238201
27240833155058208 23621276664238201 4438826054849340 23621276664238201
-33752944201922253000 12779110675352866741 3707875014206724900 12779110675352866741
-5391199226711637486 12779110675352866741 -5052802461509618550 12779110675352866741
-25899609830963402772 12779110675352866741 16407466464107833380 12779110675352866741
-18433779606927950958 12779110675352866741 -12322299057703983810 12779110675352866741
-76214942118 81917915417 474184778130 81917915417
-201498191118 81917915417 368946848970 81917915417
-265877797500 81917915417 458833466700 81917915417
-218019596382 81917915417 274667090670 81917915417
-283494203118 81917915417 269367576030 81917915417
-235636002000 81917915417 85201200000 81917915417
-45973146618 81917915417 100552511430 81917915417
105513683814 83147452609 382648498470 83147452609
56937160728 83147452609 195717899160 83147452609
-8989564500 83147452609 538185419100 83147452609
-181956135186 83147452609 452247691770 83147452609
-103368985272 83147452609 372134577780 83147452609
54452346228 83147452609 344478268260 83147452609
-54031008509352 44982771861469 88078132798740 44982771861469
-122911992 153692149 146323800 153692149
526774500 153692149 442490580 153692149
436984254 153692149 788018490 153692149
-53834962986 83147452609 190667968470 83147452609
194106530142 83147452609 206573365530 83147452609
403862508 153692149 588814380 153692149
106471183014 83147452609 325325131110 83147452609
-212702238 153692149 788018490 153692149
96584383728 83147452609 270781082460 83147452609
48007860642 83147452609 83850483150 83147452609
81144000 153692149 759216780 153692149
-246344540400 83147452609 175086243360 83147452609
-478752246 153692149 413688870 153692149
-64118754 153692149 611133390 153692149
-112906295586 83147452609 35454719790 83147452609
50173475814 83147452609 4061041110 83147452609
125245764000 81917915417 346384922940 81917915417
86434044201162 44317592240597 159007522702770 44317592240597
15311459715300 44317592240597 233431124765580 44317592240597
41202746520138 44317592240597 133797115333350 44317592240597
243615457764 81917915417 23819662440 81917915417
-8679299635314 44317592240597 -702502508610 44317592240597
42154751646 81917915417 151619517630 81917915417
-83128497354 81917915417 46381588470 81917915417
76903568761824 44317592240597 56506475850300 44317592240597
5780984275962 44317592240597 130930077913110 44317592240597
31672271080800 44317592240597 31296068480880 44317592240597
-72371210814 83147452609 81839734830 83147452609
6215939100 83147452609 1726620840 83147452609
52018836786 83147452609 -19153137150 83147452609
115460747514 83147452609 161000910630 83147452609
-11702925486 83147452609 54183425310 83147452609
-77048829900 83147452609 145419185520 83147452609
-28472306814 83147452609 -41511413790 83147452609
13863385464138 44317592240597 58186235011590 44317592240597
-76047363000 84395444393 18411794100 84395444393
-125352989622 84395444393 -171324517770 84395444393
-18582681600 6491957261 -13453084260 84395444393
119770862778 84395444393 9130882950 84395444393
70465236156 84395444393 -180605428920 84395444393
3548991600 84395444393 167002316460 84395444393
-221319326844 84395444393 -109961594820 84395444393
219377478600 83147452609 42231271320 83147452609
-21708621900 83147452609 -129117602880 83147452609
352815723414 83147452609 181862794890 83147452609
-28956942 155998973 220133970 155998973
118486116 155998973 370440000 155998973
14846382306 6491957261 159262250490 84395444393
1392736123800 44982771861469 134935243427880 44982771861469
73582826568174 44982771861469 210475897679250 44982771861469
47302927578648 44982771861469 109346443452540 44982771861469
238312475100 83147452609 337399715520 83147452609
-243784800 155998973 511948080 155998973
-220031658 155998973 603354150 155998973
-87635347128 83147452609 213349917060 83147452609
-334922742 155998973 161234010 155998973
324515142 155998973 461846070 155998973
-334922742 155998973 461846070 155998973
282211379100 83147452609 245212017120 83147452609
319311342 155998973 472774050 155998973
-68119529814 83147452609 257286601530 83147452609
-19543006728 83147452609 70356002220 83147452609
40126123422 84395444393 359820318690 84395444393
-135436568400 84395444393 272592719280 84395444393
-102978378215874 44982771861469 139881969070830 44982771861469
-30788287771500 44982771861469 215422623322200 44982771861469
-57068186761026 44982771861469 114293169095490 44982771861469
-89835579798048 44982771861469 36223556711580 44982771861469
-149327854956 84395444393 367560384660 84395444393
81996012000 81917915417 58277620800 81917915417
17804630688138 44317592240597 85125320829990 44317592240597
-405987246 153692149 611133390 153692149
-81144000 153692149 759216780 153692149
-156805199586 83147452609 375281558190 83147452609
-153361106106138 44317592240597 199543277547810 44317592240597
-50753501344476 44317592240597 191238218064180 44317592240597
-761827500 153692149 639935100 153692149
-436984254 153692149 788018490 153692149
-33121746 153692149 199204110 153692149
-243784800 155998973 189480060 155998973
-353472084 155998973 642528180 155998973
-23753142 155998973 792834210 155998973
-453408858 155998973 209205990 155998973
-869061942 155998973 280886130 155998973
-635684742 155998973 792834210 155998973
-98781593022 84395444393 17685083430 6491957261
-154128435955200 44982771861469 172588407003180 44982771861469
-81938345510826 44982771861469 248129061254550 44982771861469
-108218244500352 44982771861469 146999607027840 44982771861469
-224483690592000 44317592240597 125119675485000 44317592240597
-121876085830338 44317592240597 116814616001370 44317592240597
-243832536486 83147452609 31717350630 83147452609
-436342113900 83147452609 47299075740 83147452609
-55652748675174 44982771861469 40812236536050 44982771861469
-81932647664700 44982771861469 -60317217690660 44982771861469
-143878905002574 44982771861469 23828256370170 44982771861469
-21933815773254084 23975817402162977 53176230251624340 23975817402162977
-851617746 153692149 294407190 153692149
-526774500 153692149 442490580 153692149
-122911992 153692149 -146323800 153692149
-334922742 155998973 -161234010 155998973
-444610026 155998973 291814110 155998973
-293846238 153692149 -28801710 153692149
201931254 153692149 1759590 153692149
-5203800 155998973 -10927980 155998973
-355840254 153692149 324968490 153692149
-654234084 155998973 311540040 155998973
-324515142 155998973 461846070 155998973
-214827858 155998973 8797950 155998973
-283388051772 83147452609 111830464620 83147452609
-106722 22181 92610 22181
-353472084 155998973 359512020 155998973
-444610026 155998973 8797950 155998973
-206029026 155998973 792834210 155998973
-946386 288353 1574370 288353
-106722 22181 648270 288353
-305965800 155998973 359512020 155998973
-357754963986 83147452609 406675236870 83147452609
-293846238 153692149 324968490 153692149
-205381722672 83147452609 -28124730900 83147452609
-293914304586 83147452609 -191028591810 83147452609
-8929300086 83147452609 -111867416010 83147452609
-745372026 155998973 339786090 155998973
-26789868 11999921 47971980 155998973
-439406226 155998973 -302742090 155998973
-414052671186 83147452609 85411146870 83147452609
-365476148100 83147452609 -101519452440 83147452609
-112298285358 83147452609 260267161770 83147452609
-239461958358 83147452609 153449676450 83147452609
-304807862772 83147452609 244685436660 83147452609
-256231339686 83147452609 57754837350 83147452609
-310999260222 84395444393 185365119870 84395444393
-196553292957000 44982771861469 93389658585300 44982771861469
-124363202512626 44982771861469 168930312836670 44982771861469
-150643101502152 44982771861469 67800858609960 44982771861469
-183410494539174 44982771861469 -10268753773950 44982771861469
-324890546778 84395444393 280332785250 84395444393
-163453459240638 44317592240597 42218496789210 44317592240597
-60845854478976 44317592240597 33913437305580 44317592240597
-129329288172 83147452609 -123819570000 83147452609
-321838865586 83147452609 -108237844890 83147452609
6293508662700 44982771861469 -43333237524780 44982771861469
-19986390326826 44982771861469 -144462691751490 44982771861469
11083539387832758 23975817402162977 8326692577201950 23975817402162977
4108956642 83147452609 15811953570 83147452609
120777820128 83147452609 251138316240 83147452609
72201297042 83147452609 64207716930 83147452609
-205170002100 83147452609 127088517780 83147452609
-114891084 155998973 559920060 155998973
67384800 155998973 559920060 155998973
305965800 155998973 359512020 155998973
191074716 155998973 -82608120 155998973
99936774 155998973 -433322190 155998973
-444610026 155998973 -291814110 155998973
214827858 155998973 8797950 155998973
182967775956 84395444393 103899529440 84395444393
133662149334 84395444393 -85836782430 84395444393
66745904778 84395444393 261770962950 84395444393
-158122413666 84395444393 -15192948330 84395444393
4078427831131500 23975817402162977 63576626364682200 23975817402162977
11965502763648 44982771861469 80013219657840 44982771861469
-118462077606852 44982771861469 -12686521284360 44982771861469
96926508000 81917915417 -26923579200 81917915417
69597585414 83147452609 -84211106490 83147452609
-103368985272 83147452609 1726620840 83147452609
72371210814 83147452609 81839734830 83147452609
347194008 153692149 -146323800 153692149
-8646246 153692149 -117522090 153692149
25633346382 81917915417 310992992730 81917915417
215296201764 81917915417 295641681300 81917915417
6215939100 83147452609 372134577780 83147452609
181956135186 83147452609 452247691770 83147452609
291200943600 83147452609 292973401980 83147452609
83315685978 84395444393 293785869510 84395444393
46660710600 84395444393 251099234820 84395444393
-5350858506 6491957261 93227801310 84395444393
104076 288353 926100 288353
-67384800 155998973 442120140 155998973
-6274571814 83147452609 127412189730 83147452609
260601917814 83147452609 406675236870 83147452609
212025394728 83147452609 219744637560 83147452609
-81996012000 81917915417 467912025000 81917915417
107666843382 81917915417 452560713570 81917915417
15145239186 83147452609 260267161770 83147452609
68092340400 83147452609 422256961980 83147452609
19515817314 83147452609 235326362670 83147452609
142899654618 81917915417 73628932230 81917915417
50753501344476 44317592240597 93430380313620 44317592240597
-166750631586 83147452609 458072305110 83147452609
8989564500 83147452609 538185419100 83147452609
118234372914 83147452609 378911129310 83147452609
-92247005844 84395444393 381013468920 84395444393
-200825226 155998973 803762190 155998973
-177072084 155998973 311540040 155998973
-238312475100 83147452609 368563165740 83147452609
-112298285358 83147452609 113594036850 83147452609
-129067666686 83147452609 209288875950 83147452609
-6364247400 84395444393 -1540845180 84395444393
-181926939222 84395444393 85686754230 84395444393
-3548991600 84395444393 167002316460 84395444393
-81847554409152 44982771861469 76669790285340 44982771861469
-66745904778 84395444393 261770962950 84395444393
48809156766174 44982771861469 288933340646790 44982771861469
338517774 155998973 934342290 155998973
2503998 11999921 76403250 11999921
214827858 155998973 76403250 11999921
262734470334 84395444393 356888656530 84395444393
324890546778 84395444393 280332785250 84395444393
-29050092666 84395444393 286244822430 84395444393
149327854956 84395444393 367560384660 84395444393
-49666530513852 44982771861469 157157170179660 44982771861469
-505386 288353 1944810 288353
-168462 288353 1944810 288353
-946386 288353 1018710 288353
-67384800 155998973 559920060 155998973
-230591290986 83147452609 513492722190 83147452609
176259762 153692149 719857530 153692149
-78218049672 83147452609 78692754420 83147452609
-210577500 153692149 514170720 153692149
-18934996500 83147452609 78692754420 83147452609
30997008 153692149 514170720 153692149
133438244814 83147452609 513492722190 83147452609
-355840254 153692149 719857530 153692149
168462 288353 1944810 288353
-214827858 155998973 76403250 11999921
59071332600 83147452609 218647949940 83147452609
-255137462118 81917915417 388983578130 81917915417
-65474606736 81917915417 373632266700 81917915417
-160594956900 83147452609 180154047780 83147452609
-770473746 153692149 226246230 153692149
-107647855686 83147452609 342143847990 83147452609
-30241795500 81917915417 -5299514640 81917915417
-42916023169362 44317592240597 50730090556950 44317592240597
-212702238 153692149 -96962670 153692149
-243699246 153692149 79922430 153692149
118486116 155998973 330988140 155998973
-106722 22181 92610 288353
-745372026 155998973 361642050 155998973
104076 288353 370440 288353
10494809514 83147452609 31717350630 83147452609
159421059882 81917915417 -20650826070 81917915417
59691581592300 44317592240597 42425031073320 44317592240597
-260724492 153692149 463050000 153692149
64118754 153692149 611133390 153692149
-111474155201976 44317592240597 156842987791140 44317592240597
-8866550440314 44317592240597 148537928307510 44317592240597
-281253879900 83147452609 302535384480 83147452609
-105513683814 83147452609 382648498470 83147452609
3731124600 83147452609 223374208680 83147452609
-208468877022 84395444393 223142035410 84395444393
-391899942 155998973 19725930 155998973
-352815723414 83147452609 213026245110 83147452609
-226801533672 83147452609 -41942883780 83147452609
-243570915000 83147452609 53751955320 83147452609
-122586118578 84395444393 -159412278690 84395444393
-298148810400 84395444393 -72184679280 84395444393
-119770862778 84395444393 9130882950 84395444393
-143793811747026 44982771861469 -7475683775490 44982771861469
-182967775956 84395444393 103899529440 84395444393
-191074716 155998973 -82608120 155998973
-355589348814 83147452609 46975403790 83147452609
29429806014 83147452609 15811953570 83147452609
-53834962986 83147452609 -127880611110 83147452609
-70604344314 83147452609 -32185772010 83147452609
26789868 11999921 47971980 155998973
114891084 155998973 559920060 155998973
353472084 155998973 359512020 155998973
205170002100 83147452609 95925067560 83147452609
-272324579814 83147452609 190667968470 83147452609
-96584383728 83147452609 270781082460 83147452609
-228425675814 83147452609 -59842081530 83147452609
73232107200 84395444393 -150131367540 84395444393
-102330584622 84395444393 -62903768130 84395444393
76047363000 84395444393 18411794100 84395444393
76746930705648 44982771861469 25596820186560 44982771861469
-54284713837200 45657935416613 101338736249520 45657935416613
26690548153986234 24335679577054729 28459376929313190 24335679577054729
33800802098030100 24335679577054729 84538578015667440 24335679577054729
287876878240266 24335679577054729 39015876548758410 24335679577054729
32199231316047642 23975817402162977 -17784477791053470 23975817402162977
-6278086890803700 23975817402162977 22478690924926740 23975817402162977
18814792518774 44982771861469 -19688044823370 44982771861469
-6293508662700 44982771861469 -43333237524780 44982771861469
55652748675174 44982771861469 40812236536050 44982771861469
-62235652804697232 24335679577054729 24883491457632780 24335679577054729
-95748578024487066 24335679577054729 -20639210009276250 24335679577054729
-39283805166723432 24335679577054729 -17963031436440300 24335679577054729
-22609436361460812234 12970917214570170557 27224470729243212390 12970917214570170557
-44567372682000 44317592240597 128020730040000 44317592240597
-79989134926176 44317592240597 125153692619760 44317592240597
-147767372635176 44317592240597 68219972944200 44317592240597
-60213603638882358 23975817402162977 125588475996726330 23975817402162977
-93230958799969200 23975817402162977 80738938322303940 23975817402162977
-105696033402434958 23975817402162977 110601710925226290 23975817402162977
-100236070356670458 23975817402162977 25489004534823690 23975817402162977
41015495715138 44317592240597 185229708398910 44317592240597
-11431002893562 44317592240597 231266589853950 44317592240597
-225913671900 83147452609 76052072880 83147452609
-50173475814 83147452609 -4061041110 83147452609
107647855686 83147452609 342143847990 83147452609
-68092340400 83147452609 422256961980 83147452609
-133438244814 83147452609 513492722190 83147452609
-357754963986 83147452609 246449008890 83147452609
-120777820128 83147452609 251138316240 83147452609
-315453012714 83147452609 466193646450 83147452609
-260601917814 83147452609 406675236870 83147452609
91234013767974 44982771861469 209734592228910 44982771861469
124363202512626 44982771861469 168930312836670 44982771861469
-64287158311026 44982771861469 172081428653610 44982771861469
30788287771500 44982771861469 215422623322200 44982771861469
-85327191016074 44982771861469 280328520837330 44982771861469
81938345510826 44982771861469 248129061254550 44982771861469
-168658272650700 44982771861469 167134703010660 44982771861469
-73582826568174 44982771861469 210475897679250 44982771861469
-55125398860653366 24335679577054729 80962692543987030 24335679577054729
-88638324080443200 24335679577054729 35439991077078000 24335679577054729
-32173551222679566 24335679577054729 38116169649913950 24335679577054729
-18819671009285431656 12970917214570170557 57114684908270027640 12970917214570170557
-45573307136954100 23975817402162977 46778567420236680 23975817402162977
23944593200522400 23975817402162977 -2630394501955920 23975817402162977
6186987711662058 23975817402162977 -7384081677995610 23975817402162977
70244925003374058 23975817402162977 28319662790214390 23975817402162977
3663895582631850300 12970917214570170557 1207278120998989620 12970917214570170557
7453660934807230878 12970917214570170557 31097492300025804870 12970917214570170557
-10408728207340750644 12970917214570170557 6833892418163291880 12970917214570170557
12630962828106 43662248917261 135847043610390 43662248917261
47562860773769292 23621276664238201 94123764510717060 23621276664238201
9654523242804846 23621276664238201 133791544410194790 23621276664238201
23454579109783500 23621276664238201 80686617382816200 23621276664238201
-35961145612869708 23621276664238201 103299158944895760 23621276664238201
32528763592074792 23621276664238201 54620828622291960 23621276664238201
62494551882 81917915417 -6272753130 81917915417
235636002000 81917915417 -85201200000 81917915417
343265360382 81917915417 71717832270 81917915417
255137462118 81917915417 388983578130 81917915417
81996012000 81917915417 467912025000 81917915417
54761773120362 44317592240597 127711454221890 44317592240597
-25633346382 81917915417 310992992730 81917915417
51791701500 81917915417 232064545860 81917915417
52432254978138 44317592240597 114418008301590 44317592240597
163453459240638 44317592240597 42218496789210 44317592240597
224483690592000 44317592240597 125119675485000 44317592240597
77775575404986900 23975817402162977 99838821466506780 23975817402162977
44758220243900058 23975817402162977 54989283792084390 23975817402162977
162299186353962 44317592240597 165148047274770 44317592240597
94520948644962 44317592240597 108214327599210 44317592240597
153361106106138 44317592240597 199543277547810 44317592240597
-1338649759062 44317592240597 73941809095350 44317592240597
111474155201976 44317592240597 156842987791140 44317592240597
24564046370820642 23975817402162977 116275364572916430 23975817402162977
-8453308790266200 23975817402162977 71425826898494040 23975817402162977
-20918383392731958 23975817402162977 101288599501416390 23975817402162977
-6911197231314600 23975817402162977 47386600398579960 23975817402162977
-15458420346967458 23975817402162977 16175893111013790 23975817402162977
8361033878912400 23621276664238201 2910695109861420 23621276664238201
76850943083856900 23621276664238201 -45767635212742380 23621276664238201
81930686493024054 23621276664238201 8865422759624130 23621276664238201
-4165733546082730314 12779110675352866741 6102663831489886290 12779110675352866741
24196011429127885200 12779110675352866741 -2658013644226457160 12779110675352866741
3687600824876119914 12779110675352866741 18802255281390994770 12779110675352866741
11153431048911571728 12779110675352866741 -9927510240420822420 12779110675352866741
44878146264 81917915417 -195738643800 81917915417
218019596382 81917915417 -274667090670 81917915417
325648954764 81917915417 -117748058400 81917915417
35700822241686 44317592240597 -77290639483050 44317592240597
124188248646 81917915417 10051796790 81917915417
-1095000354 81917915417 -95186132370 81917915417
121283690638824 44317592240597 -20081661124140 44317592240597
50161106152962 44317592240597 54341940938670 44317592240597
53676756000 81917915417 148450681260 81917915417
25698681414 83147452609 207562255110 83147452609
-147267889272 83147452609 121624527780 83147452609
28472306814 83147452609 41511413790 83147452609
-260724492 153692149 228005820 153692149
70604344314 83147452609 -32185772010 83147452609
22027821228 83147452609 -219116371320 83147452609
243699246 153692149 79922430 153692149
243570915000 83147452609 53751955320 83147452609
194994391914 83147452609 -133178643990 83147452609
129067666686 83147452609 209288875950 83147452609
256231339686 83147452609 -57754837350 83147452609
0 1 57603420 153692149
711680508 153692149 0 1
355589348814 83147452609 46975403790 83147452609
307012825728 83147452609 -139955195520 83147452609
801470754 153692149 648270 288353
120787254 153692149 226246230 153692149
78006329100 83147452609 171118645740 83147452609
107647855686 83147452609 62880800850 83147452609
258436302642 83147452609 358049245050 83147452609
355840254 153692149 719857530 153692149
-58793238 153692149 226246230 153692149
205170002100 83147452609 127088517780 83147452609
621890262 153692149 403131330 153692149
386837262 153692149 205686810 153692149
162868050828 83147452609 -92656119780 83147452609
467981262 153692149 668736810 153692149
232928262 153692149 471292290 153692149
352815723414 83147452609 213026245110 83147452609
304239200328 83147452609 26095645800 83147452609
238312475100 83147452609 368563165740 83147452609
365476148100 83147452609 101519452440 83147452609
476627508 153692149 926100 288353
-204055992 153692149 374329620 153692149
-97733866986 83147452609 251231759730 83147452609
-68092340400 83147452609 142993914840 83147452609
-293846238 153692149 28801710 153692149
355840254 153692149 324968490 153692149
-156197189358 83147452609 9757111770 83147452609
19543006728 83147452609 -70356002220 83147452609
46410907914 83147452609 -12543005790 83147452609
82376907228 83147452609 -101461293360 83147452609
-58460922884826 44982771861469 20642074332390 44982771861469
-120407180222700 44982771861469 -63503399728440 44982771861469
-144144774900 83147452609 -263774765520 83147452609
18934996500 83147452609 78692754420 83147452609
-205381722672 83147452609 -188350958880 83147452609
255343477914 83147452609 -187399020690 83147452609
143325044100 83147452609 -194175572220 83147452609
97522146414 83147452609 -215055330210 83147452609
-46410907914 83147452609 -12543005790 83147452609
150281305794522 44982771861469 30535525618290 44982771861469
183410494539174 44982771861469 -10268753773950 44982771861469
-5239866284478 44982771861469 -7117637957010 44982771861469
89835579798048 44982771861469 36223556711580 44982771861469
-29178864300852 44982771861469 -162215086444740 44982771861469
150207626142 83147452609 -43936684470 83147452609
103796718228 83147452609 -247869368460 83147452609
6274571814 83147452609 127412189730 83147452609
369846726228 83147452609 -31862100060 83147452609
257828292414 83147452609 -38638651590 83147452609
212025394728 83147452609 -59518409580 83147452609
68092340400 83147452609 142993914840 83147452609
-88104848958 83147452609 133236803070 83147452609
87635347128 83147452609 213349917060 83147452609
-107647855686 83147452609 62880800850 83147452609
277371299142 83147452609 31717350630 83147452609
163424104212348 44982771861469 134193937977540 44982771861469
196553292957000 44982771861469 93389658585300 44982771861469
7902932133348 44982771861469 96540774402240 44982771861469
102978378215874 44982771861469 139881969070830 44982771861469
154128435955200 44982771861469 172588407003180 44982771861469
-96468182206326 44982771861469 91594048759290 44982771861469
-1392736123800 44982771861469 134935243427880 44982771861469
-16070559930247032 24335679577054729 40095198593995860 24335679577054729
-49583485150036866 24335679577054729 -5427502872913170 24335679577054729
6881287707726768 24335679577054729 -2751324300077220 24335679577054729
1996558140621144366 12970917214570170557 35332310632924734030 12970917214570170557
-7095988930102758 23975817402162977 6515398704256470 23975817402162977
6911197231314600 23975817402162977 -47386600398579960 23975817402162977
62421911407373742 23975817402162977 -42893563217936130 23975817402162977
44664305918513400 23975817402162977 -47647250393975820 23975817402162977
108722243210225400 23975817402162977 -11943505925765820 23975817402162977
24480124732538426322 12970917214570170557 -20575096154346303990 12970917214570170557
28269890084713806900 12970917214570170557 9315118024680511260 12970917214570170557
10407500942565825378 12970917214570170557 -14948481857182001730 12970917214570170557
-37254634976762154 23621276664238201 -27581690355437610 23621276664238201
-23454579109783500 23621276664238201 -80686617382816200 23621276664238201
31235274228182346 23621276664238201 -76260020678041410 23621276664238201
36315017637349500 23621276664238201 -21626962705674900 23621276664238201
-28843810397002664028 12779110675352866741 -10393716705236888940 12779110675352866741
-482065421792048514 12779110675352866741 -19154394180953232390 12779110675352866741
-20990476026043813800 12779110675352866741 2305874744664219540 12779110675352866741
-13524645802008361986 12779110675352866741 -26423890777147597650 12779110675352866741
663924999024 44317592240597 153231137409420 44317592240597
-67114312709976 44317592240597 96297417733860 44317592240597
-101943679762638 44317592240597 144926077925790 44317592240597
-125341795594638 44317592240597 11404221275790 44317592240597
-31672271080800 44317592240597 -31296068480880 44317592240597
-17804630688138 44317592240597 85125320829990 44317592240597
-172504386553338 44317592240597 -40476147622470 44317592240597
-59691581592300 44317592240597 42425031073320 44317592240597
-101381802067476 44317592240597 -114899749685280 44317592240597
-134872271033976 44317592240597 -91096825576680 44317592240597
-41202746520138 44317592240597 -133797115333350 44317592240597
42916023169362 44317592240597 50730090556950 44317592240597
-50753501344476 44317592240597 93430380313620 44317592240597
876163349928384 23975817402162977 43112374374016080 23975817402162977
-4078427831131500 23975817402162977 63576626364682200 23975817402162977
2299185141892884 23975817402162977 20929580287053480 23975817402162977
-11083539387832758 23975817402162977 8326692577201950 23975817402162977
21933815773254084 23975817402162977 53176230251624340 23975817402162977
-4307312474945519256 12970917214570170557 -11682926333778683340 12970917214570170557
-517547122770138678 12970917214570170557 18207287845248131910 12970917214570170557
-18379936264918120200 12970917214570170557 -6056312036614381080 12970917214570170557
26567226182224675458 12779110675352866741 33693387373341962910 12779110675352866741
6058815577972910172 12779110675352866741 55153656298959414840 12779110675352866741
13524645802008361986 12779110675352866741 26423890777147597650 12779110675352866741
-18619261272947023542 12779110675352866741 38657275762232639610 12779110675352866741
-11153431048911571728 12779110675352866741 9927510240420822420 12779110675352866741
18433779606927950958 12779110675352866741 12322299057703983810 12779110675352866741
7422270298994925045504 6913498875365900906881 12002519691067512176640 6913498875365900906881
96926508000 81917915417 395256331260 81917915417
-92736347382 81917915417 379905019830 81917915417
-44878146264 81917915417 195738643800 81917915417
37155350736 81917915417 54170922960 81917915417
-110352753000 81917915417 190439129160 81917915417
-62494551882 81917915417 6272753130 81917915417
127168303500 81917915417 21624064560 81917915417
281253879900 83147452609 302535384480 83147452609
232677356814 83147452609 115604785170 83147452609
166750631586 83147452609 458072305110 83147452609
293914304586 83147452609 191028591810 83147452609
-6215939100 83147452609 372134577780 83147452609
72371210814 83147452609 292021463790 83147452609
230192542314 83147452609 264365154270 83147452609
41044437573174 44982771861469 44736938130150 44982771861469
201931254 153692149 -1759590 153692149
851617746 153692149 294407190 153692149
851617746 153692149 -1759590 153692149
761827500 153692149 639935100 153692149
121905233100 83147452609 110554854480 83147452609
882614754 153692149 175125510 153692149
369846726228 83147452609 126460251540 83147452609
728705754 153692149 440730990 153692149
272324579814 83147452609 190667968470 83147452609
223748056728 83147452609 3737369160 83147452609
405987246 153692149 611133390 153692149
-70604344314 83147452609 94973129370 83147452609
260724492 153692149 463050000 153692149
62833900500 83147452609 -44658394200 83147452609
225913671900 83147452609 -76052072880 83147452609
298387214118 81917915417 267456476070 81917915417
180103568715000 44317592240597 116307232946100 44317592240597
108980984229138 44317592240597 190730835008910 44317592240597
134872271033976 44317592240597 91096825576680 44317592240597
309127549500 81917915417 -212027816700 81917915417
416756907882 81917915417 -55108784430 81917915417
84990224878524 44317592240597 -43402792265280 44317592240597
215296201764 81917915417 72691070760 81917915417
170573093275662 44317592240597 13806186093630 44317592240597
99450508789800 44317592240597 88229788156440 44317592240597
125341795594638 44317592240597 -11404221275790 44317592240597
103368985272 83147452609 1726620840 83147452609
181956135186 83147452609 -78386493150 83147452609
227759032872 83147452609 -99266251140 83147452609
291200943600 83147452609 80887796640 83147452609
98691366186 83147452609 65306071530 83147452609
147267889272 83147452609 -121624527780 83147452609
107532909977976 44317592240597 15485945254920 44317592240597
102330584622 84395444393 -62903768130 84395444393
53024958000 84395444393 -252640080000 84395444393
-63196913178 84395444393 -94768646490 84395444393
298148810400 84395444393 -72184679280 84395444393
248843183778 84395444393 -20147768550 6491957261
181926939222 84395444393 85686754230 84395444393
310999260222 84395444393 -185365119870 84395444393
135436568400 84395444393 -272592719280 84395444393
395117674686 83147452609 -37881842670 83147452609
154031574186 83147452609 -209230716870 83147452609
528555919500 83147452609 101749680900 83147452609
300762000 155998973 5371380 11999921
869061942 155998973 -280886130 155998973
448205058 155998973 220133970 155998973
371380917600 84395444393 77946688260 84395444393
96468182206326 44982771861469 91594048759290 44982771861469
168658272650700 44982771861469 167134703010660 44982771861469
142378373661174 44982771861469 66005248783950 44982771861469
414052671186 83147452609 257286601530 83147452609
85934142 155998973 361642050 155998973
88104848958 83147452609 133236803070 83147452609
-5203800 155998973 10927980 155998973
654234084 155998973 311540040 155998973
457951575186 83147452609 165098903130 83147452609
649030284 155998973 322468020 155998973
745372026 155998973 361642050 155998973
107620666272 83147452609 177173487540 83147452609
156197189358 83147452609 -9757111770 83147452609
218504071044 84395444393 278504756460 84395444393
221319326844 84395444393 109961594820 84395444393
-7902932133348 44982771861469 96540774402240 44982771861469
64287158311026 44982771861469 172081428653610 44982771861469
38007259321500 44982771861469 70951974426900 44982771861469
5239866284478 44982771861469 -7117637957010 44982771861469
29050092666 84395444393 286244822430 84395444393
158122413666 84395444393 15192948330 84395444393
-201931254 153692149 -1759590 153692149
122911992 153692149 146323800 153692149
526774500 153692149 -442490580 153692149
324515142 155998973 -461846070 155998973
214827858 155998973 -8797950 155998973
355840254 153692149 -324968490 153692149
851617746 153692149 -294407190 153692149
654234084 155998973 -311540040 155998973
293846238 153692149 28801710 153692149
5203800 155998973 10927980 155998973
334922742 155998973 161234010 155998973
444610026 155998973 -291814110 155998973
106722 22181 92610 288353
204055992 153692149 20559420 153692149
293846238 153692149 -324968490 153692149
334922742 155998973 -461846070 155998973
205381722672 83147452609 -188350958880 83147452609
445630500 153692149 20559420 153692149
357754963986 83147452609 246449008890 83147452609
58793238 153692149 226246230 153692149
946386 288353 1018710 288353
106722 22181 648270 288353
444610026 155998973 -8797950 155998973
283388051772 83147452609 -48395763360 83147452609
761827500 153692149 51120720 153692149
563096142 155998973 39174030 155998973
204055992 153692149 374329620 153692149
-85934142 155998973 361642050 155998973
243784800 155998973 511948080 155998973
-120787254 153692149 226246230 153692149
590893254 153692149 168642810 153692149
-300762000 155998973 5371380 11999921
28956942 155998973 220133970 155998973
208668675600 84395444393 -40169772720 84395444393
55652748675174 44982771861469 -45870152801130 44982771861469
234811528686 83147452609 75100134690 83147452609
81938345510826 44982771861469 161446671917370 44982771861469
19992088172952 44982771861469 77301197856540 44982771861469
380420711118 81917915417 125888755230 81917915417
224483690592000 44317592240597 39719095971660 44317592240597
153361106106138 44317592240597 114142698034470 44317592240597
179252392910976 44317592240597 14508688602240 44317592240597
478752246 153692149 -413688870 153692149
770473746 153692149 226246230 153692149
321838865586 83147452609 -108237844890 83147452609
436342113900 83147452609 47299075740 83147452609
154128435955200 44982771861469 85906017666000 44982771861469
92182178617326 44982771861469 1760543605170 44982771861469
-17804630688138 44317592240597 -275258683350 44317592240597
8086656116700 44317592240597 -99909268115580 44317592240597
110694260878362 44317592240597 -91604208631950 44317592240597
21933815773254084 23975817402162977 6974516734907400 23975817402162977
201498191118 81917915417 -368946848970 81917915417
26762741993862 44317592240597 -128295988723350 44317592240597
107666843382 81917915417 -84227961510 81917915417
112345610391000 44317592240597 -71087010364440 44317592240597
41223025905138 44317592240597 3336591698370 44317592240597
67114312709976 44317592240597 -96297417733860 44317592240597
11702925486 83147452609 -54183425310 83147452609
53834962986 83147452609 -127880611110 83147452609
5258439900 83147452609 -314811210420 83147452609
212702238 153692149 -96962670 153692149
-322718508 153692149 -125764380 153692149
-232928262 153692149 -471292290 153692149
226801533672 83147452609 -41942883780 83147452609
178225010586 83147452609 -228873483090 83147452609
112298285358 83147452609 113594036850 83147452609
239461958358 83147452609 -153449676450 83147452609
49157343900 83147452609 246772680840 83147452609
-30997008 153692149 514170720 153692149
-445630500 153692149 20559420 153692149
-4108956642 83147452609 15811953570 83147452609
-198784149228 83147452609 230867283780 83147452609
-150207626142 83147452609 43936684470 83147452609
-476627508 153692149 139841100 153692149
-386837262 153692149 -205686810 153692149
-355840254 153692149 -324968490 153692149
293846238 153692149 -28801710 153692149
129329288172 83147452609 -123819570000 83147452609
243832536486 83147452609 31717350630 83147452609
49980754574226 44982771861469 77476304381490 44982771861469
-11965502763648 44982771861469 -6669169679340 44982771861469
-120412235449800 44317592240597 -8580318166980 44317592240597
-94520948644962 44317592240597 -108214327599210 44317592240597
-33576898402805058 23975817402162977 2481479554263570 23975817402162977
142899654618 81917915417 294703819830 81917915417
-46763200764 81917915417 279352508400 81917915417
1095000354 81917915417 95186132370 81917915417
83128497354 81917915417 -46381588470 81917915417
60845854478976 44317592240597 -51487142207760 44317592240597
147767372635176 44317592240597 -68219972944200 44317592240597
12723433400046600 23975817402162977 33431536846433880 23975817402162977
-69597585414 83147452609 -84211106490 83147452609
8989564500 83147452609 -164324220480 83147452609
118234372914 83147452609 -5049930690 83147452609
-74275204500 83147452609 -20631655800 83147452609
-25698681414 83147452609 -207562255110 83147452609
15341727802338 44317592240597 -30318863411970 44317592240597
-73232107200 84395444393 -150131367540 84395444393
-122537733822 84395444393 -339867679410 84395444393
-5823405000 2058425473 -181996245900 84395444393
122586118578 84395444393 -159412278690 84395444393
73280491956 84395444393 -349148590560 84395444393
6364247400 84395444393 -1540845180 84395444393
-218504071044 84395444393 -278504756460 84395444393
-40126123422 84395444393 -359820318690 84395444393
68119529814 83147452609 85411146870 83147452609
-563096142 155998973 39174030 155998973
-257828292414 83147452609 -38638651590 83147452609
-654234084 155998973 -311540040 155998973
5203800 155998973 -10927980 155998973
-649030284 155998973 -322468020 155998973
-319311342 155998973 -472774050 155998973
-143325044100 83147452609 -194175572220 83147452609
-324515142 155998973 -461846070 155998973
334922742 155998973 -161234010 155998973
243784800 155998973 189480060 155998973
-300762000 155998973 -252640080 155998973
195283202814 83147452609 -150469116210 83147452609
87635347128 83147452609 -118751765580 83147452609
-106471183014 83147452609 -325325131110 83147452609
-104874230286 83147452609 -134333490690 83147452609
-13862654542800 44317592240597 68394857112540 44317592240597
-227759032872 83147452609 99266251140 83147452609
-52018836786 83147452609 19153137150 83147452609
160594956900 83147452609 180154047780 83147452609
-15145239186 83147452609 260267161770 83147452609
4370578128 83147452609 24940799100 83147452609
-78323541782976 44317592240597 -14783998869360 44317592240597
-52432254978138 44317592240597 -114418008301590 44317592240597
50175349783524 44317592240597 -106112948817960 44317592240597
208468877022 84395444393 223142035410 84395444393
159163250400 84395444393 33405723540 84395444393
92247005844 84395444393 381013468920 84395444393
-83315685978 84395444393 293785869510 84395444393
-3548991600 84395444393 212470307280 84395444393
83489727818700 44982771861469 98284610329920 44982771861469
-41044437573174 44982771861469 -44736938130150 44982771861469
54031008509352 44982771861469 -88078132798740 44982771861469
113132449861326 44982771861469 -1910742022350 44982771861469
54284713837200 45657935416613 101338736249520 45657935416613
27610369834698 45657935416613 -1308608472150 45657935416613
-35265662472600 45657935416613 84099837056760 45657935416613
70671997673298 45657935416613 79078864124610 45657935416613
-876163349928384 23975817402162977 43112374374016080 23975817402162977
2669834506500 44982771861469 41618750632200 44982771861469
-127757745864000 44982771861469 -51080990310000 44982771861469
-117513912757500 44982771861469 108605138002200 44982771861469
15812632924326 44982771861469 -62039661727050 44982771861469
-114614947446174 44982771861469 -154739402669250 44982771861469
88002723368700 44982771861469 13500992524320 44982771861469
-208668675600 84395444393 -40169772720 84395444393
98781593022 84395444393 -17685083430 6491957261
-128901981222 84395444393 41145789510 84395444393
-371380917600 84395444393 -77946688260 84395444393
-14846382306 6491957261 -159262250490 84395444393
-245123852400 84395444393 199017223020 84395444393
-66745904778 84395444393 117701660790 84395444393
-70671997673298 45657935416613 -79078864124610 45657935416613
-6881287707726768 24335679577054729 -2751324300077220 24335679577054729
32173551222679566 24335679577054729 38116169649913950 24335679577054729
17956125869346000 24335679577054729 -16594865086736160 24335679577054729
39283805166723432 24335679577054729 -17963031436440300 24335679577054729
25066379813389866 24335679577054729 -72674066173090410 24335679577054729
-8446545406399968 24335679577054729 -27151364706181380 24335679577054729
42354145474200 44317592240597 -111287899303560 44317592240597
-95675221531638 44317592240597 -100115802399690 44317592240597
-60845854478976 44317592240597 -51487142207760 44317592240597
-44664305918513400 23975817402162977 -47647250393975820 23975817402162977
-6186987711662058 23975817402162977 -7384081677995610 23975817402162977
-20194173873079416 23975817402162977 -61286080780832040 23975817402162977
127937013871338 44317592240597 -168496877662470 44317592240597
101381802067476 44317592240597 -114899749685280 44317592240597
-62833900500 83147452609 -44658394200 83147452609
112906295586 83147452609 35454719790 83147452609
156805199586 83147452609 -375281558190 83147452609
-67511519586 83147452609 -108237844890 83147452609
-103796718228 83147452609 -247869368460 83147452609
-162868050828 83147452609 -92656119780 83147452609
78218049672 83147452609 78692754420 83147452609
205381722672 83147452609 -28124730900 83147452609
117513912757500 44982771861469 -108605138002200 44982771861469
29178864300852 44982771861469 -162215086444740 44982771861469
108218244500352 44982771861469 -146999607027840 44982771861469
15458420346967458 23975817402162977 16175893111013790 23975817402162977
70969134523026600 23975817402162977 11682855930369960 23975817402162977
100236070356670458 23975817402162977 25489004534823690 23975817402162977
86228884195253100 23975817402162977 -28412994568012740 23975817402162977
117269466325878258 23975817402162977 -19267201361800350 23975817402162977
47751565988401758 23975817402162977 -68676163283992950 23975817402162977
199059598357200 44317592240597 -94073275599660 44317592240597
172504386553338 44317592240597 -40476147622470 44317592240597
70604344314 83147452609 94973129370 83147452609
246344540400 83147452609 175086243360 83147452609
1338649759062 44317592240597 73941809095350 44317592240597
103946254520724 44317592240597 65636749611720 44317592240597
-121905233100 83147452609 110554854480 83147452609
53834962986 83147452609 190667968470 83147452609
272324579814 83147452609 -127880611110 83147452609
300762000 155998973 -252640080 155998973
67384800 155998973 -442120140 155998973
191074716 155998973 370440 288353
520793658 155998973 648270 288353
168462 288353 -232914150 155998973
399488252814 83147452609 -76375744830 83147452609
49157343900 83147452609 -64301160420 83147452609
97733866986 83147452609 -251231759730 83147452609
220031658 155998973 -603354150 155998973
144144774900 83147452609 -263774765520 83147452609
429655716 155998973 0 1
0 1 -583628220 155998973
-126582852186 83147452609 15811953570 83147452609
453408858 155998973 209205990 155998973
-168462 288353 -232914150 155998973
199364970042 83147452609 -108237844890 83147452609
5823405000 2058425473 181996245900 84395444393
63196913178 84395444393 94768646490 84395444393
18582681600 6491957261 13453084260 84395444393
120407180222700 44982771861469 -63503399728440 44982771861469
146512599156 84395444393 180455400720 84395444393
324890546778 84395444393 99139838490 84395444393
5350858506 6491957261 93227801310 84395444393
149327854956 84395444393 11912239080 84395444393
164973087033048 44982771861469 -8612840020680 44982771861469
35265662472600 45657935416613 -84099837056760 45657935416613
49583485150036866 24335679577054729 -5427502872913170 24335679577054729
88638324080443200 24335679577054729 35439991077078000 24335679577054729
74420898727109634 24335679577054729 -19271043659572110 24335679577054729
95748578024487066 24335679577054729 -20639210009276250 24335679577054729
81531152671153500 24335679577054729 -75350244745926360 24335679577054729
48018227451363666 24335679577054729 -29827543279017330 24335679577054729
8453308790266200 23975817402162977 71425826898494040 23975817402162977
63964022966325342 23975817402162977 66932789717850210 23975817402162977
93230958799969200 23975817402162977 80738938322303940 23975817402162977
79223772638551842 23975817402162977 26836939219467510 23975817402162977
110264354769177000 23975817402162977 35982732425679900 23975817402162977
40746454431700500 23975817402162977 -13426229496512700 23975817402162977
-44758220243900058 23975817402162977 54989283792084390 23975817402162977
10752493932159084 23975817402162977 50496246611440560 23975817402162977
11965502763648 44982771861469 -6669169679340 44982771861469
-92182178617326 44982771861469 1760543605170 44982771861469
81932647664700 44982771861469 60317217690660 44982771861469
179231039290548 44982771861469 112212679240620 44982771861469
-19992088172952 44982771861469 77301197856540 44982771861469
143878905002574 44982771861469 -23828256370170 44982771861469
22523559930522 44982771861469 120642392525130 44982771861469
-287876878240266 24335679577054729 39015876548758410 24335679577054729
-14505302231573832 24335679577054729 -15695158187891700 24335679577054729
-48018227451363666 24335679577054729 29827543279017330 24335679577054729
8446545406399968 24335679577054729 27151364706181380 24335679577054729
18379936264918120200 12970917214570170557 -6056312036614381080 12970917214570170557
-10407500942565825378 12970917214570170557 -14948481857182001730 12970917214570170557
10408728207340750644 12970917214570170557 6833892418163291880 12970917214570170557
2830840494013959966 12970917214570170557 -22327089096471216750 12970917214570170557
38139384024000 43662248917261 -37686365186400 43662248917261
37254634976762154 23621276664238201 -27581690355437610 23621276664238201
-8361033878912400 23621276664238201 2910695109861420 23621276664238201
46328819459053446 23621276664238201 -1515901594913370 23621276664238201
110352753000 81917915417 190439129160 81917915417
283494203118 81917915417 269367576030 81917915417
391123561500 81917915417 112448543760 81917915417
78323541782976 44317592240597 -14783998869360 44317592240597
95675221531638 44317592240597 100115802399690 44317592240597
120412235449800 44317592240597 -8580318166980 44317592240597
17804630688138 44317592240597 -275258683350 44317592240597
7095988930102758 23975817402162977 6515398704256470 23975817402162977
45573307136954100 23975817402162977 46778567420236680 23975817402162977
35961145612869708 23621276664238201 103299158944895760 23621276664238201
90650998950835554 23621276664238201 98872562240120970 23621276664238201
95730742360002708 23621276664238201 44239504267754460 23621276664238201
18619261272947023542 12779110675352866741 38657275762232639610 12779110675352866741
92736347382 81917915417 379905019830 81917915417
265877797500 81917915417 458833466700 81917915417
373507155882 81917915417 301914434430 81917915417
46763200764 81917915417 279352508400 81917915417
101943679762638 44317592240597 144926077925790 44317592240597
101534957118 81917915417 35715694770 81917915417
74275204500 83147452609 -20631655800 83147452609
-98691366186 83147452609 65306071530 83147452609
77048829900 83147452609 145419185520 83147452609
8646246 153692149 117522090 153692149
70604344314 83147452609 406046970630 83147452609
243570915000 83147452609 320109243300 83147452609
304807862772 83147452609 244685436660 83147452609
355589348814 83147452609 326885794830 83147452609
126582852186 83147452609 15811953570 83147452609
476627508 153692149 139841100 153692149
322718508 153692149 -125764380 153692149
352815723414 83147452609 160834953510 83147452609
414052671186 83147452609 85411146870 83147452609
-49157343900 83147452609 -64301160420 83147452609
210577500 153692149 514170720 153692149
-204055992 153692149 20559420 153692149
-107620666272 83147452609 177173487540 83147452609
68119529814 83147452609 257286601530 83147452609
228425675814 83147452609 59842081530 83147452609
-154031574186 83147452609 209230716870 83147452609
21708621900 83147452609 129117602880 83147452609
-29641526586 83147452609 482099043510 83147452609
146098669500 83147452609 401985929520 83147452609
114614947446174 44982771861469 154739402669250 44982771861469
85327191016074 44982771861469 280328520837330 44982771861469
198784149228 83147452609 230867283780 83147452609
315453012714 83147452609 466193646450 83147452609
230591290986 83147452609 513492722190 83147452609
357754963986 83147452609 406675236870 83147452609
260601917814 83147452609 246449008890 83147452609
127757745864000 44982771861469 51080990310000 44982771861469
49666530513852 44982771861469 157157170179660 44982771861469
118462077606852 44982771861469 12686521284360 44982771861469
20918383392731958 23975817402162977 101288599501416390 23975817402162977
76429097568791100 23975817402162977 96795562320772560 23975817402162977
105696033402434958 23975817402162977 110601710925226290 23975817402162977
122729429371642758 23975817402162977 65845505028602250 23975817402162977
-9654523242804846 23621276664238201 133791544410194790 23621276664238201
45035330095161000 23621276664238201 129364947705420000 23621276664238201
50115073504328154 23621276664238201 74731889733053490 23621276664238201
-6058815577972910172 12779110675352866741 55153656298959414840 12779110675352866741
-41223025905138 44317592240597 3336591698370 44317592240597
-50161106152962 44317592240597 54341940938670 44317592240597
-99450508789800 44317592240597 88229788156440 44317592240597
-5780984275962 44317592240597 130930077913110 44317592240597
-153361106106138 44317592240597 114142698034470 44317592240597
11431002893562 44317592240597 231266589853950 44317592240597
-108980984229138 44317592240597 190730835008910 44317592240597
-15311459715300 44317592240597 233431124765580 44317592240597
6278086890803700 23975817402162977 22478690924926740 23975817402162977
-40746454431700500 23975817402162977 13426229496512700 23975817402162977
16306371303310242 23975817402162977 32972418815782950 23975817402162977
-47751565988401758 23975817402162977 68676163283992950 23975817402162977
20990476026043813800 12779110675352866741 2305874744664219540 12779110675352866741
-3687600824876119914 12779110675352866741 18802255281390994770 12779110675352866741
25899609830963402772 12779110675352866741 16407466464107833380 12779110675352866741
-96926508000 81917915417 395256331260 81917915417
76214942118 81917915417 474184778130 81917915417
183844300500 81917915417 317265745860 81917915417
-142899654618 81917915417 294703819830 81917915417
-663924999024 44317592240597 153231137409420 44317592240597
-88127898264 81917915417 51067006200 81917915417
-118234372914 83147452609 -5049930690 83147452609
-291200943600 83147452609 80887796640 83147452609
-115460747514 83147452609 161000910630 83147452609
-347194008 153692149 146323800 153692149
-121905233100 83147452609 421628695740 83147452609
-467981262 153692149 668736810 153692149
51061337586 83147452609 335690968410 83147452609
112298285358 83147452609 260267161770 83147452609
-621890262 153692149 403131330 153692149
-176259762 153692149 719857530 153692149
-162299186353962 44317592240597 165148047274770 44317592240597
-107666843382 81917915417 -84227961510 81917915417
-124188248646 81917915417 10051796790 81917915417
-215296201764 81917915417 72691070760 81917915417
-42154751646 81917915417 151619517630 81917915417
79989134926176 44317592240597 125153692619760 44317592240597
19501460118 81917915417 -105852026070 81917915417
-8989564500 83147452609 -164324220480 83147452609
-181956135186 83147452609 -78386493150 83147452609
-6215939100 83147452609 1726620840 83147452609
-51791701500 81917915417 232064545860 81917915417
137871153882 81917915417 216713234430 81917915417
-72371210814 83147452609 292021463790 83147452609
103368985272 83147452609 372134577780 83147452609
212613793686 83147452609 212860287990 83147452609
3548991600 84395444393 212470307280 84395444393
391899942 155998973 -19725930 155998973
177072084 155998973 -311540040 155998973
-33105983778 84395444393 169783672590 84395444393
-149327854956 84395444393 11912239080 84395444393
210577500 153692149 -119281680 153692149
6274571814 83147452609 -32814038250 83147452609
-104076 288353 370440 288353
-260601917814 83147452609 246449008890 83147452609
-212025394728 83147452609 59518409580 83147452609
-15145239186 83147452609 113594036850 83147452609
-208668675600 84395444393 257011272000 84395444393
-324890546778 84395444393 99139838490 84395444393
-146098669500 83147452609 401985929520 83147452609
-97522146414 83147452609 215055330210 83147452609
66745904778 84395444393 117701660790 84395444393
-19992088172952 44982771861469 38275321259700 44982771861469
505386 288353 1944810 288353
946386 288353 1574370 288353
-2503998 11999921 76403250 11999921
156224378772 83147452609 218647949940 83147452609
260724492 153692149 228005820 153692149
48498534 11999921 481294170 155998973
745372026 155998973 339786090 155998973
106722 22181 92610 22181
212702238 153692149 788018490 153692149
160594956900 83147452609 193707150840 83147452609
-30290727978 84395444393 338326834230 84395444393
-146512599156 84395444393 180455400720 84395444393
29641526586 83147452609 482099043510 83147452609
635684742 155998973 792834210 155998973
245123852400 84395444393 199017223020 84395444393
75083357909574 44982771861469 81616515928290 44982771861469
67511519586 83147452609 -108237844890 83147452609
-104076 288353 926100 288353
-448205058 155998973 220133970 155998973
-118486116 155998973 370440000 155998973
128901981222 84395444393 41145789510 84395444393
13137100571700 44982771861469 -2528958132540 44982771861469
39422697407352 44982771861469 204787866585960 44982771861469
-22523559930522 44982771861469 120642392525130 44982771861469
-232677356814 83147452609 -115604785170 83147452609
-56937160728 83147452609 -195717899160 83147452609
52307647686 83147452609 -36443609370 83147452609
-159163250400 84395444393 -33405723540 84395444393
-48498534 11999921 481294170 155998973
-118486116 155998973 330988140 155998973
-352815723414 83147452609 160834953510 83147452609
-304239200328 83147452609 -26095645800 83147452609
-51061337586 83147452609 335690968410 83147452609
-178225010586 83147452609 228873483090 83147452609
-243570915000 83147452609 320109243300 83147452609
-194994391914 83147452609 133178643990 83147452609
-73280491956 84395444393 349148590560 84395444393
-248843183778 84395444393 20147768550 6491957261
-70465236156 84395444393 180605428920 84395444393
-163424104212348 44982771861469 134193937977540 44982771861469
-91234013767974 44982771861469 209734592228910 44982771861469
-150281305794522 44982771861469 30535525618290 44982771861469
-262734470334 84395444393 356888656530 84395444393
-133662149334 84395444393 85836782430 84395444393
-49157343900 83147452609 246772680840 83147452609
-258436302642 83147452609 358049245050 83147452609
206029026 155998973 792834210 155998973
-338517774 155998973 934342290 155998973
-99936774 155998973 433322190 155998973
-6855392628 83147452609 187254271260 83147452609
0 1 583628220 155998973
-429655716 155998973 0 1
-355589348814 83147452609 326885794830 83147452609
23753142 155998973 792834210 155998973
-520793658 155998973 648270 288353
-29641526586 83147452609 202835996370 83147452609
121905233100 83147452609 421628695740 83147452609
-5258439900 83147452609 314811210420 83147452609
-70604344314 83147452609 406046970630 83147452609
-22027821228 83147452609 219116371320 83147452609
200825226 155998973 803762190 155998973
439406226 155998973 302742090 155998973
-214827858 155998973 -8797950 155998973
444610026 155998973 291814110 155998973
353472084 155998973 642528180 155998973
-191074716 155998973 370440 288353
253746525186 83147452609 91005531750 83147452609
146098669500 83147452609 122722882380 83147452609
-223748056728 83147452609 -3737369160 83147452609
-48007860642 83147452609 -83850483150 83147452609
-46410907914 83147452609 107141157270 83147452609
122537733822 84395444393 339867679410 84395444393
-53024958000 84395444393 252640080000 84395444393
125352989622 84395444393 171324517770 84395444393
58460922884826 44982771861469 20642074332390 44982771861469
30290727978 84395444393 338326834230 84395444393
208668675600 84395444393 257011272000 84395444393
-46660710600 84395444393 251099234820 84395444393
33105983778 84395444393 169783672590 84395444393
103026829695174 44982771861469 75532634040150 44982771861469
-27610369834698 45657935416613 1308608472150 45657935416613
16070559930247032 24335679577054729 40095198593995860 24335679577054729
55125398860653366 24335679577054729 80962692543987030 24335679577054729
40907973507319800 24335679577054729 26251657807336920 24335679577054729
62235652804697232 24335679577054729 24883491457632780 24335679577054729
14505302231573832 24335679577054729 15695158187891700 24335679577054729
-24564046370820642 23975817402162977 116275364572916430 23975817402162977
30946667805238500 23975817402162977 111782327392272600 23975817402162977
60213603638882358 23975817402162977 125588475996726330 23975817402162977
46206417477465000 23975817402162977 71686476893889900 23975817402162977
77246999608090158 23975817402162977 80832270100102290 23975817402162977
-77775575404986900 23975817402162977 99838821466506780 23975817402162977
-22264861228927758 23975817402162977 95345784285862950 23975817402162977
-49980754574226 44982771861469 77476304381490 44982771861469
-154128435955200 44982771861469 85906017666000 44982771861469
-48809156766174 44982771861469 288933340646790 44982771861469
19986390326826 44982771861469 144462691751490 44982771861469
117284781952674 44982771861469 196358153301450 44982771861469
-81938345510826 44982771861469 161446671917370 44982771861469
-39422697407352 44982771861469 204787866585960 44982771861469
-33800802098030100 24335679577054729 84538578015667440 24335679577054729
-81531152671153500 24335679577054729 75350244745926360 24335679577054729
-25066379813389866 24335679577054729 72674066173090410 24335679577054729
517547122770138678 12970917214570170557 18207287845248131910 12970917214570170557
-28269890084713806900 12970917214570170557 9315118024680511260 12970917214570170557
-7453660934807230878 12970917214570170557 31097492300025804870 12970917214570170557
-15031548648134021556 12970917214570170557 1936510785391296240 12970917214570170557
-47562860773769292 23621276664238201 94123764510717060 23621276664238201
7126992564196554 23621276664238201 89697167805942270 23621276664238201
12206735973363708 23621276664238201 35064109833575760 23621276664238201
-26567226182224675458 12779110675352866741 33693387373341962910 12779110675352866741
-112345610391000 44317592240597 -71087010364440 44317592240597
-121283690638824 44317592240597 -20081661124140 44317592240597
-170573093275662 44317592240597 13806186093630 44317592240597
-76903568761824 44317592240597 56506475850300 44317592240597
-224483690592000 44317592240597 39719095971660 44317592240597
-180103568715000 44317592240597 116307232946100 44317592240597
-86434044201162 44317592240597 159007522702770 44317592240597
-32199231316047642 23975817402162977 -17784477791053470 23975817402162977
-46206417477465000 23975817402162977 -71686476893889900 23975817402162977
-79223772638551842 23975817402162977 -26836939219467510 23975817402162977
-22170946903541100 23975817402162977 -7290749900197260 23975817402162977
-86228884195253100 23975817402162977 28412994568012740 23975817402162977
482065421792048514 12779110675352866741 -19154394180953232390 12779110675352866741
-24196011429127885200 12779110675352866741 -2658013644226457160 12779110675352866741
5391199226711637486 12779110675352866741 -5052802461509618550 12779110675352866741
-26762741993862 44317592240597 -128295988723350 44317592240597
-35700822241686 44317592240597 -77290639483050 44317592240597
-84990224878524 44317592240597 -43402792265280 44317592240597
8679299635314 44317592240597 -702502508610 44317592240597
142959175477776 44317592240597 -40303630473120 44317592240597
-54761773120362 44317592240597 127711454221890 44317592240597
47845831641300 44317592240597 119406394738260 44317592240597
-4370578128 83147452609 24940799100 83147452609
283388051772 83147452609 111830464620 83147452609
300157433100 83147452609 16135625520 83147452609
216892664100 83147452609 -127556939160 83147452609
104874230286 83147452609 -134333490690 83147452609
-19515817314 83147452609 -235326362670 83147452609
46410907914 83147452609 107141157270 83147452609
-6274571814 83147452609 -32814038250 83147452609
-72201297042 83147452609 -64207716930 83147452609
-25790389128 83147452609 -107914172940 83147452609
-369846726228 83147452609 126460251540 83147452609
-194106530142 83147452609 206573365530 83147452609
24383086686 83147452609 -111975214050 83147452609
-87635347128 83147452609 -118751765580 83147452609
-212025394728 83147452609 -219744637560 83147452609
-146098669500 83147452609 122722882380 83147452609
29641526586 83147452609 202835996370 83147452609
-199364970042 83147452609 -108237844890 83147452609
143793811747026 44982771861469 -7475683775490 44982771861469
81847554409152 44982771861469 76669790285340 44982771861469
150643101502152 44982771861469 -67800858609960 44982771861469
-38007259321500 44982771861469 -70951974426900 44982771861469
57068186761026 44982771861469 -114293169095490 44982771861469
71380288343952 44982771861469 -86499325668420 44982771861469
143570378788326 44982771861469 -10958671417050 44982771861469
-55652748675174 44982771861469 -45870152801130 44982771861469
-13137100571700 44982771861469 -2528958132540 44982771861469
-142378373661174 44982771861469 -66005248783950 44982771861469
-47302927578648 44982771861469 -109346443452540 44982771861469
-75083357909574 44982771861469 81616515928290 44982771861469
19992088172952 44982771861469 38275321259700 44982771861469
-26690548153986234 24335679577054729 28459376929313190 24335679577054729
-40907973507319800 24335679577054729 -26251657807336920 24335679577054729
-74420898727109634 24335679577054729 19271043659572110 24335679577054729
-17956125869346000 24335679577054729 16594865086736160 24335679577054729
4307312474945519256 12970917214570170557 -11682926333778683340 12970917214570170557
-24480124732538426322 12970917214570170557 -20575096154346303990 12970917214570170557
-3663895582631850300 12970917214570170557 1207278120998989620 12970917214570170557
-11241783295958640978 12970917214570170557 -27953703393635519010 12970917214570170557
28843810397002664028 12779110675352866741 -10393716705236888940 12779110675352866741
4165733546082730314 12779110675352866741 6102663831489886290 12779110675352866741
33752944201922253000 12779110675352866741 3707875014206724900 12779110675352866741
43107766574621616 23975817402162977 1079327257606080 23975817402162977
-12723433400046600 23975817402162977 33431536846433880 23975817402162977
20194173873079416 23975817402162977 61286080780832040 23975817402162977
33576898402805058 23975817402162977 2481479554263570 23975817402162977
-21933815773254084 23975817402162977 6974516734907400 23975817402162977
-1996558140621144366 12970917214570170557 35332310632924734030 12970917214570170557
18819671009285431656 12970917214570170557 57114684908270027640 12970917214570170557
11241783295958640978 12970917214570170557 27953703393635519010 12970917214570170557
22609436361460812234 12970917214570170557 27224470729243212390 12970917214570170557
15031548648134021556 12970917214570170557 -1936510785391296240 12970917214570170557
-2830840494013959966 12970917214570170557 22327089096471216750 12970917214570170557
-7422270298994925045504 6913498875365900906881 12002519691067512176640 6913498875365900906881
5217640344000 43662248917261 53363385986400 43662248917261
97502033256894 43662248917261 95432248168110 43662248917261
154868481274500 43662248917261 11794403968200 43662248917261
82387890303894 43662248917261 -59147560151190 43662248917261
-38139384024000 43662248917261 37686365186400 43662248917261
-3825053822394 43662248917261 85595932436490 43662248917261
38782317965669208 23621276664238201 43000865127921960 23621276664238201
5564490372000 43662248917261 -15389387290620 43662248917261
-3241418633712 43662248917261 34861723883280 43662248917261
-51801957645606 43662248917261 68248456909290 43662248917261
40482435267288 43662248917261 110317319091000 43662248917261
16621228219778154 23621276664238201 -7193366789595210 23621276664238201
-28994440635896400 23621276664238201 23299018675703820 23621276664238201
25695412702069446 23621276664238201 18872421970929030 23621276664238201
-82387890303894 43662248917261 59147560151190 43662248917261
-117614723020200 44317592240597 -18591586783560 44317592240597
-209805905195838 44317592240597 27213221883330 44317592240597
-116136380682000 44317592240597 69913511640000 44317592240597
-180601522850700 44317592240597 125926942407840 44317592240597
-86931998336862 44317592240597 168627232164510 44317592240597
-28704515452200 44317592240597 83734035706440 44317592240597
-96926508000 81917915417 26923579200 81917915417
-17298296281476 44317592240597 197100844475220 44317592240597
-19501460118 81917915417 105852026070 81917915417
-161306114382 81917915417 305369713530 81917915417
74892885894162 44317592240597 151296035808330 44317592240597
107532179056638 44317592240597 111095146869210 44317592240597
88127898264 81917915417 -51067006200 81917915417
-101534957118 81917915417 -35715694770 81917915417
-71293161618 81917915417 337916571930 81917915417
118369693764 81917915417 322565260500 81917915417
45688503549024 44317592240597 52582315283820 44317592240597
78327796711500 44317592240597 12381426344700 44317592240597
44364097420524 44317592240597 -26706961446480 44317592240597
-20499048222863616 23975817402162977 37937231163301680 23975817402162977
-81996012000 81917915417 -58277620800 81917915417
-302995663236 81917915417 204817202100 81917915417
-199059598357200 44317592240597 94073275599660 44317592240597
-183260664686862 44317592240597 36382504273290 44317592240597
-396942116382 81917915417 220168513530 81917915417
-159421059882 81917915417 20650826070 81917915417
-127937013871338 44317592240597 168496877662470 44317592240597
-197720948598138 44317592240597 168015084695010 44317592240597
-95113343836476 44317592240597 159710025211380 44317592240597
-224895666618 81917915417 394283092770 81917915417
-35232811236 81917915417 378931781340 81917915417
-69236300662200 44317592240597 98889144886980 44317592240597
30241795500 81917915417 5299514640 81917915417
-11008817777538 44317592240597 13995948428910 44317592240597
-142899654618 81917915417 -73628932230 81917915417
-42169768601814 44317592240597 142701935791590 44317592240597
-42354145474200 44317592240597 111287899303560 44317592240597
-17617131556038 44317592240597 2591778736890 44317592240597
-120224736317700 44317592240597 10896838220520 44317592240597
-67577898620055600 23975817402162977 12559503129250140 23975817402162977
-29100580413204258 23975817402162977 52822671845230350 23975817402162977
-43107766574621616 23975817402162977 -1079327257606080 23975817402162977
-37608507001241946 23621276664238201 109253886594658470 23621276664238201
17081346336723900 23621276664238201 104827289889883680 23621276664238201
-21181920791287381272 12779110675352866741 41878783420754265720 12779110675352866741
-190133276197788 43662248917261 -68748337072800 43662248917261
-198939185203500 43662248917261 -18497225898900 43662248917261
-247499724215394 43662248917261 14889507127110 43662248917261
-155215331302500 43662248917261 56958369308820 43662248917261
-208328729397894 43662248917261 82488093828210 43662248917261
-107238427479288 43662248917261 74305844836020 43662248917261
-175019133244788 43662248917261 85831471246500 43662248917261
-82734740331894 43662248917261 127900333428210 43662248917261
-25368292314288 43662248917261 44262489228300 43662248917261
1593319893614946 23621276664238201 18040817193802830 23621276664238201
-12206735973363708 23621276664238201 -35064109833575760 23621276664238201
18374835700616346 23621276664238201 -26053559410449690 23621276664238201
-50115073504328154 23621276664238201 -74731889733053490 23621276664238201
-95730742360002708 23621276664238201 -44239504267754460 23621276664238201
-77166689720933862 23621276664238201 -18320428385455770 23621276664238201
-33171070343814441486 12779110675352866741 14723703953377476750 12779110675352866741
-154868481274500 43662248917261 -11794403968200 43662248917261
-191183202785862 44317592240597 -90598345861590 44317592240597
-283374384961500 44317592240597 -44793537194700 44317592240597
-189704860447662 44317592240597 -2093247438030 44317592240597
-254170002616362 44317592240597 53920183329810 44317592240597
-160500478102524 44317592240597 96620473086480 44317592240597
-102272995217862 44317592240597 11727276628410 44317592240597
-183844300500 81917915417 -317265745860 81917915417
-373507155882 81917915417 -301914434430 81917915417
-133274304988524 44317592240597 -75618661043520 44317592240597
-391123561500 81917915417 -112448543760 81917915417
-326743955118 81917915417 -22561926030 81917915417
-100123691569524 44317592240597 -18409631100840 44317592240597
-85111553798712 43662248917261 64905079491000 43662248917261
15978748119894 43662248917261 56722830498810 43662248917261
25368292314288 43662248917261 -44262489228300 43662248917261
-49624012180638 44317592240597 30465630072990 44317592240597
44045512333200 44317592240597 73165919829660 44317592240597
102272995217862 44317592240597 -11727276628410 44317592240597
28704515452200 44317592240597 -83734035706440 44317592240597
-16662549298500 44982771861469 38230980517800 44982771861469
6225205826826 44982771861469 -63719744189850 44982771861469
-87349708914300 44982771861469 -17227433704320 44982771861469
7725737168226 44982771861469 26113760964270 44982771861469
-3731124600 83147452609 -223374208680 83147452609
-118234372914 83147452609 -378911129310 83147452609
-132669551737800 44982771861469 -24662718312120 44982771861469
-194615809075674 44982771861469 -108808192372950 44982771861469
-291200943600 83147452609 -292973401980 83147452609
-225274218372 83147452609 49494117960 83147452609
-212613793686 83147452609 -212860287990 83147452609
-356546848014 83147452609 -10347963570 83147452609
-247302039600 83147452609 -169622253360 83147452609
-155557306863126 44982771861469 77288006395530 44982771861469
-217503564201000 44982771861469 -6857467665300 44982771861469
-51186192523452 44982771861469 82234732038480 44982771861469
-18057003778800 44982771861469 41430452646240 44982771861469
-206707364602452 44982771861469 44581568463180 44982771861469
-111631918519926 44982771861469 87922763131770 44982771861469
-81144000 153692149 -170402400 153692149
-151546759686 83147452609 -60470347770 83147452609
-761827500 153692149 -51120720 153692149
-418423249314 83147452609 218792699370 83147452609
-369846726228 83147452609 31862100060 83147452609
-196601744436300 44982771861469 122024944525680 44982771861469
-258548001774174 44982771861469 37879470464850 44982771861469
-303920001000 83147452609 374329620000 83147452609
-255343477914 83147452609 187399020690 83147452609
-49805773094826 44982771861469 47772921750750 44982771861469
-105373428514452 44982771861469 23313257809380 44982771861469
33121746 153692149 -199204110 153692149
-381511746 153692149 294407190 153692149
-272324579814 83147452609 127880611110 83147452609
-242683053228 83147452609 19642766220 83147452609
24193436400 83147452609 298905813360 83147452609
-24383086686 83147452609 111975214050 83147452609
-314908619382 81917915417 361736234370 81917915417
-221263242228 83147452609 152497738260 83147452609
-168316141014 83147452609 314487538470 83147452609
-216892664100 83147452609 127556939160 83147452609
-75252219249186 44317592240597 35989277582790 44317592240597
-57225971628 83147452609 178427426940 83147452609
-137717115228 83147452609 200785703580 83147452609
-44364097420524 44317592240597 26706961446480 44317592240597
-125914584820500 44982771861469 177483358747800 44982771861469
-187860842158374 44982771861469 93337884686970 44982771861469
-21543470480826 44982771861469 182430084390750 44982771861469
11585718263826 44982771861469 141625804998510 44982771861469
-177064642559826 44982771861469 144776920815450 44982771861469
-81989196477300 44982771861469 188118115484040 44982771861469
-130953430314 83147452609 288391892670 83147452609
-82376907228 83147452609 101461293360 83147452609
43769141646300 44982771861469 1280611265220 44982771861469
-11798513773326 44982771861469 -23179052676150 44982771861469
-226521682128 83147452609 -162313472160 83147452609
-287758629900 83147452609 -86889665520 83147452609
-160594956900 83147452609 -193707150840 83147452609
60948136872 83147452609 -92714278860 83147452609
15145239186 83147452609 -113594036850 83147452609
-128787815142 83147452609 88918287570 83147452609
-37714217568048 44982771861469 -105616839085380 44982771861469
-131289132309174 44982771861469 -59124528599850 44982771861469
-36213686226648 44982771861469 -15783333931260 44982771861469
-116169628113000 44982771861469 -28125778319100 44982771861469
-76746930705648 44982771861469 -25596820186560 44982771861469
-69897640950522 44982771861469 34728354647910 44982771861469
81144000 153692149 -170402400 153692149
-68119529814 83147452609 -85411146870 83147452609
-566417754 153692149 -277830 288353
-476627508 153692149 -926100 288353
-414052671186 83147452609 -257286601530 83147452609
-238312475100 83147452609 -337399715520 83147452609
-211444573914 83147452609 -279586719090 83147452609
-126582852186 83147452609 -15811953570 83147452609
-355589348814 83147452609 -326885794830 83147452609
-891261000 153692149 0 1
-801470754 153692149 -648270 288353
-404165871900 83147452609 -139955195520 83147452609
-168462 288353 -287924490 153692149
-156224378772 83147452609 -124049798460 83147452609
-528555919500 83147452609 -101749680900 83147452609
-352815723414 83147452609 -181862794890 83147452609
-404165871900 83147452609 171118645740 83147452609
-228425675814 83147452609 91005531750 83147452609
-88002723368700 44982771861469 -13500992524320 44982771861469
-189480570243174 44982771861469 36547471392390 44982771861469
-117290479798800 44982771861469 112088125643760 44982771861469
-143570378788326 44982771861469 10958671417050 44982771861469
-259313057644662 44317592240597 -8909564220270 44317592240597
-501688018314 83147452609 -204162912450 83147452609
-91004882963148 44982771861469 -95228699074740 44982771861469
-117284781952674 44982771861469 -196358153301450 44982771861469
-179231039290548 44982771861469 -112212679240620 44982771861469
-40776503348744226 23975817402162977 -19333588428926730 23975817402162977
-304528011228 83147452609 8805173580 83147452609
-1036523754 153692149 -90479970 153692149
-251580910014 83147452609 170794973790 83147452609
-300157433100 83147452609 -16135625520 83147452609
-119632341126186 44317592240597 -40598859391650 44317592240597
-509749254 153692149 -236803770 153692149
-80779954500 83147452609 5067804420 83147452609
-482753021814 83147452609 -220068309510 83147452609
-1005526746 153692149 -267365070 153692149
-541216344186 83147452609 21406338450 83147452609
-205170002100 83147452609 -95925067560 83147452609
-29429806014 83147452609 -15811953570 83147452609
168462 288353 -287924490 153692149
-59071332600 83147452609 -124049798460 83147452609
-590893254 153692149 -168642810 153692149
-325947822228 83147452609 155213248680 83147452609
-277371299142 83147452609 -31717350630 83147452609
-395117674686 83147452609 37881842670 83147452609
-219377478600 83147452609 -42231271320 83147452609
-270727627086 83147452609 310750169310 83147452609
-94987431000 83147452609 230637055320 83147452609
-15812632924326 44982771861469 62039661727050 44982771861469
-45100389354426 44982771861469 187628779895130 44982771861469
-71380288343952 44982771861469 86499325668420 44982771861469
74366912214 83147452609 294844772250 83147452609
25790389128 83147452609 107914172940 83147452609
-10494809514 83147452609 -31717350630 83147452609
19515817314 83147452609 75100134690 83147452609
55431915714 83147452609 -323671950 83147452609
6855392628 83147452609 -187254271260 83147452609
-283388051772 83147452609 -111830464620 83147452609
-156224378772 83147452609 -218647949940 83147452609
-59071332600 83147452609 -218647949940 83147452609
-283388051772 83147452609 48395763360 83147452609
-2669834506500 44982771861469 -41618750632200 44982771861469
-80761049856648 44982771861469 64457429237460 44982771861469
-11965502763648 44982771861469 -80013219657840 44982771861469
-48599516944744542 23975817402162977 51879637579223790 23975817402162977
36178133064958458 23975817402162977 61192749003033690 23975817402162977
22170946903541100 23975817402162977 7290749900197260 23975817402162977
-16306371303310242 23975817402162977 -32972418815782950 23975817402162977
-78144432447749346 23621276664238201 85113214087590990 23621276664238201
-18374835700616346 23621276664238201 26053559410449690 23621276664238201
-43111856457847884672 12779110675352866741 28818679594430759040 12779110675352866741
-169721917471638 44317592240597 -87992358250230 44317592240597
-178659997719462 44317592240597 -36987009009930 44317592240597
-227949400356300 44317592240597 -3099161792160 44317592240597
-134279875842462 44317592240597 39601127964510 44317592240597
-281859997672638 44317592240597 22813748085870 44317592240597
-117067888672938 44317592240597 139937639905350 44317592240597
-142959175477776 44317592240597 40303630473120 44317592240597
-237479875795638 44317592240597 99401885060310 44317592240597
-143810351281800 44317592240597 142102174816980 44317592240597
-63239813446672800 23975817402162977 -26930270997265860 23975817402162977
-77246999608090158 23975817402162977 -80832270100102290 23975817402162977
-110264354769177000 23975817402162977 -35982732425679900 23975817402162977
-122729429371642758 23975817402162977 -65845505028602250 23975817402162977
-117269466325878258 23975817402162977 19267201361800350 23975817402162977
-16062564853831160700 12779110675352866741 -24029101959864436260 12779110675352866741
-40740641704751094414 12779110675352866741 -7532721423137661030 12779110675352866741
-180743732003394 43662248917261 -169733656799910 43662248917261
-189549641009106 43662248917261 -119482545626010 43662248917261
-238110180021000 43662248917261 -86095812600000 43662248917261
-145825787108106 43662248917261 -44026950418290 43662248917261
-165629589050394 43662248917261 -15153848480610 43662248917261
-73345196137500 43662248917261 26915013701100 43662248917261
-15978748119894 43662248917261 -56722830498810 43662248917261
6673063302782100 23621276664238201 -36592240778563680 23621276664238201
-7126992564196554 23621276664238201 -89697167805942270 23621276664238201
-45035330095161000 23621276664238201 -129364947705420000 23621276664238201
-17081346336723900 23621276664238201 -104827289889883680 23621276664238201
-90650998950835554 23621276664238201 -98872562240120970 23621276664238201
-72086946311766708 23621276664238201 -72953486357822280 23621276664238201
-30422929159455011172 12779110675352866741 -14832780409672805160 12779110675352866741
107238427479288 43662248917261 -74305844836020 43662248917261
23393129982138 44317592240597 -34106189739930 44317592240597
-19538945118 81917915417 -135294967710 81917915417
-36060350382 81917915417 -41015209410 81917915417
-5811252363000 44317592240597 -132819910264440 44317592240597
-98002434538638 44317592240597 -87015101597550 44317592240597
-4332910024800 44317592240597 -44314811840880 44317592240597
65474606736 81917915417 -373632266700 81917915417
8052133101138 44317592240597 -191006145276030 44317592240597
-107666843382 81917915417 -452560713570 81917915417
-23108817723138 44317592240597 -62300157913350 44317592240597
-345187899882 81917915417 -253043026110 81917915417
-21954544836462 44317592240597 -19772385306030 44317592240597
-47845831641300 44317592240597 -119406394738260 44317592240597
35232811236 81917915417 -378931781340 81917915417
-7494260925186 44317592240597 -151404965727750 44317592240597
-118369693764 81917915417 -322565260500 81917915417
-79379732128662 44317592240597 -204826669342470 44317592240597
-171570914304300 44317592240597 -159021860675580 44317592240597
-77901389790462 44317592240597 -116321570918910 44317592240597
-215296201764 81917915417 -295641681300 81917915417
-81336300607800 44317592240597 22593038544720 44317592240597
-137871153882 81917915417 -216713234430 81917915417
-279675808146 81917915417 -17195546970 81917915417
10854881567838 44317592240597 -23211770122170 44317592240597
43494174730314 44317592240597 -63412659061290 44317592240597
-6932383230024 44317592240597 108420861883320 44317592240597
60845854478976 44317592240597 -33913437305580 44317592240597
-39571676392500 44317592240597 -17180606569140 44317592240597
121876085830338 44317592240597 -116814616001370 44317592240597
2315274511662 44317592240597 25519683187530 44317592240597
36272047390345116 23975817402162977 -41443785183026520 23975817402162977
22264861228927758 23975817402162977 -95345784285862950 23975817402162977
-10752493932159084 23975817402162977 -50496246611440560 23975817402162977
44001146660958774 23975817402162977 -10020477005116830 23975817402162977
95113343836476 44317592240597 -159710025211380 44317592240597
68558132032614 44317592240597 -106112897234190 44317592240597
-66314139001362 44317592240597 -15016071657510 44317592240597
27355385512476 44317592240597 27684218099160 44317592240597
50753501344476 44317592240597 -191238218064180 44317592240597
-68807309974200 44317592240597 -48903918875280 44317592240597
-103946254520724 44317592240597 -65636749611720 44317592240597
-88147320850386 44317592240597 -123327520938090 44317592240597
8866550440314 44317592240597 -148537928307510 44317592240597
-16939481643821142 23975817402162977 -57880328289436170 23975817402162977
-30946667805238500 23975817402162977 -111782327392272600 23975817402162977
-63964022966325342 23975817402162977 -66932789717850210 23975817402162977
-76429097568791100 23975817402162977 -96795562320772560 23975817402162977
-70969134523026600 23975817402162977 -11682855930369960 23975817402162977
8615511997088773014 12779110675352866741 -40525482496591211490 12779110675352866741
-25695412702069446 23621276664238201 -18872421970929030 23621276664238201
-46328819459053446 23621276664238201 1515901594913370 23621276664238201
-27764766819984600 23621276664238201 27434977477212060 23621276664238201
13086905263599762 23621276664238201 24128443156992930 23621276664238201
-22685023410817446 23621276664238201 -27198080495154450 23621276664238201
-27449020182907638 23621276664238201 -12229350074550 23621276664238201
-53720271788342292 23621276664238201 18049993216996860 23621276664238201
-3794415222466638 23621276664238201 40809247657301970 23621276664238201
-46795524582138566472 12779110675352866741 3561621581987640360 12779110675352866741
-26287113977886801186 12779110675352866741 25021890507605092290 12779110675352866741
-33752944201922253000 12779110675352866741 -3707875014206724900 12779110675352866741
2074630997323814328 12779110675352866741 33782567983321435740 12779110675352866741
-5391199226711637486 12779110675352866741 5052802461509618550 12779110675352866741
-25899609830963402772 12779110675352866741 -16407466464107833380 12779110675352866741
-97502033256894 43662248917261 -95432248168110 43662248917261
-132955719901200 44317592240597 -175491542319660 44317592240597
-225146902076838 44317592240597 -129686733652770 44317592240597
-131477377563000 44317592240597 -86986443896100 44317592240597
-195942519731700 44317592240597 -30973013128260 44317592240597
-44045512333200 44317592240597 -73165919829660 44317592240597
-76214942118 81917915417 -474184778130 81917915417
-265877797500 81917915417 -458833466700 81917915417
-75046822103862 44317592240597 -160511857501590 44317592240597
-283494203118 81917915417 -269367576030 81917915417
-219114596736 81917915417 -179480958300 81917915417
-41896208684862 44317592240597 -103302827558910 44317592240597
-27745105781106 43662248917261 -18732764708910 43662248917261
73345196137500 43662248917261 -26915013701100 43662248917261
82734740331894 43662248917261 -127900333428210 43662248917261
8603470704024 44317592240597 -54427566385080 44317592240597
160500478102524 44317592240597 -96620473086480 44317592240597
86931998336862 44317592240597 -168627232164510 44317592240597
42438892053474 44982771861469 -47936410258590 44982771861469
65326647178800 44982771861469 -149887134966240 44982771861469
-28248267562326 44982771861469 -103394824480710 44982771861469
66827178520200 44982771861469 -60053629812120 44982771861469
105513683814 83147452609 -382648498470 83147452609
-8989564500 83147452609 -538185419100 83147452609
-73568110385826 44982771861469 -110830109088510 44982771861469
-135514367723700 44982771861469 -194975583149340 44982771861469
-181956135186 83147452609 -452247691770 83147452609
-116029409958 83147452609 -109780171830 83147452609
-103368985272 83147452609 -372134577780 83147452609
-121287849858 83147452609 -424591382250 83147452609
-138057231186 83147452609 -328896543150 83147452609
-96455865511152 44982771861469 -8879384380860 44982771861469
-158402122849026 44982771861469 -93024858441690 44982771861469
7915248828522 44982771861469 -3932658737910 44982771861469
-147605923250478 44982771861469 -41585822313210 44982771861469
-52530477167952 44982771861469 1755372355380 44982771861469
436984254 153692149 -788018490 153692149
22350762 153692149 -294407190 153692149
-53834962986 83147452609 -190667968470 83147452609
-24193436400 83147452609 -298905813360 83147452609
242683053228 83147452609 -19642766220 83147452609
194106530142 83147452609 -206573365530 83147452609
79019262 153692149 -736897770 153692149
48022254 153692149 -560012670 153692149
220974431328 83147452609 -169788210480 83147452609
-180998635986 83147452609 -394924324410 83147452609
-447755238 153692149 -590573970 153692149
-212702238 153692149 -788018490 153692149
96584383728 83147452609 -270781082460 83147452609
81144000 153692149 -759216780 153692149
-333489492 153692149 -265605480 153692149
-246344540400 83147452609 -175086243360 83147452609
-216703013814 83147452609 -283324088250 83147452609
-64118754 153692149 -611133390 153692149
-112906295586 83147452609 -35454719790 83147452609
-129962990274138 44317592240597 -19379158615530 44317592240597
-27355385512476 44317592240597 -27684218099160 44317592240597
-47895686118 81917915417 -425313369810 81917915417
-64417091382 81917915417 -331033611510 81917915417
112325331006000 44317592240597 -59373513270540 44317592240597
86434044201162 44317592240597 -159007522702770 44317592240597
143810351281800 44317592240597 -142102174816980 44317592240597
15311459715300 44317592240597 -233431124765580 44317592240597
44735485189500 43662248917261 52209199410480 43662248917261
145825787108106 43662248917261 44026950418290 43662248917261
155215331302500 43662248917261 -56958369308820 43662248917261
72090137427462 44317592240597 -16498339345530 44317592240597
70474007646 81917915417 -102748109310 81917915417
53952602382 81917915417 -8468351010 81917915417
42885755082324 44317592240597 -115212059870040 44317592240597
-49305427093314 44317592240597 -69407251203150 44317592240597
-272791352736 81917915417 -31030277040 81917915417
17211987169524 44317592240597 100336511940840 44317592240597
-8679299635314 44317592240597 702502508610 44317592240597
42154751646 81917915417 -151619517630 81917915417
102794855566662 44317592240597 43127533581930 44317592240597
76903568761824 44317592240597 -56506475850300 44317592240597
134279875842462 44317592240597 -39601127964510 44317592240597
5780984275962 44317592240597 -130930077913110 44317592240597
-40482435267288 43662248917261 -110317319091000 43662248917261
-5279769259824654 23621276664238201 -66875036417826210 23621276664238201
-50895438115499208 23621276664238201 -36382650952527180 23621276664238201
3794415222466638 23621276664238201 -40809247657301970 23621276664238201
37807853049162 44317592240597 44286154139430 44317592240597
131477377563000 44317592240597 86986443896100 44317592240597
189704860447662 44317592240597 2093247438030 44317592240597
116136380682000 44317592240597 -69913511640000 44317592240597
72081614096100 44982771861469 52258942093680 44982771861469
94969369221426 44982771861469 -49691782613970 44982771861469
1394454480300 44982771861469 -3199472128440 44982771861469
96469900562826 44982771861469 40141722540150 44982771861469
-72371210814 83147452609 -81839734830 83147452609
-6444485586 83147452609 260627785110 83147452609
6215939100 83147452609 -1726620840 83147452609
166522085100 83147452609 174690057780 83147452609
115460747514 83147452609 -161000910630 83147452609
-77048829900 83147452609 -145419185520 83147452609
-24706214971200 44317592240597 124626630402540 44317592240597
77901389790462 44317592240597 116321570918910 44317592240597
-79806139049700 44317592240597 -100886524768260 44317592240597
-88744219297524 44317592240597 -49881175527960 44317592240597
-138033621934362 44317592240597 -15993328310190 44317592240597
-98274694736862 44317592240597 52619871324510 44317592240597
4332910024800 44317592240597 44314811840880 44317592240597
-97970431904226 44982771861469 -129975227694270 44982771861469
-191545346645352 44982771861469 -83482917208740 44982771861469
-96469900562826 44982771861469 -40141722540150 44982771861469
-161902624602726 44982771861469 16712435143530 44982771861469
-66827178520200 44982771861469 60053629812120 44982771861469
-7725737168226 44982771861469 -26113760964270 44982771861469
-90447735193200 45657935416613 -70961798310480 45657935416613
-79955941886352 44982771861469 -12342444387840 44982771861469
-76047363000 84395444393 -18411794100 84395444393
119770862778 84395444393 -9130882950 84395444393
3548991600 84395444393 -167002316460 84395444393
36213686226648 44982771861469 15783333931260 44982771861469
2856030287796 45657935416613 13607699988960 45657935416613
-60020002019502 45657935416613 -71800745539950 45657935416613
45917658126396 45657935416613 -66779772607800 45657935416613
219377478600 83147452609 -42231271320 83147452609
73588524414300 44982771861469 97970381265960 44982771861469
11642267076426 44982771861469 13824907205130 44982771861469
352815723414 83147452609 -181862794890 83147452609
245167867728 83147452609 -150145444260 83147452609
-28956942 155998973 -220133970 155998973
424451916 155998973 20929860 11999921
-9238068 11999921 -170031960 155998973
118486116 155998973 -370440000 155998973
309224841156 84395444393 -1390816980 84395444393
-24887162865726 44982771861469 -33805789201170 44982771861469
1392736123800 44982771861469 -134935243427880 44982771861469
-14643329759226 44982771861469 -193491917513370 44982771861469
73582826568174 44982771861469 -210475897679250 44982771861469
238312475100 83147452609 -337399715520 83147452609
130664619414 83147452609 -305682364890 83147452609
-243784800 155998973 -511948080 155998973
-136211870214 83147452609 -26419317750 83147452609
-87635347128 83147452609 -213349917060 83147452609
89701801686 83147452609 -229630292010 83147452609
534139200 155998973 -180959940 155998973
-68119529814 83147452609 -257286601530 83147452609
156347994600 84395444393 -201948885180 84395444393
81989196477300 44982771861469 -188118115484040 44982771861469
-42544968914574 44982771861469 -45096567023970 44982771861469
52530477167952 44982771861469 -1755372355380 44982771861469
111631918519926 44982771861469 -87922763131770 44982771861469
26087316446898 45657935416613 -89873241975090 45657935416613
-36788715860400 45657935416613 -175281687504000 45657935416613
69148944285498 45657935416613 -170260714571850 45657935416613
-129258277205400 44982771861469 -38752514844120 44982771861469
-102978378215874 44982771861469 -139881969070830 44982771861469
-119014444098900 44982771861469 -198438643156320 44982771861469
-30788287771500 44982771861469 -215422623322200 44982771861469
-116115478787574 44982771861469 64905897515130 44982771861469
-89835579798048 44982771861469 -36223556711580 44982771861469
-149327854956 84395444393 -367560384660 84395444393
-72195051061098 45657935416613 -12102986322630 45657935416613
17144338413648600 24335679577054729 -32005061201642760 24335679577054729
24254592357692466 24335679577054729 24074139884711490 24335679577054729
-9258332862097368 24335679577054729 -21448561582197540 24335679577054729
81996012000 81917915417 -58277620800 81917915417
63035928369162 44317592240597 -59914913460570 44317592240597
-8086656116700 44317592240597 14508688602240 44317592240597
17804630688138 44317592240597 -85125320829990 44317592240597
-405987246 153692149 -611133390 153692149
-81144000 153692149 -759216780 153692149
-114265746 153692149 28801710 153692149
-9742557220326 44982771861469 -15223436560710 44982771861469
-71688814558200 44982771861469 -99368910621540 44982771861469
-179252392910976 44317592240597 -99909268115580 44317592240597
-153361106106138 44317592240597 -199543277547810 44317592240597
-50753501344476 44317592240597 -191238218064180 44317592240597
-65409423589301274 23975817402162977 -46927482367929030 23975817402162977
-761827500 153692149 -639935100 153692149
-436984254 153692149 -788018490 153692149
-234811528686 83147452609 -235326362670 83147452609
-33121746 153692149 -199204110 153692149
-243784800 155998973 -189480060 155998973
-262334142 155998973 -291814110 155998973
-353472084 155998973 -642528180 155998973
-23753142 155998973 -792834210 155998973
-882000 288353 -555660 288353
-453408858 155998973 -209205990 155998973
-490418044578 84395444393 -248467906890 84395444393
-759374658 155998973 -733934250 155998973
-874265742 155998973 -592426170 155998973
-635684742 155998973 -792834210 155998973
-274344284844 84395444393 -142678485180 84395444393
-180408334944726 44982771861469 -71458952776470 44982771861469
-154128435955200 44982771861469 -172588407003180 44982771861469
-170164501838226 44982771861469 -231145081088670 44982771861469
-81938345510826 44982771861469 -248129061254550 44982771861469
-250374977396838 44317592240597 -25485666052770 44317592240597
-224483690592000 44317592240597 -125119675485000 44317592240597
-121876085830338 44317592240597 -116814616001370 44317592240597
-103886741796152616 23975817402162977 -6664313651948820 23975817402162977
-116668863486 83147452609 75100134690 83147452609
-243832536486 83147452609 -31717350630 83147452609
-423681689214 83147452609 -96018511050 83147452609
-436342113900 83147452609 -47299075740 83147452609
-39507790662900 44982771861469 -18881530727220 44982771861469
-55652748675174 44982771861469 -40812236536050 44982771861469
2536316272179900 23975817402162977 -39537399864768120 23975817402162977
-35941001934671442 23975817402162977 725768851212090 23975817402162977
-21933815773254084 23975817402162977 -53176230251624340 23975817402162977
-1828386 288353 -833490 288353
-106722 22181 -92610 22181
-983953026 155998973 -139378050 155998973
-353472084 155998973 -359512020 155998973
-336924 288353 -555660 288353
-206029026 155998973 -792834210 155998973
-946386 288353 -1574370 288353
-106722 22181 -648270 288353
-305965800 155998973 -359512020 155998973
-357754963986 83147452609 -406675236870 83147452609
-495777492 153692149 -30561300 153692149
-205381722672 83147452609 28124730900 83147452609
-184669496172 83147452609 31754302020 83147452609
-201438877500 83147452609 127449141120 83147452609
-78327796711500 44317592240597 -12381426344700 44317592240597
-300915681444 84395444393 258552117180 84395444393
-417137552622 84395444393 100680683670 84395444393
-105097455666 84395444393 267833028330 84395444393
-396882018666 84395444393 197189194230 84395444393
-745372026 155998973 -339786090 155998973
-75288402 11999921 13243230 11999921
-26789868 11999921 -47971980 155998973
-414052671186 83147452609 -85411146870 83147452609
-107532179056638 44317592240597 -111095146869210 44317592240597
-403499228958 83147452609 -179379365130 83147452609
-112298285358 83147452609 -260267161770 83147452609
-304807862772 83147452609 -244685436660 83147452609
-146101779491976 44317592240597 71717718544920 44317592240597
-43494174730314 44317592240597 63412659061290 44317592240597
-19214697222 84395444393 -8824714290 6491957261
-11585718263826 44982771861469 -141625804998510 44982771861469
-136119883655700 44982771861469 1395743461560 44982771861469
18057003778800 44982771861469 -41430452646240 44982771861469
-68892099828804 45657935416613 -42683110694280 45657935416613
-131768132136102 45657935416613 -128091556223190 45657935416613
-25830471990204 45657935416613 -123070583291040 45657935416613
-222833191946526 44982771861469 7739795641410 44982771861469
-196553292957000 44982771861469 -93389658585300 44982771861469
-212589358840026 44982771861469 -151946332670790 44982771861469
-124363202512626 44982771861469 -168930312836670 44982771861469
-209690393528700 44982771861469 111398208000660 44982771861469
-183410494539174 44982771861469 10268753773950 44982771861469
-549758865222 84395444393 -3368873970 84395444393
-324890546778 84395444393 -280332785250 84395444393
-167174467336800 45657935416613 35087144958180 45657935416613
-33479690461300566 24335679577054729 -6852721228971030 24335679577054729
-26369436517256700 24335679577054729 49226479857383220 24335679577054729
-59882361737046534 24335679577054729 3703778390474190 24335679577054729
-189344746045476 44317592240597 57415512643020 44317592240597
-163453459240638 44317592240597 -42218496789210 44317592240597
-60845854478976 44317592240597 -33913437305580 44317592240597
-70869386635065774 23975817402162977 38185224022473570 23975817402162977
-2165615172 83147452609 230637055320 83147452609
-129329288172 83147452609 123819570000 83147452609
-321838865586 83147452609 108237844890 83147452609
22438466674974 44982771861469 65263943333610 44982771861469
6293508662700 44982771861469 43333237524780 44982771861469
35553671433266742 23975817402162977 5312137809654270 23975817402162977
-2923646773584600 23975817402162977 45575306525634480 23975817402162977
11083539387832758 23975817402162977 -8326692577201950 23975817402162977
131272629642 83147452609 91005531750 83147452609
4108956642 83147452609 -15811953570 83147452609
120777820128 83147452609 -251138316240 83147452609
-253746525186 83147452609 59842081530 83147452609
-205170002100 83147452609 -127088517780 83147452609
-262334142 155998973 291814110 155998973
-114891084 155998973 -559920060 155998973
67384800 155998973 -559920060 155998973
305965800 155998973 -359512020 155998973
191074716 155998973 82608120 155998973
60381657378 84395444393 -263311808130 84395444393
-115181034444 84395444393 -176084208720 84395444393
182967775956 84395444393 -103899529440 84395444393
66745904778 84395444393 -261770962950 84395444393
69897640950522 44982771861469 -34728354647910 44982771861469
-61236807190902 45657935416613 40108117890330 45657935416613
22985082396463068 24335679577054729 -4176542656135080 24335679577054729
30095336340506934 24335679577054729 51902658430219170 24335679577054729
-3417588879282900 24335679577054729 6379956963310140 24335679577054729
28548559876565484 23975817402162977 -49937795977825980 23975817402162977
-9928758330285858 23975817402162977 -9674627261845770 23975817402162977
4078427831131500 23975817402162977 -63576626364682200 23975817402162977
11965502763648 44982771861469 -80013219657840 44982771861469
-65941118562220398 24335679577054729 -7752428127815490 24335679577054729
-99454043782010232 24335679577054729 -53275129594724520 24335679577054729
-42989270924246598 24335679577054729 -50598951021888570 24335679577054729
-24584449610220659712 12970917214570170557 9829525590199284480 12970917214570170557
96926508000 81917915417 26923579200 81917915417
69597585414 83147452609 84211106490 83147452609
-103368985272 83147452609 -1726620840 83147452609
72371210814 83147452609 -81839734830 83147452609
128760625728 83147452609 -76052072880 83147452609
-22224854736 81917915417 -126826616700 81917915417
25633346382 81917915417 -310992992730 81917915417
215296201764 81917915417 -295641681300 81917915417
6215939100 83147452609 -372134577780 83147452609
181956135186 83147452609 -452247691770 83147452609
291200943600 83147452609 -292973401980 83147452609
83315685978 84395444393 -293785869510 84395444393
142239258 155998973 161234010 155998973
471958200 155998973 10927980 155998973
46660710600 84395444393 -251099234820 84395444393
-5350858506 6491957261 -93227801310 84395444393
453408858 155998973 -209205990 155998973
23753142 155998973 -792834210 155998973
882000 288353 -555660 288353
8835876 3804853 141508080 155998973
104076 288353 -926100 288353
262334142 155998973 -291814110 155998973
-54851094900 83147452609 59518409580 83147452609
-6274571814 83147452609 -127412189730 83147452609
501103008 153692149 -119281680 153692149
97522146414 83147452609 -375281558190 83147452609
260601917814 83147452609 -406675236870 83147452609
-129854213118 81917915417 -283745648970 81917915417
-81996012000 81917915417 -467912025000 81917915417
107666843382 81917915417 -452560713570 81917915417
-56668500 153692149 -442490580 153692149
15145239186 83147452609 -260267161770 83147452609
114265746 153692149 -28801710 153692149
-228425675814 83147452609 -251231759730 83147452609
-94987431000 83147452609 -390863283300 83147452609
68092340400 83147452609 -422256961980 83147452609
142899654618 81917915417 -73628932230 81917915417
95984799025500 44317592240597 -68219972944200 44317592240597
24862214539638 44317592240597 6203629118610 44317592240597
50753501344476 44317592240597 -93430380313620 44317592240597
-166750631586 83147452609 -458072305110 83147452609
8989564500 83147452609 -538185419100 83147452609
118234372914 83147452609 -378911129310 83147452609
-92247005844 84395444393 -381013468920 84395444393
-506791026 155998973 -161234010 155998973
-200825226 155998973 -803762190 155998973
-286888998186 83147452609 -181632566430 83147452609
-238312475100 83147452609 -368563165740 83147452609
14865387642 83147452609 -6776551530 83147452609
-112298285358 83147452609 -113594036850 83147452609
-177644189772 83147452609 -22358276640 83147452609
-129067666686 83147452609 -209288875950 83147452609
-6364247400 84395444393 1540845180 84395444393
-181926939222 84395444393 -85686754230 84395444393
-3548991600 84395444393 -167002316460 84395444393
-81847554409152 44982771861469 -76669790285340 44982771861469
-66745904778 84395444393 -261770962950 84395444393
6932383230024 44317592240597 -108420861883320 44317592240597
-2165615172 83147452609 -390863283300 83147452609
-194675192586 83147452609 -375281558190 83147452609
48809156766174 44982771861469 -288933340646790 44982771861469
131272629642 83147452609 -251231759730 83147452609
8835876 3804853 -442120140 155998973
338517774 155998973 -934342290 155998973
2503998 11999921 -76403250 11999921
214827858 155998973 -76403250 11999921
262734470334 84395444393 -356888656530 84395444393
324890546778 84395444393 -280332785250 84395444393
-29050092666 84395444393 -286244822430 84395444393
149327854956 84395444393 -367560384660 84395444393
80761049856648 44982771861469 -64457429237460 44982771861469
-49666530513852 44982771861469 -157157170179660 44982771861469
-505386 288353 -1944810 288353
-168462 288353 -1944810 288353
-946386 288353 -1018710 288353
-67384800 155998973 -559920060 155998973
-230591290986 83147452609 -513492722190 83147452609
-260724492 153692149 -228005820 153692149
176259762 153692149 -719857530 153692149
-78218049672 83147452609 -78692754420 83147452609
448205058 155998973 -220133970 155998973
-210577500 153692149 -514170720 153692149
-128901981222 84395444393 -41145789510 84395444393
-245123852400 84395444393 -199017223020 84395444393
-67511519586 83147452609 108237844890 83147452609
-18934996500 83147452609 -78692754420 83147452609
146512599156 84395444393 -180455400720 84395444393
22523559930522 44982771861469 -120642392525130 44982771861469
30997008 153692149 -514170720 153692149
-29641526586 83147452609 -482099043510 83147452609
133438244814 83147452609 -513492722190 83147452609
-355840254 153692149 -719857530 153692149
168462 288353 -1944810 288353
-48498534 11999921 -481294170 155998973
-214827858 155998973 -76403250 11999921
30290727978 84395444393 -338326834230 84395444393
-39422697407352 44982771861469 -204787866585960 44982771861469
59071332600 83147452609 -218647949940 83147452609
-13137100571700 44982771861469 2528958132540 44982771861469
-75083357909574 44982771861469 -81616515928290 44982771861469
-302995663236 81917915417 -204817202100 81917915417
-255137462118 81917915417 -388983578130 81917915417
-65474606736 81917915417 -373632266700 81917915417
-381511746 153692149 -294407190 153692149
-160594956900 83147452609 -180154047780 83147452609
-404165871900 83147452609 -171118645740 83147452609
-770473746 153692149 -226246230 153692149
-270727627086 83147452609 -310750169310 83147452609
-107647855686 83147452609 -342143847990 83147452609
-30241795500 81917915417 5299514640 81917915417
2315274511662 44317592240597 -25519683187530 44317592240597
-68807309974200 44317592240597 48903918875280 44317592240597
-42916023169362 44317592240597 -50730090556950 44317592240597
22350762 153692149 294407190 153692149
-212702238 153692149 96962670 153692149
-333489492 153692149 265605480 153692149
-243699246 153692149 -79922430 153692149
118486116 155998973 -330988140 155998973
-106722 22181 -92610 288353
-745372026 155998973 -361642050 155998973
142239258 155998973 -161234010 155998973
104076 288353 -370440 288353
-506791026 155998973 161234010 155998973
-721618884 155998973 -130580100 155998973
-19014898644 84395444393 -148590522360 84395444393
-65702596396878 44982771861469 -103658412359250 44982771861469
10494809514 83147452609 -31717350630 83147452609
-39416999561226 44982771861469 103658412359250 44982771861469
-101363256899100 44982771861469 19512938298420 44982771861469
159421059882 81917915417 20650826070 81917915417
104922879273324 44317592240597 -17214623703900 44317592240597
33800294787462 44317592240597 57208978358910 44317592240597
59691581592300 44317592240597 -42425031073320 44317592240597
-260724492 153692149 -463050000 153692149
64118754 153692149 -611133390 153692149
32773090883148 44982771861469 28117758107880 44982771861469
-29173166454726 44982771861469 -56027715952950 44982771861469
-137365442006814 44317592240597 -57208978358910 44317592240597
-111474155201976 44317592240597 -156842987791140 44317592240597
-8866550440314 44317592240597 -148537928307510 44317592240597
-42748583150149632 23975817402162977 -23826625609570560 23975817402162977
-281253879900 83147452609 -302535384480 83147452609
-105513683814 83147452609 -382648498470 83147452609
3731124600 83147452609 -223374208680 83147452609
-208468877022 84395444393 -223142035410 84395444393
-721618884 155998973 130580100 155998973
-401392246500 83147452609 -26095645800 83147452609
-352815723414 83147452609 -213026245110 83147452609
-99637860672 83147452609 148760369100 83147452609
-226801533672 83147452609 41942883780 83147452609
-292147438086 83147452609 133178643990 83147452609
-243570915000 83147452609 -53751955320 83147452609
-122586118578 84395444393 159412278690 84395444393
-298148810400 84395444393 72184679280 84395444393
-119770862778 84395444393 -9130882950 84395444393
-189704003201874 44982771861469 33064483750830 44982771861469
-143793811747026 44982771861469 7475683775490 44982771861469
-176561204784048 44982771861469 -70593928608420 44982771861469
-182967775956 84395444393 -103899529440 84395444393
-97733866986 83147452609 59842081530 83147452609
-191074716 155998973 82608120 155998973
-55431915714 83147452609 323671950 83147452609
-168462 288353 232914150 155998973
-520793658 155998973 -648270 288353
-404165871900 83147452609 139955195520 83147452609
-355589348814 83147452609 -46975403790 83147452609
-611931600 155998973 0 1
29429806014 83147452609 -15811953570 83147452609
-78218049672 83147452609 15905397060 83147452609
73328710014 83147452609 234698096430 83147452609
-53834962986 83147452609 127880611110 83147452609
-119180867400 83147452609 219116371320 83147452609
-70604344314 83147452609 32185772010 83147452609
26789868 11999921 -47971980 155998973
114891084 155998973 -559920060 155998973
353472084 155998973 -359512020 155998973
262334142 155998973 291814110 155998973
-21708666 11999921 -277830 288353
205170002100 83147452609 -95925067560 83147452609
97522146414 83147452609 -64207716930 83147452609
-272324579814 83147452609 -190667968470 83147452609
-96584383728 83147452609 -270781082460 83147452609
-94987431000 83147452609 -79789442040 83147452609
73232107200 84395444393 150131367540 84395444393
-102330584622 84395444393 62903768130 84395444393
76047363000 84395444393 -18411794100 84395444393
32181023895300 44982771861469 -80487379894320 44982771861469
-19014898644 84395444393 148590522360 84395444393
159363048978 84395444393 67274960130 84395444393
-16199642844 84395444393 -19952639280 84395444393
76746930705648 44982771861469 -25596820186560 44982771861469
-54284713837200 45657935416613 -101338736249520 45657935416613
1853134576913466 24335679577054729 -14615836142654250 24335679577054729
26690548153986234 24335679577054729 -28459376929313190 24335679577054729
33800802098030100 24335679577054729 -84538578015667440 24335679577054729
287876878240266 24335679577054729 -39015876548758410 24335679577054729
-38571232532238000 23975817402162977 62373365470080000 23975817402162977
16939481643821142 23975817402162977 57880328289436170 23975817402162977
32199231316047642 23975817402162977 17784477791053470 23975817402162977
63239813446672800 23975817402162977 26930270997265860 23975817402162977
-6278086890803700 23975817402162977 -22478690924926740 23975817402162977
-91782761566404258 23975817402162977 45936822363670350 23975817402162977
-36272047390345116 23975817402162977 41443785183026520 23975817402162977
-76260653563752 44982771861469 -23653149845220 44982771861469
-180408334944726 44982771861469 -15223436560710 44982771861469
-6293508662700 44982771861469 43333237524780 44982771861469
91004882963148 44982771861469 95228699074740 44982771861469
-108218244500352 44982771861469 60317217690660 44982771861469
55652748675174 44982771861469 -40812236536050 44982771861469
-65702596396878 44982771861469 103658412359250 44982771861469
-62235652804697232 24335679577054729 -24883491457632780 24335679577054729
-95748578024487066 24335679577054729 20639210009276250 24335679577054729
-39283805166723432 24335679577054729 17963031436440300 24335679577054729
-7060340590556652000 12970917214570170557 -10953693669386376720 12970917214570170557
-35847777798040597578 12970917214570170557 -19845863489953997370 12970917214570170557
-22609436361460812234 12970917214570170557 -27224470729243212390 12970917214570170557
-61362916640747946 23621276664238201 41018837483338470 23621276664238201
-6673063302782100 23621276664238201 36592240778563680 23621276664238201
-1593319893614946 23621276664238201 -18040817193802830 23621276664238201
-34033056406260127272 12779110675352866741 4963621851530145720 12779110675352866741
-138236897195838 44317592240597 -170721019796670 44317592240597
-147174977443662 44317592240597 -119715670556370 44317592240597
-196464380080500 44317592240597 -85827823338600 44317592240597
-102794855566662 44317592240597 -43127533581930 44317592240597
-250374977396838 44317592240597 -59914913460570 44317592240597
-205994855519838 44317592240597 16673223513870 44317592240597
-112325331006000 44317592240597 59373513270540 44317592240597
-79989134926176 44317592240597 -125153692619760 44317592240597
-60213603638882358 23975817402162977 -125588475996726330 23975817402162977
-93230958799969200 23975817402162977 -80738938322303940 23975817402162977
-36178133064958458 23975817402162977 -61192749003033690 23975817402162977
-105696033402434958 23975817402162977 -110601710925226290 23975817402162977
-100236070356670458 23975817402162977 -25489004534823690 23975817402162977
-6983764802243403300 12779110675352866741 -47884159702765049580 12779110675352866741
-31661841653163337014 12779110675352866741 -31387779166038274350 12779110675352866741
-2074630997323814328 12779110675352866741 -33782567983321435740 12779110675352866741
-52654028798700 44317592240597 -227929998155580 44317592240597
-61592109046524 44317592240597 -176924648915280 44317592240597
-110881511683362 44317592240597 -143036801697510 44317592240597
-17211987169524 44317592240597 -100336511940840 44317592240597
117067888672938 44317592240597 -139937639905350 44317592240597
-11431002893562 44317592240597 -231266589853950 44317592240597
-80653059925200 44317592240597 28077444789660 44317592240597
21954544836462 44317592240597 19772385306030 44317592240597
-52947101214 83147452609 -161989800210 83147452609
107647855686 83147452609 -342143847990 83147452609
251580910014 83147452609 -170794973790 83147452609
168316141014 83147452609 -314487538470 83147452609
56297707200 83147452609 -321264090000 83147452609
-68092340400 83147452609 -422256961980 83147452609
-2165615172 83147452609 -79789442040 83147452609
-54851094900 83147452609 -219744637560 83147452609
-133438244814 83147452609 -513492722190 83147452609
-357754963986 83147452609 -246449008890 83147452609
-120777820128 83147452609 -251138316240 83147452609
-74366912214 83147452609 -294844772250 83147452609
-315453012714 83147452609 -466193646450 83147452609
-418423249314 83147452609 -60470347770 83147452609
-136211870214 83147452609 -305682364890 83147452609
-260601917814 83147452609 -406675236870 83147452609
-194675192586 83147452609 -64207716930 83147452609
-18934996500 83147452609 15905397060 83147452609
-247941493128 83147452609 -295168444200 83147452609
91234013767974 44982771861469 -209734592228910 44982771861469
124363202512626 44982771861469 -168930312836670 44982771861469
-64287158311026 44982771861469 -172081428653610 44982771861469
30788287771500 44982771861469 -215422623322200 44982771861469
45100389354426 44982771861469 -187628779895130 44982771861469
-85327191016074 44982771861469 -280328520837330 44982771861469
117290479798800 44982771861469 -112088125643760 44982771861469
-81932647664700 44982771861469 -146999607027840 44982771861469
81938345510826 44982771861469 -248129061254550 44982771861469
-39416999561226 44982771861469 -103658412359250 44982771861469
-168658272650700 44982771861469 -167134703010660 44982771861469
-73582826568174 44982771861469 -210475897679250 44982771861469
-101363256899100 44982771861469 -19512938298420 44982771861469
-6287810816574 44982771861469 -62854132967010 44982771861469
-55125398860653366 24335679577054729 -80962692543987030 24335679577054729
-88638324080443200 24335679577054729 -35439991077078000 24335679577054729
-32173551222679566 24335679577054729 -38116169649913950 24335679577054729
-3270575238381271422 12970917214570170557 -40843907848413191970 12970917214570170557
-32058012445865217000 12970917214570170557 -49736077668980812620 12970917214570170557
-18819671009285431656 12970917214570170557 -57114684908270027640 12970917214570170557
21377980172967212214 12779110675352866741 -39123482227048706130 12779110675352866741
-3300096677952721500 12779110675352866741 -22627101690321930900 12779110675352866741
26287113977886801186 12779110675352866741 -25021890507605092290 12779110675352866741
29100580413204258 23975817402162977 -52822671845230350 23975817402162977
-45573307136954100 23975817402162977 -46778567420236680 23975817402162977
-26730619561463958 23975817402162977 -20470462256402550 23975817402162977
6186987711662058 23975817402162977 7384081677995610 23975817402162977
19569712241387700 23975817402162977 -51420519548572860 23975817402162977
-35941001934671442 23975817402162977 -46927482367929030 23975817402162977
-9574445853947935044 12970917214570170557 6171329118290225400 12970917214570170557
3663895582631850300 12970917214570170557 -1207278120998989620 12970917214570170557
7453660934807230878 12970917214570170557 -31097492300025804870 12970917214570170557
-10408728207340750644 12970917214570170557 -6833892418163291880 12970917214570170557
-11461284450198104476878 6913498875365900906881 -3540283456232680923150 6913498875365900906881
-79653430084788 43662248917261 -177915905792100 43662248917261
-137019878102394 43662248917261 -94278061592190 43662248917261
-44735485189500 43662248917261 -52209199410480 43662248917261
3241418633712 43662248917261 -34861723883280 43662248917261
-64539287131788 43662248917261 -23336097472800 43662248917261
27745105781106 43662248917261 18732764708910 43662248917261
85111553798712 43662248917261 -64905079491000 43662248917261
61362916640747946 23621276664238201 -41018837483338470 23621276664238201
47562860773769292 23621276664238201 -94123764510717060 23621276664238201
78144432447749346 23621276664238201 -85113214087590990 23621276664238201
9654523242804846 23621276664238201 -133791544410194790 23621276664238201
37608507001241946 23621276664238201 -109253886594658470 23621276664238201
-35961145612869708 23621276664238201 -103299158944895760 23621276664238201
-17397092973800862 23621276664238201 -77380083062597070 23621276664238201
-835718503615488486 12779110675352866741 -17227569226955966550 12779110675352866741
198939185203500 43662248917261 18497225898900 43662248917261
208328729397894 43662248917261 -82488093828210 43662248917261
126000734743800 44317592240597 -42411249223560 44317592240597
170123910264 81917915417 -150646279140 81917915417
96796352398662 44317592240597 -141124969748070 44317592240597
4605170223024 44317592240597 -95320161081180 44317592240597
98274694736862 44317592240597 -52619871324510 44317592240597
255137462118 81917915417 -388983578130 81917915417
396942116382 81917915417 -220168513530 81917915417
314908619382 81917915417 -361736234370 81917915417
110659737862800 44317592240597 -199311204759660 44317592240597
81996012000 81917915417 -467912025000 81917915417
79498787038524 44317592240597 -70605217396980 44317592240597
80653059925200 44317592240597 -28077444789660 44317592240597
54761773120362 44317592240597 -127711454221890 44317592240597
224895666618 81917915417 -394283092770 81917915417
71293161618 81917915417 -337916571930 81917915417
23227872633000 44317592240597 -213131728826100 44317592240597
-68963309542638 44317592240597 -167326920159210 44317592240597
24706214971200 44317592240597 -124626630402540 44317592240597
-25633346382 81917915417 -310992992730 81917915417
21271304153862 44317592240597 14287979061090 44317592240597
51791701500 81917915417 -232064545860 81917915417
113462486329500 44317592240597 -31516829605800 44317592240597
146101779491976 44317592240597 -71717718544920 44317592240597
163453459240638 44317592240597 -42218496789210 44317592240597
259313057644662 44317592240597 8909564220270 44317592240597
63035928369162 44317592240597 -25485666052770 44317592240597
224483690592000 44317592240597 -125119675485000 44317592240597
104922879273324 44317592240597 17214623703900 44317592240597
91782761566404258 23975817402162977 -45936822363670350 23975817402162977
77775575404986900 23975817402162977 -99838821466506780 23975817402162977
44758220243900058 23975817402162977 -54989283792084390 23975817402162977
99511860837017916 23975817402162977 -14513514185760660 23975817402162977
197720948598138 44317592240597 -168015084695010 44317592240597
171165736794276 44317592240597 -114417956717820 44317592240597
36293465760300 44317592240597 -23321131141140 44317592240597
129962990274138 44317592240597 19379158615530 44317592240597
162299186353962 44317592240597 -165148047274770 44317592240597
153361106106138 44317592240597 -199543277547810 44317592240597
33800294787462 44317592240597 -57208978358910 44317592240597
-1338649759062 44317592240597 -73941809095350 44317592240597
111474155201976 44317592240597 -156842987791140 44317592240597
38571232532238000 23975817402162977 -62373365470080000 23975817402162977
24564046370820642 23975817402162977 -116275364572916430 23975817402162977
-8453308790266200 23975817402162977 -71425826898494040 23975817402162977
48599516944744542 23975817402162977 -51879637579223790 23975817402162977
-20918383392731958 23975817402162977 -101288599501416390 23975817402162977
-15458420346967458 23975817402162977 -16175893111013790 23975817402162977
38202722652928295700 12779110675352866741 -42920271313874372880 12779110675352866741
43111856457847884672 12779110675352866741 -28818679594430759040 12779110675352866741
28994440635896400 23621276664238201 -23299018675703820 23621276664238201
8361033878912400 23621276664238201 -2910695109861420 23621276664238201
26925086517981246 23621276664238201 23008380772437270 23621276664238201
67776758601565608 23621276664238201 19701846452218140 23621276664238201
32004829927148400 23621276664238201 -31624677199929240 23621276664238201
969581549623554 23621276664238201 13623396512222070 23621276664238201
50895438115499208 23621276664238201 36382650952527180 23621276664238201
-17208313926299043786 12779110675352866741 1166832764704478970 12779110675352866741
3300096677952721500 12779110675352866741 22627101690321930900 12779110675352866741
-4165733546082730314 12779110675352866741 -6102663831489886290 12779110675352866741
16062564853831160700 12779110675352866741 24029101959864436260 12779110675352866741
31661841653163337014 12779110675352866741 31387779166038274350 12779110675352866741
24196011429127885200 12779110675352866741 2658013644226457160 12779110675352866741
40740641704751094414 12779110675352866741 7532721423137661030 12779110675352866741
3687600824876119914 12779110675352866741 -18802255281390994770 12779110675352866741
189549641009106 43662248917261 119482545626010 43662248917261
116470259304462 44317592240597 60089797628910 44317592240597
152507504646 81917915417 38819611530 81917915417
87265876959324 44317592240597 -38623922895600 44317592240597
-4925305216314 44317592240597 7180885771290 44317592240597
88744219297524 44317592240597 49881175527960 44317592240597
61592109046524 44317592240597 176924648915280 44317592240597
35700822241686 44317592240597 77290639483050 44317592240597
-108724358736 81917915417 252105164640 81917915417
64417091382 81917915417 331033611510 81917915417
124188248646 81917915417 -10051796790 81917915417
147174977443662 44317592240597 119715670556370 44317592240597
121283690638824 44317592240597 20081661124140 44317592240597
178659997719462 44317592240597 36987009009930 44317592240597
50161106152962 44317592240597 -54341940938670 44317592240597
27449020182907638 23621276664238201 12229350074550 23621276664238201
-119464694118 81917915417 -227379128130 81917915417
-227094052500 81917915417 -70460095860 81917915417
-53952602382 81917915417 8468351010 81917915417
36060350382 81917915417 41015209410 81917915417
140201929728 83147452609 -52025334480 83147452609
201438877500 83147452609 -127449141120 83147452609
137717115228 83147452609 -200785703580 83147452609
-8984768480352 44982771861469 -10340455306860 44982771861469
-206978675400 83147452609 -91957469940 83147452609
-265441997772 83147452609 149517178020 83147452609
-89701801686 83147452609 229630292010 83147452609
70604344314 83147452609 32185772010 83147452609
243699246 153692149 -79922430 153692149
509749254 153692149 236803770 153692149
-372865500 153692149 411929280 153692149
-48022254 153692149 560012670 153692149
-37682964900 83147452609 248783429160 83147452609
138057231186 83147452609 328896543150 83147452609
247302039600 83147452609 169622253360 83147452609
20657953562274 44982771861469 89854897045410 44982771861469
243570915000 83147452609 -53751955320 83147452609
129067666686 83147452609 -209288875950 83147452609
1120851685800 44982771861469 67102920755640 44982771861469
-60825405652074 44982771861469 -17042553305190 44982771861469
355589348814 83147452609 -46975403790 83147452609
801470754 153692149 -648270 288353
325947822228 83147452609 -155213248680 83147452609
120787254 153692149 -226246230 153692149
59071332600 83147452609 124049798460 83147452609
107647855686 83147452609 -62880800850 83147452609
501103008 153692149 -176885100 153692149
258436302642 83147452609 -358049245050 83147452609
355840254 153692149 -719857530 153692149
-58793238 153692149 -226246230 153692149
205170002100 83147452609 -127088517780 83147452609
184906008 153692149 88720380 153692149
621890262 153692149 -403131330 153692149
162868050828 83147452609 92656119780 83147452609
119632341126186 44317592240597 40598859391650 44317592240597
161306114382 81917915417 -305369713530 81917915417
134943489828 83147452609 -366836544900 83147452609
-38023080858 83147452609 -280898817570 83147452609
467981262 153692149 -668736810 153692149
279675808146 81917915417 17195546970 81917915417
71561843514 83147452609 89509139370 83147452609
356546848014 83147452609 10347963570 83147452609
79759394914248 44982771861469 3687506269020 44982771861469
352815723414 83147452609 -213026245110 83147452609
238312475100 83147452609 -368563165740 83147452609
60222293037774 44982771861469 -19064470020750 44982771861469
-1723964300100 44982771861469 -103209944081580 44982771861469
476627508 153692149 -926100 288353
150207626142 83147452609 -235326362670 83147452609
-204055992 153692149 -374329620 153692149
-116668863486 83147452609 43936684470 83147452609
-68092340400 83147452609 -142993914840 83147452609
128787815142 83147452609 -88918287570 83147452609
-33352621703352 44982771861469 27427840464780 44982771861469
-95298879041226 44982771861469 -56717633596050 44982771861469
-2165615172 83147452609 199473605100 83147452609
46410907914 83147452609 12543005790 83147452609
113443349638122 44982771861469 -46824182310150 44982771861469
57875694218496 44982771861469 -71283846251520 44982771861469
-75444424272 83147452609 129117602880 83147452609
82376907228 83147452609 101461293360 83147452609
-32181023895300 44982771861469 80487379894320 44982771861469
-58460922884826 44982771861469 -20642074332390 44982771861469
-120407180222700 44982771861469 63503399728440 44982771861469
211444573914 83147452609 279586719090 83147452609
-156805199586 83147452609 215055330210 83147452609
-144144774900 83147452609 263774765520 83147452609
18934996500 83147452609 -78692754420 83147452609
-205381722672 83147452609 188350958880 83147452609
255343477914 83147452609 187399020690 83147452609
143325044100 83147452609 194175572220 83147452609
-94987431000 83147452609 199473605100 83147452609
-46410907914 83147452609 12543005790 83147452609
176561204784048 44982771861469 70593928608420 44982771861469
150281305794522 44982771861469 -30535525618290 44982771861469
183410494539174 44982771861469 10268753773950 44982771861469
-5239866284478 44982771861469 7117637957010 44982771861469
89835579798048 44982771861469 -36223556711580 44982771861469
-29178864300852 44982771861469 162215086444740 44982771861469
183260664686862 44317592240597 -36382504273290 44317592240597
40962817728 83147452609 203210974260 83147452609
216703013814 83147452609 283324088250 83147452609
103796718228 83147452609 247869368460 83147452609
88147320850386 44317592240597 123327520938090 44317592240597
-151546759686 83147452609 218792699370 83147452609
130664619414 83147452609 -26419317750 83147452609
6274571814 83147452609 -127412189730 83147452609
72201297042 83147452609 215055330210 83147452609
247941493128 83147452609 295168444200 83147452609
18934996500 83147452609 -15905397060 83147452609
369846726228 83147452609 31862100060 83147452609
257828292414 83147452609 38638651590 83147452609
19515817314 83147452609 43936684470 83147452609
68092340400 83147452609 -142993914840 83147452609
-88104848958 83147452609 -133236803070 83147452609
87635347128 83147452609 -213349917060 83147452609
199364970042 83147452609 108237844890 83147452609
-29641526586 83147452609 -202835996370 83147452609
-156224378772 83147452609 124049798460 83147452609
-107647855686 83147452609 -62880800850 83147452609
-78218049672 83147452609 -15905397060 83147452609
277371299142 83147452609 -31717350630 83147452609
169723443456 83147452609 0 1
189704003201874 44982771861469 -33064483750830 44982771861469
163424104212348 44982771861469 -134193937977540 44982771861469
196553292957000 44982771861469 -93389658585300 44982771861469
7902932133348 44982771861469 -96540774402240 44982771861469
102978378215874 44982771861469 -139881969070830 44982771861469
189480570243174 44982771861469 -36547471392390 44982771861469
-9742557220326 44982771861469 -71458952776470 44982771861469
154128435955200 44982771861469 -172588407003180 44982771861469
32773090883148 44982771861469 -28117758107880 44982771861469
-96468182206326 44982771861469 -91594048759290 44982771861469
-1392736123800 44982771861469 -134935243427880 44982771861469
-29173166454726 44982771861469 56027715952950 44982771861469
65902279627800 44982771861469 12686521284360 44982771861469
-1853134576913466 24335679577054729 14615836142654250 24335679577054729
-16070559930247032 24335679577054729 -40095198593995860 24335679577054729
-49583485150036866 24335679577054729 5427502872913170 24335679577054729
6881287707726768 24335679577054729 2751324300077220 24335679577054729
17545653911525304600 12970917214570170557 -19061533573067898360 12970917214570170557
9574445853947935044 12970917214570170557 -6171329118290225400 12970917214570170557
1996558140621144366 12970917214570170557 -35332310632924734030 12970917214570170557
41886390777218977500 12779110675352866741 -17663213301431254200 12779110675352866741
17208313926299043786 12779110675352866741 -1166832764704478970 12779110675352866741
46795524582138566472 12779110675352866741 -3561621581987640360 12779110675352866741
67577898620055600 23975817402162977 -12559503129250140 23975817402162977
-7095988930102758 23975817402162977 -6515398704256470 23975817402162977
11746698645387384 23975817402162977 19792706459577660 23975817402162977
44664305918513400 23975817402162977 47647250393975820 23975817402162977
58047030448239042 23975817402162977 -11157350832592650 23975817402162977
2536316272179900 23975817402162977 -6664313651948820 23975817402162977
32058012445865217000 12970917214570170557 49736077668980812620 12970917214570170557
24480124732538426322 12970917214570170557 20575096154346303990 12970917214570170557
35847777798040597578 12970917214570170557 19845863489953997370 12970917214570170557
28269890084713806900 12970917214570170557 -9315118024680511260 12970917214570170557
10407500942565825378 12970917214570170557 14948481857182001730 12970917214570170557
-366234313297899457152 6913498875365900906881 8069722032526360570980 6913498875365900906881
-16621228219778154 23621276664238201 7193366789595210 23621276664238201
-37254634976762154 23621276664238201 27581690355437610 23621276664238201
-18690582337693308 23621276664238201 53500766237736300 23621276664238201
-13610838928526154 23621276664238201 -1132291734630210 23621276664238201
-44646087306051000 23621276664238201 44115781977521100 23621276664238201
5279769259824654 23621276664238201 66875036417826210 23621276664238201
-41886390777218977500 12779110675352866741 17663213301431254200 12779110675352866741
-21377980172967212214 12779110675352866741 39123482227048706130 12779110675352866741
-28843810397002664028 12779110675352866741 10393716705236888940 12779110675352866741
-38202722652928295700 12779110675352866741 42920271313874372880 12779110675352866741
-8615511997088773014 12779110675352866741 40525482496591211490 12779110675352866741
6983764802243403300 12779110675352866741 47884159702765049580 12779110675352866741
-482065421792048514 12779110675352866741 19154394180953232390 12779110675352866741
-20990476026043813800 12779110675352866741 -2305874744664219540 12779110675352866741
-38782317965669208 23621276664238201 -43000865127921960 23621276664238201
-67776758601565608 23621276664238201 -19701846452218140 23621276664238201
-13086905263599762 23621276664238201 -24128443156992930 23621276664238201
-51773315828976 44317592240597 60602537802240 44317592240597
41896208684862 44317592240597 103302827558910 44317592240597
100123691569524 44317592240597 18409631100840 44317592240597
663924999024 44317592240597 -153231137409420 44317592240597
-101943679762638 44317592240597 -144926077925790 44317592240597
-33150613419000 44317592240597 -57209029942680 44317592240597
-17804630688138 44317592240597 -85125320829990 44317592240597
-137365442006814 44317592240597 57208978358910 44317592240597
-172504386553338 44317592240597 40476147622470 44317592240597
-59691581592300 44317592240597 -42425031073320 44317592240597
-101381802067476 44317592240597 114899749685280 44317592240597
-171165736794276 44317592240597 114417956717820 44317592240597
-68558132032614 44317592240597 106112897234190 44317592240597
7494260925186 44317592240597 151404965727750 44317592240597
-42681088858338 44317592240597 45292016909790 44317592240597
42916023169362 44317592240597 -50730090556950 44317592240597
75252219249186 44317592240597 -35989277582790 44317592240597
15546394026324 44317592240597 -39601179548280 44317592240597
-50753501344476 44317592240597 -93430380313620 44317592240597
-15614556797952 44317592240597 89104807814400 44317592240597
876163349928384 23975817402162977 -43112374374016080 23975817402162977
-4078427831131500 23975817402162977 -63576626364682200 23975817402162977
-99511860837017916 23975817402162977 14513514185760660 23975817402162977
-44001146660958774 23975817402162977 10020477005116830 23975817402162977
-48376027620093474 23975817402162977 -44030437045411950 23975817402162977
-103886741796152616 23975817402162977 -39537399864768120 23975817402162977
-11083539387832758 23975817402162977 -8326692577201950 23975817402162977
40776503348744226 23975817402162977 19333588428926730 23975817402162977
-65409423589301274 23975817402162977 725768851212090 23975817402162977
21933815773254084 23975817402162977 -53176230251624340 23975817402162977
-42748583150149632 23975817402162977 23826625609570560 23975817402162977
-17545653911525304600 12970917214570170557 19061533573067898360 12970917214570170557
3270575238381271422 12970917214570170557 40843907848413191970 12970917214570170557
-4307312474945519256 12970917214570170557 11682926333778683340 12970917214570170557
7060340590556652000 12970917214570170557 10953693669386376720 12970917214570170557
-517547122770138678 12970917214570170557 -18207287845248131910 12970917214570170557
-18379936264918120200 12970917214570170557 6056312036614381080 12970917214570170557
-15709938344886842450226 6913498875365900906881 3330195518163818764530 6913498875365900906881
835718503615488486 12779110675352866741 17227569226955966550 12779110675352866741
30422929159455011172 12779110675352866741 14832780409672805160 12779110675352866741
33171070343814441486 12779110675352866741 -14723703953377476750 12779110675352866741
34033056406260127272 12779110675352866741 -4963621851530145720 12779110675352866741
26567226182224675458 12779110675352866741 -33693387373341962910 12779110675352866741
6058815577972910172 12779110675352866741 -55153656298959414840 12779110675352866741
21181920791287381272 12779110675352866741 -41878783420754265720 12779110675352866741
-18619261272947023542 12779110675352866741 -38657275762232639610 12779110675352866741
-8576108795210777856 12779110675352866741 -24635055709909048320 12779110675352866741
15709938344886842450226 6913498875365900906881 -3330195518163818764530 6913498875365900906881
366234313297899457152 6913498875365900906881 -8069722032526360570980 6913498875365900906881
11461284450198104476878 6913498875365900906881 3540283456232680923150 6913498875365900906881
7422270298994925045504 6913498875365900906881 -12002519691067512176640 6913498875365900906881
-5217640344000 43662248917261 -53363385986400 43662248917261
-39286195387362 44317592240597 -132791252562990 44317592240597
-37807853049162 44317592240597 -44286154139430 44317592240597
-8603470704024 44317592240597 54427566385080 44317592240597
49624012180638 44317592240597 -30465630072990 44317592240597
96926508000 81917915417 -395256331260 81917915417
-92736347382 81917915417 -379905019830 81917915417
18622702409976 44317592240597 -117811567744920 44317592240597
-110352753000 81917915417 -190439129160 81917915417
51773315828976 44317592240597 -60602537802240 44317592240597
64539287131788 43662248917261 23336097472800 43662248917261
165629589050394 43662248917261 15153848480610 43662248917261
175019133244788 43662248917261 -85831471246500 43662248917261
195942519731700 44317592240597 30973013128260 44317592240597
254170002616362 44317592240597 -53920183329810 44317592240597
180601522850700 44317592240597 -125926942407840 44317592240597
137514338136000 44982771861469 -4595215590000 44982771861469
160402093261326 44982771861469 -106545940297650 44982771861469
161902624602726 44982771861469 -16712435143530 44982771861469
281253879900 83147452609 -302535384480 83147452609
166750631586 83147452609 -458072305110 83147452609
21507335696700 44982771861469 -67488914419920 44982771861469
-40438921641174 44982771861469 -151634388480750 44982771861469
-6215939100 83147452609 -372134577780 83147452609
59710786128 83147452609 -29667057840 83147452609
72371210814 83147452609 -292021463790 83147452609
-71561843514 83147452609 -89509139370 83147452609
37682964900 83147452609 -248783429160 83147452609
-1380419428626 44982771861469 34461810287730 44982771861469
-63326676766500 44982771861469 -49683663773100 44982771861469
102990694911048 44982771861469 39408535930680 44982771861469
136119883655700 44982771861469 -1395743461560 44982771861469
42544968914574 44982771861469 45096567023970 44982771861469
761827500 153692149 -639935100 153692149
121905233100 83147452609 -110554854480 83147452609
151546759686 83147452609 -218792699370 83147452609
418423249314 83147452609 60470347770 83147452609
369846726228 83147452609 -126460251540 83147452609
372865500 153692149 -411929280 153692149
396714627414 83147452609 -89675096490 83147452609
272324579814 83147452609 -190667968470 83147452609
405987246 153692149 -611133390 153692149
-70604344314 83147452609 -94973129370 83147452609
-40962817728 83147452609 -203210974260 83147452609
-184906008 153692149 -88720380 153692149
495777492 153692149 30561300 153692149
260724492 153692149 -463050000 153692149
62833900500 83147452609 44658394200 83147452609
-36293465760300 44317592240597 23321131141140 44317592240597
66314139001362 44317592240597 15016071657510 44317592240597
108724358736 81917915417 -252105164640 81917915417
205994855519838 44317592240597 -16673223513870 44317592240597
180103568715000 44317592240597 -116307232946100 44317592240597
237479875795638 44317592240597 -99401885060310 44317592240597
108980984229138 44317592240597 -190730835008910 44317592240597
137019878102394 43662248917261 94278061592190 43662248917261
238110180021000 43662248917261 86095812600000 43662248917261
247499724215394 43662248917261 -14889507127110 43662248917261
165759661941300 44317592240597 26201950411140 44317592240597
227094052500 81917915417 70460095860 81917915417
136555279596162 44317592240597 -72511770113370 44317592240597
138033621934362 44317592240597 15993328310190 44317592240597
110881511683362 44317592240597 143036801697510 44317592240597
84990224878524 44317592240597 43402792265280 44317592240597
215296201764 81917915417 -72691070760 81917915417
196464380080500 44317592240597 85827823338600 44317592240597
170573093275662 44317592240597 -13806186093630 44317592240597
227949400356300 44317592240597 3099161792160 44317592240597
99450508789800 44317592240597 -88229788156440 44317592240597
51801957645606 43662248917261 -68248456909290 43662248917261
44646087306051000 23621276664238201 -44115781977521100 23621276664238201
-969581549623554 23621276664238201 -13623396512222070 23621276664238201
53720271788342292 23621276664238201 -18049993216996860 23621276664238201
225146902076838 44317592240597 129686733652770 44317592240597
283374384961500 44317592240597 44793537194700 44317592240597
209805905195838 44317592240597 -27213221883330 44317592240597
167157060178626 44982771861469 95600136762270 44982771861469
190044815303952 44982771861469 -6350587945380 44982771861469
191545346645352 44982771861469 83482917208740 44982771861469
103368985272 83147452609 -1726620840 83147452609
169295710500 83147452609 340740899100 83147452609
181956135186 83147452609 78386493150 83147452609
38023080858 83147452609 280898817570 83147452609
342262281186 83147452609 254803171770 83147452609
403499228958 83147452609 179379365130 83147452609
291200943600 83147452609 -80887796640 83147452609
98691366186 83147452609 -65306071530 83147452609
68963309542638 44317592240597 167326920159210 44317592240597
171570914304300 44317592240597 159021860675580 44317592240597
4925305216314 44317592240597 -7180885771290 44317592240597
49305427093314 44317592240597 69407251203150 44317592240597
-4605170223024 44317592240597 95320161081180 44317592240597
98002434538638 44317592240597 87015101597550 44317592240597
-2894985821700 44982771861469 -86634033025680 44982771861469
-1394454480300 44982771861469 3199472128440 44982771861469
28248267562326 44982771861469 103394824480710 44982771861469
87349708914300 44982771861469 17227433704320 44982771861469
6054734470302 45657935416613 -26970079144050 45657935416613
15119504196174 44982771861469 30998750280750 44982771861469
102330584622 84395444393 62903768130 84395444393
115181034444 84395444393 176084208720 84395444393
298148810400 84395444393 72184679280 84395444393
181926939222 84395444393 -85686754230 84395444393
131289132309174 44982771861469 59124528599850 44982771861469
99358499951298 45657935416613 57599419155390 45657935416613
889816284000 1113608180893 -27809026373520 45657935416613
142420127789898 45657935416613 -22788053441370 45657935416613
395117674686 83147452609 37881842670 83147452609
168663970496826 44982771861469 141311575934550 44982771861469
106717713158952 44982771861469 57166101873720 44982771861469
528555919500 83147452609 -101749680900 83147452609
420908063814 83147452609 -70032330270 83147452609
300762000 155998973 -5371380 11999921
721618884 155998973 130580100 155998973
754170858 155998973 422394210 155998973
487602788778 84395444393 79924745250 84395444393
549758865222 84395444393 3368873970 84395444393
70188283216800 44982771861469 9535405467420 44982771861469
96468182206326 44982771861469 -91594048759290 44982771861469
80432116323300 44982771861469 -150150722844780 44982771861469
168658272650700 44982771861469 -167134703010660 44982771861469
414052671186 83147452609 -257286601530 83147452609
306404815500 83147452609 -225569250900 83147452609
85934142 155998973 -361642050 155998973
506791026 155998973 -161234010 155998973
39528325872 83147452609 53693796240 83147452609
88104848958 83147452609 -133236803070 83147452609
265441997772 83147452609 -149517178020 83147452609
863858142 155998973 -30653910 155998973
75288402 11999921 -13243230 11999921
983953026 155998973 139378050 155998973
745372026 155998973 -361642050 155998973
541216344186 83147452609 -21406338450 83147452609
107620666272 83147452609 -177173487540 83147452609
334725942222 84395444393 -120633322950 84395444393
396882018666 84395444393 -197189194230 84395444393
177064642559826 44982771861469 -144776920815450 44982771861469
147605923250478 44982771861469 41585822313210 44982771861469
206707364602452 44982771861469 -44581568463180 44982771861469
122589786110400 45657935416613 -45881522808660 45657935416613
59713753803102 45657935416613 -131289968337570 45657935416613
4040278389000 1113608180893 -126268995405420 45657935416613
-34182831122874 44982771861469 4588679824470 44982771861469
-7902932133348 44982771861469 -96540774402240 44982771861469
-23938998016374 44982771861469 -155097448487730 44982771861469
64287158311026 44982771861469 -172081428653610 44982771861469
-21040032705048 44982771861469 108247092183720 44982771861469
5239866284478 44982771861469 7117637957010 44982771861469
274344284844 84395444393 142678485180 84395444393
29050092666 84395444393 -286244822430 84395444393
24307418602404 45657935416613 777773971800 1113608180893
68580154744295166 24335679577054729 -8557474885935570 24335679577054729
75690408688339032 24335679577054729 47521726200418680 24335679577054729
42177483468549198 24335679577054729 1999024733509650 24335679577054729
1828386 288353 833490 288353
106722 22181 -92610 288353
1005526746 153692149 267365070 153692149
447755238 153692149 590573970 153692149
204055992 153692149 -20559420 153692149
287758629900 83147452609 86889665520 83147452609
205381722672 83147452609 188350958880 83147452609
874265742 155998973 592426170 155998973
445630500 153692149 -20559420 153692149
357754963986 83147452609 -246449008890 83147452609
58793238 153692149 -226246230 153692149
336924 288353 555660 288353
946386 288353 -1018710 288353
106722 22181 -648270 288353
9238068 11999921 170031960 155998973
283388051772 83147452609 48395763360 83147452609
761827500 153692149 -51120720 153692149
563096142 155998973 -39174030 155998973
204055992 153692149 -374329620 153692149
-85934142 155998973 -361642050 155998973
243784800 155998973 -511948080 155998973
156805199586 83147452609 -215055330210 83147452609
-120787254 153692149 -226246230 153692149
882000 288353 555660 288353
590893254 153692149 -168642810 153692149
-300762000 155998973 -5371380 11999921
28956942 155998973 -220133970 155998973
208668675600 84395444393 40169772720 84395444393
9742557220326 44982771861469 71458952776470 44982771861469
81932647664700 44982771861469 146999607027840 44982771861469
55652748675174 44982771861469 45870152801130 44982771861469
-63035928369162 44317592240597 25485666052770 44317592240597
39571676392500 44317592240597 17180606569140 44317592240597
108218244500352 44982771861469 -60317217690660 44982771861469
81938345510826 44982771861469 -161446671917370 44982771861469
19992088172952 44982771861469 -77301197856540 44982771861469
65409423589301274 23975817402162977 -725768851212090 23975817402162977
272791352736 81917915417 31030277040 81917915417
250374977396838 44317592240597 59914913460570 44317592240597
224483690592000 44317592240597 -39719095971660 44317592240597
281859997672638 44317592240597 -22813748085870 44317592240597
153361106106138 44317592240597 -114142698034470 44317592240597
345187899882 81917915417 253043026110 81917915417
770473746 153692149 -226246230 153692149
1036523754 153692149 90479970 153692149
194675192586 83147452609 375281558190 83147452609
321838865586 83147452609 108237844890 83147452609
501688018314 83147452609 204162912450 83147452609
436342113900 83147452609 -47299075740 83147452609
180408334944726 44982771861469 15223436560710 44982771861469
154128435955200 44982771861469 -85906017666000 44982771861469
92182178617326 44982771861469 -1760543605170 44982771861469
103886741796152616 23975817402162977 39537399864768120 23975817402162977
120224736317700 44317592240597 -10896838220520 44317592240597
-17804630688138 44317592240597 275258683350 44317592240597
-2536316272179900 23975817402162977 6664313651948820 23975817402162977
35941001934671442 23975817402162977 46927482367929030 23975817402162977
21933815773254084 23975817402162977 -6974516734907400 23975817402162977
79653430084788 43662248917261 177915905792100 43662248917261
180743732003394 43662248917261 169733656799910 43662248917261
190133276197788 43662248917261 68748337072800 43662248917261
119464694118 81917915417 227379128130 81917915417
79806139049700 44317592240597 100886524768260 44317592240597
52654028798700 44317592240597 227929998155580 44317592240597
26762741993862 44317592240597 128295988723350 44317592240597
47895686118 81917915417 425313369810 81917915417
107666843382 81917915417 84227961510 81917915417
138236897195838 44317592240597 170721019796670 44317592240597
112345610391000 44317592240597 71087010364440 44317592240597
169721917471638 44317592240597 87992358250230 44317592240597
41223025905138 44317592240597 -3336591698370 44317592240597
-5564490372000 43662248917261 15389387290620 43662248917261
13610838928526154 23621276664238201 1132291734630210 23621276664238201
-32004829927148400 23621276664238201 31624677199929240 23621276664238201
22685023410817446 23621276664238201 27198080495154450 23621276664238201
-152507504646 81917915417 -38819611530 81917915417
-70474007646 81917915417 102748109310 81917915417
-170123910264 81917915417 150646279140 81917915417
19538945118 81917915417 135294967710 81917915417
123432548400 83147452609 43669504620 83147452609
184669496172 83147452609 -31754302020 83147452609
53834962986 83147452609 127880611110 83147452609
212702238 153692149 96962670 153692149
-79019262 153692149 736897770 153692149
-322718508 153692149 125764380 153692149
121287849858 83147452609 424591382250 83147452609
226801533672 83147452609 41942883780 83147452609
112298285358 83147452609 -113594036850 83147452609
-7951383612648 44982771861469 118873828708740 44982771861469
114265746 153692149 28801710 153692149
97733866986 83147452609 -59842081530 83147452609
49157343900 83147452609 -246772680840 83147452609
-30997008 153692149 -514170720 153692149
-445630500 153692149 -20559420 153692149
-131272629642 83147452609 251231759730 83147452609
-4108956642 83147452609 -15811953570 83147452609
-198784149228 83147452609 -230867283780 83147452609
-476627508 153692149 -139841100 153692149
2165615172 83147452609 390863283300 83147452609
129329288172 83147452609 123819570000 83147452609
243832536486 83147452609 -31717350630 83147452609
76260653563752 44982771861469 23653149845220 44982771861469
49980754574226 44982771861469 -77476304381490 44982771861469
-11965502763648 44982771861469 6669169679340 44982771861469
48376027620093474 23975817402162977 44030437045411950 23975817402162977
17617131556038 44317592240597 -2591778736890 44317592240597
-120412235449800 44317592240597 8580318166980 44317592240597
-58047030448239042 23975817402162977 11157350832592650 23975817402162977
-19569712241387700 23975817402162977 51420519548572860 23975817402162977
-33576898402805058 23975817402162977 -2481479554263570 23975817402162977
3825053822394 43662248917261 -85595932436490 43662248917261
18690582337693308 23621276664238201 -53500766237736300 23621276664238201
-26925086517981246 23621276664238201 -23008380772437270 23621276664238201
27764766819984600 23621276664238201 -27434977477212060 23621276664238201
219114596736 81917915417 179480958300 81917915417
326743955118 81917915417 22561926030 81917915417
142899654618 81917915417 -294703819830 81917915417
-46763200764 81917915417 -279352508400 81917915417
60845854478976 44317592240597 51487142207760 44317592240597
-11746698645387384 23975817402162977 -19792706459577660 23975817402162977
26730619561463958 23975817402162977 20470462256402550 23975817402162977
12723433400046600 23975817402162977 -33431536846433880 23975817402162977
17397092973800862 23621276664238201 77380083062597070 23621276664238201
72086946311766708 23621276664238201 72953486357822280 23621276664238201
77166689720933862 23621276664238201 18320428385455770 23621276664238201
8576108795210777856 12779110675352866741 24635055709909048320 12779110675352866741
39286195387362 44317592240597 132791252562990 44317592240597
132955719901200 44317592240597 175491542319660 44317592240597
191183202785862 44317592240597 90598345861590 44317592240597
117614723020200 44317592240597 18591586783560 44317592240597
73582145437500 44982771861469 142092447247800 44982771861469
2894985821700 44982771861469 86634033025680 44982771861469
97970431904226 44982771861469 129975227694270 44982771861469
-69597585414 83147452609 84211106490 83147452609
-3670860186 83147452609 426678626430 83147452609
8989564500 83147452609 164324220480 83147452609
-134943489828 83147452609 366836544900 83147452609
118234372914 83147452609 5049930690 83147452609
-74275204500 83147452609 20631655800 83147452609
-23227872633000 44317592240597 213131728826100 44317592240597
79379732128662 44317592240597 204826669342470 44317592240597
-87265876959324 44317592240597 38623922895600 44317592240597
-136555279596162 44317592240597 72511770113370 44317592240597
-42885755082324 44317592240597 115212059870040 44317592240597
-96796352398662 44317592240597 141124969748070 44317592240597
5811252363000 44317592240597 132819910264440 44317592240597
-190044815303952 44982771861469 6350587945380 44982771861469
-94969369221426 44982771861469 49691782613970 44982771861469
-160402093261326 44982771861469 106545940297650 44982771861469
-65326647178800 44982771861469 149887134966240 44982771861469
-6225205826826 44982771861469 63719744189850 44982771861469
-88924681805400 45657935416613 20220052136760 45657935416613
-78455410544952 44982771861469 77491060766280 44982771861469
-73232107200 84395444393 150131367540 84395444393
-60381657378 84395444393 263311808130 84395444393
122586118578 84395444393 159412278690 84395444393
6364247400 84395444393 1540845180 84395444393
37714217568048 44982771861469 105616839085380 44982771861469
4379083675596 45657935416613 104789550436200 45657935416613
-58496948631702 45657935416613 19381104907290 45657935416613
3649285501092 3512148878201 24402077839440 45657935416613
68119529814 83147452609 -85411146870 83147452609
-39528325872 83147452609 -53693796240 83147452609
-563096142 155998973 -39174030 155998973
-142239258 155998973 161234010 155998973
-306404815500 83147452609 225569250900 83147452609
-257828292414 83147452609 38638651590 83147452609
-60948136872 83147452609 92714278860 83147452609
-255159046422 84395444393 235818121770 84395444393
-191901567186 83147452609 381106171530 83147452609
-143325044100 83147452609 194175572220 83147452609
-44771455821078 44982771861469 26979372187110 44982771861469
243784800 155998973 -189480060 155998973
-300762000 155998973 252640080 155998973
-130664619414 83147452609 26419317750 83147452609
136211870214 83147452609 305682364890 83147452609
87635347128 83147452609 118751765580 83147452609
-110659737862800 44317592240597 199311204759660 44317592240597
-8052133101138 44317592240597 191006145276030 44317592240597
-56297707200 83147452609 321264090000 83147452609
-104874230286 83147452609 134333490690 83147452609
11008817777538 44317592240597 -13995948428910 44317592240597
-15546394026324 44317592240597 39601179548280 44317592240597
-116470259304462 44317592240597 -60089797628910 44317592240597
-165759661941300 44317592240597 -26201950411140 44317592240597
-72090137427462 44317592240597 16498339345530 44317592240597
-126000734743800 44317592240597 42411249223560 44317592240597
-23393129982138 44317592240597 34106189739930 44317592240597
57225971628 83147452609 -178427426940 83147452609
160594956900 83147452609 -180154047780 83147452609
304528011228 83147452609 -8805173580 83147452609
221263242228 83147452609 -152497738260 83147452609
-15145239186 83147452609 -260267161770 83147452609
50781486042 83147452609 82200358170 83147452609
52947101214 83147452609 161989800210 83147452609
4370578128 83147452609 -24940799100 83147452609
69236300662200 44317592240597 -98889144886980 44317592240597
42681088858338 44317592240597 -45292016909790 44317592240597
-18622702409976 44317592240597 117811567744920 44317592240597
75046822103862 44317592240597 160511857501590 44317592240597
133274304988524 44317592240597 75618661043520 44317592240597
-78323541782976 44317592240597 14783998869360 44317592240597
33150613419000 44317592240597 57209029942680 44317592240597
-73582145437500 44982771861469 -142092447247800 44982771861469
-167157060178626 44982771861469 -95600136762270 44982771861469
-72081614096100 44982771861469 -52258942093680 44982771861469
-137514338136000 44982771861469 4595215590000 44982771861469
-42438892053474 44982771861469 47936410258590 44982771861469
16662549298500 44982771861469 -38230980517800 44982771861469
-65693395646298 45657935416613 -83260889827290 45657935416613
208468877022 84395444393 -223142035410 84395444393
92247005844 84395444393 -381013468920 84395444393
-36654975378 84395444393 -42686634690 84395444393
-152876846556 84395444393 -4891660200 2058425473
-83315685978 84395444393 -293785869510 84395444393
-1261495494 6491957261 53821875870 84395444393
-3548991600 84395444393 -212470307280 84395444393
-79759394914248 44982771861469 -3687506269020 44982771861469
-20657953562274 44982771861469 -89854897045410 44982771861469
8984768480352 44982771861469 10340455306860 44982771861469
20499048222863616 23975817402162977 -37937231163301680 23975817402162977
65693395646298 45657935416613 83260889827290 45657935416613
88924681805400 45657935416613 -20220052136760 45657935416613
-6054734470302 45657935416613 26970079144050 45657935416613
90447735193200 45657935416613 70961798310480 45657935416613
55624300629213834 24335679577054729 -25554169491680970 24335679577054729
62734554573257700 24335679577054729 30525031594673280 24335679577054729
29221629353467866 24335679577054729 -14997669872235750 24335679577054729
7606073177850168 24335679577054729 -55381712770698300 24335679577054729
54284713837200 45657935416613 -101338736249520 45657935416613
61236807190902 45657935416613 -40108117890330 45657935416613
133548029980596 45657935416613 6329581404300 45657935416613
167174467336800 45657935416613 -35087144958180 45657935416613
-24307418602404 45657935416613 -777773971800 1113608180893
72195051061098 45657935416613 12102986322630 45657935416613
23593968695505600 23975817402162977 -29473543987159860 23975817402162977
-14883349511345742 23975817402162977 10789624728820350 23975817402162977
-876163349928384 23975817402162977 -43112374374016080 23975817402162977
2669834506500 44982771861469 -41618750632200 44982771861469
-22438466674974 44982771861469 -65263943333610 44982771861469
39507790662900 44982771861469 18881530727220 44982771861469
-70970075089337466 24335679577054729 13018979615055750 24335679577054729
-104483000309127300 24335679577054729 -32503721851853280 24335679577054729
-27264883439174056956 12970917214570170557 20900685917149655400 12970917214570170557
15812632924326 44982771861469 62039661727050 44982771861469
-29282058583974 44982771861469 182857160777130 44982771861469
-91228315921848 44982771861469 98711686716300 44982771861469
88002723368700 44982771861469 -13500992524320 44982771861469
29765233442574 44982771861469 3658094166510 44982771861469
-208668675600 84395444393 40169772720 84395444393
19014898644 84395444393 148590522360 84395444393
36625516578 84395444393 306461955870 84395444393
-43769141646300 44982771861469 -1280611265220 44982771861469
-275414580378 84395444393 139309611210 84395444393
-391636451556 84395444393 -18561822300 84395444393
49805773094826 44982771861469 -47772921750750 44982771861469
-66745904778 84395444393 -117701660790 84395444393
-113443349638122 44982771861469 46824182310150 44982771861469
-113733625511898 45657935416613 159466336721370 45657935416613
-176609657819196 45657935416613 74057891192460 45657935416613
-7795965366000 45657935416613 164487309653520 45657935416613
25830471990204 45657935416613 123070583291040 45657935416613
-4040278389000 1113608180893 126268995405420 45657935416613
-69148944285498 45657935416613 170260714571850 45657935416613
-3649285501092 3512148878201 -24402077839440 45657935416613
-142420127789898 45657935416613 22788053441370 45657935416613
-45917658126396 45657935416613 66779772607800 45657935416613
-1671168207597222978 12970917214570170557 36798766484865892290 12970917214570170557
-21098713061060334 24335679577054729 57462359036727330 24335679577054729
-6881287707726768 24335679577054729 2751324300077220 24335679577054729
-15556799350443834 24335679577054729 -28927836380172870 24335679577054729
32173551222679566 24335679577054729 -38116169649913950 24335679577054729
39283805166723432 24335679577054729 17963031436440300 24335679577054729
42989270924246598 24335679577054729 50598951021888570 24335679577054729
42354145474200 44317592240597 111287899303560 44317592240597
-24552637045776 44317592240597 25692200336880 44317592240597
6932383230024 44317592240597 108420861883320 44317592240597
-60845854478976 44317592240597 51487142207760 44317592240597
-13189062316378158 23975817402162977 116536014568312290 23975817402162977
-58671492079930758 23975817402162977 101549249496812250 23975817402162977
-44664305918513400 23975817402162977 47647250393975820 23975817402162977
-6186987711662058 23975817402162977 7384081677995610 23975817402162977
127937013871338 44317592240597 168496877662470 44317592240597
146613099748500 44317592240597 140110157054700 44317592240597
75490515262638 44317592240597 214533759117510 44317592240597
101381802067476 44317592240597 114899749685280 44317592240597
-62833900500 83147452609 44658394200 83147452609
112906295586 83147452609 -35454719790 83147452609
270727627086 83147452609 310750169310 83147452609
94987431000 83147452609 390863283300 83147452609
95568251814 83147452609 450705364830 83147452609
-152373241314 83147452609 434799967770 83147452609
-103796718228 83147452609 247869368460 83147452609
-211444573914 83147452609 279586719090 83147452609
-162868050828 83147452609 92656119780 83147452609
-97522146414 83147452609 375281558190 83147452609
78218049672 83147452609 -78692754420 83147452609
205381722672 83147452609 28124730900 83147452609
179460170095374 44982771861469 192750612063030 44982771861469
212589358840026 44982771861469 151946332670790 44982771861469
23938998016374 44982771861469 155097448487730 44982771861469
119014444098900 44982771861469 198438643156320 44982771861469
2898965311326 44982771861469 263344540671450 44982771861469
29178864300852 44982771861469 162215086444740 44982771861469
170164501838226 44982771861469 231145081088670 44982771861469
-80432116323300 44982771861469 150150722844780 44982771861469
14643329759226 44982771861469 193491917513370 44982771861469
-7395048287529966 24335679577054729 71774359274245950 24335679577054729
15556799350443834 24335679577054729 28927836380172870 24335679577054729
6620605846189340544 12970917214570170557 52217303275498032000 12970917214570170557
1451234185550100 23975817402162977 37726105991822640 23975817402162977
15458420346967458 23975817402162977 -16175893111013790 23975817402162977
70969134523026600 23975817402162977 -11682855930369960 23975817402162977
100236070356670458 23975817402162977 -25489004534823690 23975817402162977
117269466325878258 23975817402162977 19267201361800350 23975817402162977
29104172438106622500 12970917214570170557 -3690103511773006020 12970917214570170557
32893937790282003078 12970917214570170557 26200110667253809230 12970917214570170557
199059598357200 44317592240597 94073275599660 44317592240597
217735684234362 44317592240597 65686554991890 44317592240597
172504386553338 44317592240597 40476147622470 44317592240597
70604344314 83147452609 -94973129370 83147452609
246344540400 83147452609 -175086243360 83147452609
404165871900 83147452609 171118645740 83147452609
228425675814 83147452609 251231759730 83147452609
423681689214 83147452609 96018511050 83147452609
147279146200074 44982771861469 112263232168710 44982771861469
1338649759062 44317592240597 -73941809095350 44317592240597
103946254520724 44317592240597 -65636749611720 44317592240597
18283144333771926 23975817402162977 21022912064851830 23975817402162977
-121905233100 83147452609 -110554854480 83147452609
53834962986 83147452609 -190667968470 83147452609
55431915714 83147452609 323671950 83147452609
272324579814 83147452609 127880611110 83147452609
300762000 155998973 252640080 155998973
21708666 11999921 277830 288353
191074716 155998973 -370440 288353
611931600 155998973 0 1
520793658 155998973 -648270 288353
404165871900 83147452609 139955195520 83147452609
168462 288353 232914150 155998973
78218049672 83147452609 15905397060 83147452609
206978675400 83147452609 91957469940 83147452609
482753021814 83147452609 220068309510 83147452609
180998635986 83147452609 394924324410 83147452609
49157343900 83147452609 64301160420 83147452609
226521682128 83147452609 162313472160 83147452609
144144774900 83147452609 263774765520 83147452609
759374658 155998973 733934250 155998973
110749716257922 44982771861469 64632535762410 44982771861469
354981476178 84395444393 -24124812390 84395444393
417137552622 84395444393 -100680683670 84395444393
187860842158374 44982771861469 -93337884686970 44982771861469
63326676766500 44982771861469 49683663773100 44982771861469
158402122849026 44982771861469 93024858441690 44982771861469
217503564201000 44982771861469 6857467665300 44982771861469
176609657819196 45657935416613 -74057891192460 45657935416613
94127281233174 44982771861469 164632853955150 44982771861469
120407180222700 44982771861469 63503399728440 44982771861469
490418044578 84395444393 248467906890 84395444393
391636451556 84395444393 18561822300 84395444393
153174573259722 44982771861469 -14566212655470 44982771861469
258548001774174 44982771861469 -37879470464850 44982771861469
324890546778 84395444393 -99139838490 84395444393
95298879041226 44982771861469 56717633596050 44982771861469
40438921641174 44982771861469 151634388480750 44982771861469
135514367723700 44982771861469 194975583149340 44982771861469
194615809075674 44982771861469 108808192372950 44982771861469
152876846556 84395444393 4891660200 2058425473
5350858506 6491957261 -93227801310 84395444393
136477405134 84395444393 254379944070 84395444393
149327854956 84395444393 -11912239080 84395444393
1723964300100 44982771861469 103209944081580 44982771861469
60825405652074 44982771861469 17042553305190 44982771861469
98141694779898 45657935416613 169508282585670 45657935416613
131768132136102 45657935416613 128091556223190 45657935416613
-59713753803102 45657935416613 131289968337570 45657935416613
36788715860400 45657935416613 175281687504000 45657935416613
58496948631702 45657935416613 -19381104907290 45657935416613
-889816284000 1113608180893 27809026373520 45657935416613
60020002019502 45657935416613 71800745539950 45657935416613
28424555725590793944 12970917214570170557 38225169664187453640 12970917214570170557
35366059796703300 24335679577054729 60138537609563280 24335679577054729
49583485150036866 24335679577054729 5427502872913170 24335679577054729
88638324080443200 24335679577054729 -35439991077078000 24335679577054729
104483000309127300 24335679577054729 32503721851853280 24335679577054729
95748578024487066 24335679577054729 20639210009276250 24335679577054729
99454043782010232 24335679577054729 53275129594724520 24335679577054729
-5553877371151158 23975817402162977 -17523827795657610 23975817402162977
8453308790266200 23975817402162977 -71425826898494040 23975817402162977
63964022966325342 23975817402162977 -66932789717850210 23975817402162977
93230958799969200 23975817402162977 -80738938322303940 23975817402162977
110264354769177000 23975817402162977 -35982732425679900 23975817402162977
25314407085931241922 12970917214570170557 -33580317690799821270 12970917214570170557
-58765406405317416 23975817402162977 -1087284689247960 23975817402162977
-44758220243900058 23975817402162977 -54989283792084390 23975817402162977
10752493932159084 23975817402162977 -50496246611440560 23975817402162977
-27199285429780674 23975817402162977 6036146993351790 23975817402162977
80761049856648 44982771861469 64457429237460 44982771861469
11965502763648 44982771861469 6669169679340 44982771861469
71688814558200 44982771861469 99368910621540 44982771861469
-92182178617326 44982771861469 -1760543605170 44982771861469
29173166454726 44982771861469 56027715952950 44982771861469
-106717713158952 44982771861469 -57166101873720 44982771861469
-11642267076426 44982771861469 -13824907205130 44982771861469
91228315921848 44982771861469 -98711686716300 44982771861469
35660660502222 44982771861469 -123171350657670 44982771861469
179231039290548 44982771861469 -112212679240620 44982771861469
120993549364422 44982771861469 -95053592549790 44982771861469
-19992088172952 44982771861469 -77301197856540 44982771861469
101363256899100 44982771861469 -19512938298420 44982771861469
-29221629353467866 24335679577054729 14997669872235750 24335679577054729
-21615556175617698 24335679577054729 -40384042898462550 24335679577054729
-287876878240266 24335679577054729 -39015876548758410 24335679577054729
3417588879282900 24335679577054729 -6379956963310140 24335679577054729
41959470626189802 24335679577054729 18371336760727650 24335679577054729
59882361737046534 24335679577054729 -3703778390474190 24335679577054729
-42177483468549198 24335679577054729 -1999024733509650 24335679577054729
9258332862097368 24335679577054729 21448561582197540 24335679577054729
31618277701497905544 12970917214570170557 13434919275903596100 12970917214570170557
10802048551591329522 12970917214570170557 35217293551248889710 12970917214570170557
18379936264918120200 12970917214570170557 6056312036614381080 12970917214570170557
-17985388655892616056 12970917214570170557 44109463371816510360 12970917214570170557
-10407500942565825378 12970917214570170557 14948481857182001730 12970917214570170557
10408728207340750644 12970917214570170557 -6833892418163291880 12970917214570170557
38139384024000 43662248917261 37686365186400 43662248917261
61362916640747946 23621276664238201 41018837483338470 23621276664238201
37254634976762154 23621276664238201 27581690355437610 23621276664238201
-8361033878912400 23621276664238201 -2910695109861420 23621276664238201
46328819459053446 23621276664238201 1515901594913370 23621276664238201
110352753000 81917915417 -190439129160 81917915417
283494203118 81917915417 -269367576030 81917915417
391123561500 81917915417 -112448543760 81917915417
302995663236 81917915417 204817202100 81917915417
129854213118 81917915417 283745648970 81917915417
80653059925200 44317592240597 28077444789660 44317592240597
22224854736 81917915417 126826616700 81917915417
78323541782976 44317592240597 14783998869360 44317592240597
189344746045476 44317592240597 -57415512643020 44317592240597
250374977396838 44317592240597 25485666052770 44317592240597
91782761566404258 23975817402162977 45936822363670350 23975817402162977
58765406405317416 23975817402162977 1087284689247960 23975817402162977
120412235449800 44317592240597 8580318166980 44317592240597
179252392910976 44317592240597 99909268115580 44317592240597
24552637045776 44317592240597 -25692200336880 44317592240597
17804630688138 44317592240597 275258683350 44317592240597
137365442006814 44317592240597 57208978358910 44317592240597
38571232532238000 23975817402162977 62373365470080000 23975817402162977
5553877371151158 23975817402162977 17523827795657610 23975817402162977
7095988930102758 23975817402162977 -6515398704256470 23975817402162977
-1451234185550100 23975817402162977 -37726105991822640 23975817402162977
45573307136954100 23975817402162977 -46778567420236680 23975817402162977
35961145612869708 23621276664238201 -103299158944895760 23621276664238201
90650998950835554 23621276664238201 -98872562240120970 23621276664238201
95730742360002708 23621276664238201 -44239504267754460 23621276664238201
3300096677952721500 12779110675352866741 -22627101690321930900 12779110675352866741
31661841653163337014 12779110675352866741 -31387779166038274350 12779110675352866741
18619261272947023542 12779110675352866741 -38657275762232639610 12779110675352866741
92736347382 81917915417 -379905019830 81917915417
265877797500 81917915417 -458833466700 81917915417
373507155882 81917915417 -301914434430 81917915417
61592109046524 44317592240597 -176924648915280 44317592240597
46763200764 81917915417 -279352508400 81917915417
147174977443662 44317592240597 -119715670556370 44317592240597
101943679762638 44317592240597 -144926077925790 44317592240597
101534957118 81917915417 -35715694770 81917915417
74275204500 83147452609 20631655800 83147452609
-98691366186 83147452609 -65306071530 83147452609
77048829900 83147452609 -145419185520 83147452609
119180867400 83147452609 -219116371320 83147452609
70604344314 83147452609 -406046970630 83147452609
333489492 153692149 -265605480 153692149
292147438086 83147452609 -133178643990 83147452609
243570915000 83147452609 -320109243300 83147452609
177644189772 83147452609 22358276640 83147452609
304807862772 83147452609 -244685436660 83147452609
404165871900 83147452609 -139955195520 83147452609
355589348814 83147452609 -326885794830 83147452609
891261000 153692149 0 1
126582852186 83147452609 -15811953570 83147452609
156224378772 83147452609 -124049798460 83147452609
253746525186 83147452609 -59842081530 83147452609
476627508 153692149 -139841100 153692149
211444573914 83147452609 -279586719090 83147452609
322718508 153692149 125764380 153692149
401392246500 83147452609 26095645800 83147452609
352815723414 83147452609 -160834953510 83147452609
286888998186 83147452609 181632566430 83147452609
414052671186 83147452609 -85411146870 83147452609
566417754 153692149 277830 288353
-49157343900 83147452609 64301160420 83147452609
-19515817314 83147452609 -43936684470 83147452609
210577500 153692149 -514170720 153692149
-204055992 153692149 -20559420 153692149
-107620666272 83147452609 -177173487540 83147452609
68119529814 83147452609 -257286601530 83147452609
94987431000 83147452609 -199473605100 83147452609
130953430314 83147452609 -288391892670 83147452609
-32181023895300 44982771861469 -80487379894320 44982771861469
-94127281233174 44982771861469 -164632853955150 44982771861469
-95568251814 83147452609 -450705364830 83147452609
303920001000 83147452609 -374329620000 83147452609
191901567186 83147452609 -381106171530 83147452609
146098669500 83147452609 -401985929520 83147452609
2165615172 83147452609 -199473605100 83147452609
176561204784048 44982771861469 -70593928608420 44982771861469
209690393528700 44982771861469 -111398208000660 44982771861469
21040032705048 44982771861469 -108247092183720 44982771861469
116115478787574 44982771861469 -64905897515130 44982771861469
-2898965311326 44982771861469 -263344540671450 44982771861469
85327191016074 44982771861469 -280328520837330 44982771861469
198784149228 83147452609 -230867283780 83147452609
152373241314 83147452609 -434799967770 83147452609
315453012714 83147452609 -466193646450 83147452609
54851094900 83147452609 -59518409580 83147452609
230591290986 83147452609 -513492722190 83147452609
357754963986 83147452609 -406675236870 83147452609
418423249314 83147452609 -218792699370 83147452609
260601917814 83147452609 -246449008890 83147452609
116668863486 83147452609 -43936684470 83147452609
136211870214 83147452609 26419317750 83147452609
189704003201874 44982771861469 33064483750830 44982771861469
222833191946526 44982771861469 -7739795641410 44982771861469
34182831122874 44982771861469 -4588679824470 44982771861469
129258277205400 44982771861469 38752514844120 44982771861469
180408334944726 44982771861469 71458952776470 44982771861469
-70188283216800 44982771861469 -9535405467420 44982771861469
24887162865726 44982771861469 33805789201170 44982771861469
49666530513852 44982771861469 -157157170179660 44982771861469
-1853134576913466 24335679577054729 -14615836142654250 24335679577054729
-35366059796703300 24335679577054729 -60138537609563280 24335679577054729
21098713061060334 24335679577054729 -57462359036727330 24335679577054729
9574445853947935044 12970917214570170557 6171329118290225400 12970917214570170557
20918383392731958 23975817402162977 -101288599501416390 23975817402162977
76429097568791100 23975817402162977 -96795562320772560 23975817402162977
58671492079930758 23975817402162977 -101549249496812250 23975817402162977
105696033402434958 23975817402162977 -110601710925226290 23975817402162977
122729429371642758 23975817402162977 -65845505028602250 23975817402162977
32058012445865217000 12970917214570170557 -49736077668980812620 12970917214570170557
35847777798040597578 12970917214570170557 -19845863489953997370 12970917214570170557
17985388655892616056 12970917214570170557 -44109463371816510360 12970917214570170557
-9654523242804846 23621276664238201 -133791544410194790 23621276664238201
45035330095161000 23621276664238201 -129364947705420000 23621276664238201
50115073504328154 23621276664238201 -74731889733053490 23621276664238201
-21377980172967212214 12779110675352866741 -39123482227048706130 12779110675352866741
6983764802243403300 12779110675352866741 -47884159702765049580 12779110675352866741
-6058815577972910172 12779110675352866741 -55153656298959414840 12779110675352866741
-41223025905138 44317592240597 -3336591698370 44317592240597
-50161106152962 44317592240597 -54341940938670 44317592240597
-99450508789800 44317592240597 -88229788156440 44317592240597
-5780984275962 44317592240597 -130930077913110 44317592240597
8086656116700 44317592240597 -14508688602240 44317592240597
-146613099748500 44317592240597 -140110157054700 44317592240597
-153361106106138 44317592240597 -114142698034470 44317592240597
-33800294787462 44317592240597 -57208978358910 44317592240597
-75490515262638 44317592240597 -214533759117510 44317592240597
11431002893562 44317592240597 -231266589853950 44317592240597
-108980984229138 44317592240597 -190730835008910 44317592240597
-15311459715300 44317592240597 -233431124765580 44317592240597
68807309974200 44317592240597 -48903918875280 44317592240597
-24862214539638 44317592240597 -6203629118610 44317592240597
14883349511345742 23975817402162977 -10789624728820350 23975817402162977
6278086890803700 23975817402162977 -22478690924926740 23975817402162977
9928758330285858 23975817402162977 9674627261845770 23975817402162977
16306371303310242 23975817402162977 -32972418815782950 23975817402162977
2923646773584600 23975817402162977 -45575306525634480 23975817402162977
35941001934671442 23975817402162977 -725768851212090 23975817402162977
3270575238381271422 12970917214570170557 -40843907848413191970 12970917214570170557
7060340590556652000 12970917214570170557 -10953693669386376720 12970917214570170557
-10802048551591329522 12970917214570170557 -35217293551248889710 12970917214570170557
34033056406260127272 12779110675352866741 4963621851530145720 12779110675352866741
20990476026043813800 12779110675352866741 -2305874744664219540 12779110675352866741
-3687600824876119914 12779110675352866741 -18802255281390994770 12779110675352866741
25899609830963402772 12779110675352866741 -16407466464107833380 12779110675352866741
11461284450198104476878 6913498875365900906881 -3540283456232680923150 6913498875365900906881
-96926508000 81917915417 -395256331260 81917915417
76214942118 81917915417 -474184778130 81917915417
183844300500 81917915417 -317265745860 81917915417
-142899654618 81917915417 -294703819830 81917915417
-663924999024 44317592240597 -153231137409420 44317592240597
-88127898264 81917915417 -51067006200 81917915417
-118234372914 83147452609 5049930690 83147452609
-291200943600 83147452609 -80887796640 83147452609
-115460747514 83147452609 -161000910630 83147452609
-73328710014 83147452609 -234698096430 83147452609
-121905233100 83147452609 -421628695740 83147452609
-22350762 153692149 -294407190 153692149
-467981262 153692149 -668736810 153692149
99637860672 83147452609 -148760369100 83147452609
51061337586 83147452609 -335690968410 83147452609
-14865387642 83147452609 6776551530 83147452609
112298285358 83147452609 -260267161770 83147452609
-131272629642 83147452609 -91005531750 83147452609
-621890262 153692149 -403131330 153692149
-501103008 153692149 119281680 153692149
-176259762 153692149 -719857530 153692149
2165615172 83147452609 -230637055320 83147452609
116668863486 83147452609 -75100134690 83147452609
-80761049856648 44982771861469 -64457429237460 44982771861469
-162299186353962 44317592240597 -165148047274770 44317592240597
-107666843382 81917915417 84227961510 81917915417
-124188248646 81917915417 -10051796790 81917915417
-215296201764 81917915417 -72691070760 81917915417
-42154751646 81917915417 -151619517630 81917915417
-6932383230024 44317592240597 -108420861883320 44317592240597
79989134926176 44317592240597 -125153692619760 44317592240597
19501460118 81917915417 105852026070 81917915417
-8989564500 83147452609 164324220480 83147452609
-181956135186 83147452609 78386493150 83147452609
-6215939100 83147452609 -1726620840 83147452609
381511746 153692149 294407190 153692149
56668500 153692149 442490580 153692149
-51791701500 81917915417 -232064545860 81917915417
137871153882 81917915417 -216713234430 81917915417
-72371210814 83147452609 -292021463790 83147452609
103368985272 83147452609 -372134577780 83147452609
212613793686 83147452609 -212860287990 83147452609
3548991600 84395444393 -212470307280 84395444393
75444424272 83147452609 -129117602880 83147452609
16199642844 84395444393 19952639280 84395444393
-33105983778 84395444393 -169783672590 84395444393
-149327854956 84395444393 -11912239080 84395444393
-114265746 153692149 -28801710 153692149
54851094900 83147452609 219744637560 83147452609
6274571814 83147452609 32814038250 83147452609
-501103008 153692149 176885100 153692149
-104076 288353 -370440 288353
-8835876 3804853 442120140 155998973
-19515817314 83147452609 -75100134690 83147452609
-260601917814 83147452609 -246449008890 83147452609
-882000 288353 555660 288353
-471958200 155998973 -10927980 155998973
-15145239186 83147452609 -113594036850 83147452609
-159363048978 84395444393 -67274960130 84395444393
-208668675600 84395444393 -257011272000 84395444393
-324890546778 84395444393 -99139838490 84395444393
94987431000 83147452609 -230637055320 83147452609
-146098669500 83147452609 -401985929520 83147452609
228425675814 83147452609 -91005531750 83147452609
66745904778 84395444393 -117701660790 84395444393
-65902279627800 44982771861469 -12686521284360 44982771861469
6287810816574 44982771861469 62854132967010 44982771861469
-19992088172952 44982771861469 -38275321259700 44982771861469
505386 288353 -1944810 288353
946386 288353 -1574370 288353
-118486116 155998973 -330988140 155998973
-2503998 11999921 -76403250 11999921
156224378772 83147452609 -218647949940 83147452609
260724492 153692149 -228005820 153692149
721618884 155998973 -130580100 155998973
48498534 11999921 -481294170 155998973
506791026 155998973 161234010 155998973
745372026 155998973 -339786090 155998973
106722 22181 -92610 22181
212702238 153692149 -788018490 153692149
-142239258 155998973 -161234010 155998973
160594956900 83147452609 -193707150840 83147452609
19014898644 84395444393 -148590522360 84395444393
-30290727978 84395444393 -338326834230 84395444393
-146512599156 84395444393 -180455400720 84395444393
270727627086 83147452609 -310750169310 83147452609
29641526586 83147452609 -482099043510 83147452609
404165871900 83147452609 -171118645740 83147452609
635684742 155998973 -792834210 155998973
245123852400 84395444393 -199017223020 84395444393
29173166454726 44982771861469 -56027715952950 44982771861469
101363256899100 44982771861469 19512938298420 44982771861469
75083357909574 44982771861469 -81616515928290 44982771861469
302995663236 81917915417 -204817202100 81917915417
137365442006814 44317592240597 -57208978358910 44317592240597
333489492 153692149 265605480 153692149
67511519586 83147452609 108237844890 83147452609
-33800294787462 44317592240597 57208978358910 44317592240597
68807309974200 44317592240597 48903918875280 44317592240597
-22350762 153692149 294407190 153692149
381511746 153692149 -294407190 153692149
-104076 288353 -926100 288353
-448205058 155998973 -220133970 155998973
-118486116 155998973 -370440000 155998973
128901981222 84395444393 -41145789510 84395444393
-32773090883148 44982771861469 28117758107880 44982771861469
39416999561226 44982771861469 103658412359250 44982771861469
13137100571700 44982771861469 2528958132540 44982771861469
-104922879273324 44317592240597 -17214623703900 44317592240597
-2315274511662 44317592240597 -25519683187530 44317592240597
65702596396878 44982771861469 -103658412359250 44982771861469
39422697407352 44982771861469 -204787866585960 44982771861469
-22523559930522 44982771861469 -120642392525130 44982771861469
42748583150149632 23975817402162977 -23826625609570560 23975817402162977
-59710786128 83147452609 29667057840 83147452609
-123432548400 83147452609 -43669504620 83147452609
-140201929728 83147452609 52025334480 83147452609
-45688503549024 44317592240597 -52582315283820 44317592240597
-354981476178 84395444393 24124812390 84395444393
19214697222 84395444393 8824714290 6491957261
-334725942222 84395444393 120633322950 84395444393
-156347994600 84395444393 201948885180 84395444393
-754170858 155998973 -422394210 155998973
-863858142 155998973 30653910 155998973
-534139200 155998973 180959940 155998973
80779954500 83147452609 -5067804420 83147452609
-396714627414 83147452609 89675096490 83147452609
-220974431328 83147452609 169788210480 83147452609
-352815723414 83147452609 -160834953510 83147452609
-74892885894162 44317592240597 -151296035808330 44317592240597
-169295710500 83147452609 -340740899100 83147452609
-342262281186 83147452609 -254803171770 83147452609
-166522085100 83147452609 -174690057780 83147452609
-51061337586 83147452609 -335690968410 83147452609
-243570915000 83147452609 -320109243300 83147452609
-113462486329500 44317592240597 31516829605800 44317592240597
-10854881567838 44317592240597 23211770122170 44317592240597
105097455666 84395444393 -267833028330 84395444393
21543470480826 44982771861469 -182430084390750 44982771861469
-102990694911048 44982771861469 -39408535930680 44982771861469
-7915248828522 44982771861469 3932658737910 44982771861469
51186192523452 44982771861469 -82234732038480 44982771861469
-98141694779898 45657935416613 -169508282585670 45657935416613
7795965366000 45657935416613 -164487309653520 45657935416613
-189704003201874 44982771861469 -33064483750830 44982771861469
-163424104212348 44982771861469 -134193937977540 44982771861469
-179460170095374 44982771861469 -192750612063030 44982771861469
-91234013767974 44982771861469 -209734592228910 44982771861469
-176561204784048 44982771861469 70593928608420 44982771861469
-150281305794522 44982771861469 -30535525618290 44982771861469
-487602788778 84395444393 -79924745250 84395444393
-309224841156 84395444393 1390816980 84395444393
-262734470334 84395444393 -356888656530 84395444393
-133548029980596 45657935416613 -6329581404300 45657935416613
-41959470626189802 24335679577054729 -18371336760727650 24335679577054729
-49157343900 83147452609 -246772680840 83147452609
-258436302642 83147452609 -358049245050 83147452609
-8835876 3804853 -141508080 155998973
206029026 155998973 -792834210 155998973
-424451916 155998973 -20929860 11999921
-338517774 155998973 -934342290 155998973
-36625516578 84395444393 -306461955870 84395444393
-6855392628 83147452609 -187254271260 83147452609
-110749716257922 44982771861469 -64632535762410 44982771861469
17298296281476 44317592240597 -197100844475220 44317592240597
3670860186 83147452609 -426678626430 83147452609
6444485586 83147452609 -260627785110 83147452609
121905233100 83147452609 -421628695740 83147452609
-70604344314 83147452609 -406046970630 83147452609
-21271304153862 44317592240597 -14287979061090 44317592240597
81336300607800 44317592240597 -22593038544720 44317592240597
116029409958 83147452609 109780171830 83147452609
225274218372 83147452609 -49494117960 83147452609
1261495494 6491957261 -53821875870 84395444393
200825226 155998973 -803762190 155998973
-136477405134 84395444393 -254379944070 84395444393
353472084 155998973 -642528180 155998973
-191074716 155998973 -370440 288353
-72201297042 83147452609 -215055330210 83147452609
194675192586 83147452609 64207716930 83147452609
146098669500 83147452609 -122722882380 83147452609
-79498787038524 44317592240597 70605217396980 44317592240597
23108817723138 44317592240597 62300157913350 44317592240597
-50781486042 83147452609 -82200358170 83147452609
2165615172 83147452609 79789442040 83147452609
-46410907914 83147452609 -107141157270 83147452609
42169768601814 44317592240597 -142701935791590 44317592240597
15614556797952 44317592240597 -89104807814400 44317592240597
300915681444 84395444393 -258552117180 84395444393
125914584820500 44982771861469 -177483358747800 44982771861469
1380419428626 44982771861469 -34461810287730 44982771861469
96455865511152 44982771861469 8879384380860 44982771861469
155557306863126 44982771861469 -77288006395530 44982771861469
113733625511898 45657935416613 -159466336721370 45657935416613
32181023895300 44982771861469 80487379894320 44982771861469
58460922884826 44982771861469 -20642074332390 44982771861469
275414580378 84395444393 -139309611210 84395444393
196601744436300 44982771861469 -122024944525680 44982771861469
255159046422 84395444393 -235818121770 84395444393
208668675600 84395444393 -257011272000 84395444393
33352621703352 44982771861469 -27427840464780 44982771861469
-21507335696700 44982771861469 67488914419920 44982771861469
73568110385826 44982771861469 110830109088510 44982771861469
132669551737800 44982771861469 24662718312120 44982771861469
36654975378 84395444393 42686634690 84395444393
-46660710600 84395444393 -251099234820 84395444393
33105983778 84395444393 -169783672590 84395444393
-60222293037774 44982771861469 19064470020750 44982771861469
7951383612648 44982771861469 -118873828708740 44982771861469
-1120851685800 44982771861469 -67102920755640 44982771861469
68892099828804 45657935416613 42683110694280 45657935416613
-122589786110400 45657935416613 45881522808660 45657935416613
-26087316446898 45657935416613 89873241975090 45657935416613
-4379083675596 45657935416613 -104789550436200 45657935416613
-99358499951298 45657935416613 -57599419155390 45657935416613
-2856030287796 45657935416613 -13607699988960 45657935416613
10562166583442812422 12970917214570170557 13961569782324940650 12970917214570170557
1853134576913466 24335679577054729 14615836142654250 24335679577054729
16070559930247032 24335679577054729 -40095198593995860 24335679577054729
7395048287529966 24335679577054729 -71774359274245950 24335679577054729
55125398860653366 24335679577054729 -80962692543987030 24335679577054729
70970075089337466 24335679577054729 -13018979615055750 24335679577054729
62235652804697232 24335679577054729 -24883491457632780 24335679577054729
65941118562220398 24335679577054729 7752428127815490 24335679577054729
-38571232532238000 23975817402162977 -62373365470080000 23975817402162977
-24564046370820642 23975817402162977 -116275364572916430 23975817402162977
30946667805238500 23975817402162977 -111782327392272600 23975817402162977
13189062316378158 23975817402162977 -116536014568312290 23975817402162977
60213603638882358 23975817402162977 -125588475996726330 23975817402162977
77246999608090158 23975817402162977 -80832270100102290 23975817402162977
7452017943783260400 12970917214570170557 -57843917572662334260 12970917214570170557
-6620605846189340544 12970917214570170557 -52217303275498032000 12970917214570170557
-91782761566404258 23975817402162977 -45936822363670350 23975817402162977
-77775575404986900 23975817402162977 -99838821466506780 23975817402162977
-22264861228927758 23975817402162977 -95345784285862950 23975817402162977
-60216640590867516 23975817402162977 -38813390681070600 23975817402162977
-49980754574226 44982771861469 -77476304381490 44982771861469
9742557220326 44982771861469 15223436560710 44982771861469
-147279146200074 44982771861469 -112263232168710 44982771861469
-154128435955200 44982771861469 -85906017666000 44982771861469
-32773090883148 44982771861469 -28117758107880 44982771861469
-168663970496826 44982771861469 -141311575934550 44982771861469
-73588524414300 44982771861469 -97970381265960 44982771861469
-48809156766174 44982771861469 -288933340646790 44982771861469
29282058583974 44982771861469 -182857160777130 44982771861469
-26285596835652 44982771861469 -207316824718500 44982771861469
117284781952674 44982771861469 -196358153301450 44982771861469
-81938345510826 44982771861469 -161446671917370 44982771861469
39416999561226 44982771861469 -103658412359250 44982771861469
-62734554573257700 24335679577054729 -30525031594673280 24335679577054729
-55128481395407532 24335679577054729 -85906744365371580 24335679577054729
-33800802098030100 24335679577054729 -84538578015667440 24335679577054729
-30095336340506934 24335679577054729 -51902658430219170 24335679577054729
26369436517256700 24335679577054729 -49226479857383220 24335679577054729
-75690408688339032 24335679577054729 -47521726200418680 24335679577054729
-24254592357692466 24335679577054729 -24074139884711490 24335679577054729
13755888559349924022 12970917214570170557 -10828680605958916890 12970917214570170557
-7060340590556652000 12970917214570170557 10953693669386376720 12970917214570170557
517547122770138678 12970917214570170557 -18207287845248131910 12970917214570170557
-29104172438106622500 12970917214570170557 3690103511773006020 12970917214570170557
-35847777798040597578 12970917214570170557 19845863489953997370 12970917214570170557
-28269890084713806900 12970917214570170557 -9315118024680511260 12970917214570170557
-32893937790282003078 12970917214570170557 -26200110667253809230 12970917214570170557
-7453660934807230878 12970917214570170557 -31097492300025804870 12970917214570170557
-61362916640747946 23621276664238201 -41018837483338470 23621276664238201
-47562860773769292 23621276664238201 -94123764510717060 23621276664238201
7126992564196554 23621276664238201 -89697167805942270 23621276664238201
12206735973363708 23621276664238201 -35064109833575760 23621276664238201
-41886390777218977500 12779110675352866741 -17663213301431254200 12779110675352866741
-34033056406260127272 12779110675352866741 -4963621851530145720 12779110675352866741
-26567226182224675458 12779110675352866741 -33693387373341962910 12779110675352866741
-112345610391000 44317592240597 71087010364440 44317592240597
-147174977443662 44317592240597 119715670556370 44317592240597
-121283690638824 44317592240597 20081661124140 44317592240597
-170573093275662 44317592240597 -13806186093630 44317592240597
-76903568761824 44317592240597 -56506475850300 44317592240597
-63035928369162 44317592240597 59914913460570 44317592240597
-217735684234362 44317592240597 -65686554991890 44317592240597
-224483690592000 44317592240597 -39719095971660 44317592240597
-104922879273324 44317592240597 17214623703900 44317592240597
-180103568715000 44317592240597 -116307232946100 44317592240597
-86434044201162 44317592240597 -159007522702770 44317592240597
-2315274511662 44317592240597 25519683187530 44317592240597
-95984799025500 44317592240597 68219972944200 44317592240597
-23593968695505600 23975817402162977 29473543987159860 23975817402162977
-32199231316047642 23975817402162977 17784477791053470 23975817402162977
-28548559876565484 23975817402162977 49937795977825980 23975817402162977
-22170946903541100 23975817402162977 7290749900197260 23975817402162977
-35553671433266742 23975817402162977 -5312137809654270 23975817402162977
-2536316272179900 23975817402162977 39537399864768120 23975817402162977
-17545653911525304600 12970917214570170557 -19061533573067898360 12970917214570170557
-13755888559349924022 12970917214570170557 10828680605958916890 12970917214570170557
-31618277701497905544 12970917214570170557 -13434919275903596100 12970917214570170557
-6983764802243403300 12779110675352866741 47884159702765049580 12779110675352866741
482065421792048514 12779110675352866741 19154394180953232390 12779110675352866741
-31661841653163337014 12779110675352866741 31387779166038274350 12779110675352866741
-24196011429127885200 12779110675352866741 2658013644226457160 12779110675352866741
5391199226711637486 12779110675352866741 5052802461509618550 12779110675352866741
366234313297899457152 6913498875365900906881 8069722032526360570980 6913498875365900906881
-26762741993862 44317592240597 128295988723350 44317592240597
-61592109046524 44317592240597 176924648915280 44317592240597
-35700822241686 44317592240597 77290639483050 44317592240597
-84990224878524 44317592240597 43402792265280 44317592240597
8679299635314 44317592240597 702502508610 44317592240597
142959175477776 44317592240597 40303630473120 44317592240597
-80653059925200 44317592240597 -28077444789660 44317592240597
-54761773120362 44317592240597 -127711454221890 44317592240597
47845831641300 44317592240597 -119406394738260 44317592240597
-128760625728 83147452609 76052072880 83147452609
-4370578128 83147452609 -24940799100 83147452609
283388051772 83147452609 -111830464620 83147452609
234811528686 83147452609 235326362670 83147452609
-55431915714 83147452609 -323671950 83147452609
300157433100 83147452609 -16135625520 83147452609
216892664100 83147452609 127556939160 83147452609
104874230286 83147452609 134333490690 83147452609
94987431000 83147452609 79789442040 83147452609
46410907914 83147452609 -107141157270 83147452609
151546759686 83147452609 60470347770 83147452609
-6274571814 83147452609 32814038250 83147452609
-150207626142 83147452609 235326362670 83147452609
-130664619414 83147452609 305682364890 83147452609
-420908063814 83147452609 70032330270 83147452609
-245167867728 83147452609 150145444260 83147452609
-29765233442574 44982771861469 -3658094166510 44982771861469
-25790389128 83147452609 107914172940 83147452609
-120993549364422 44982771861469 95053592549790 44982771861469
-369846726228 83147452609 -126460251540 83147452609
-194106530142 83147452609 -206573365530 83147452609
24383086686 83147452609 111975214050 83147452609
-87635347128 83147452609 118751765580 83147452609
-97522146414 83147452609 64207716930 83147452609
-146098669500 83147452609 -122722882380 83147452609
78218049672 83147452609 -15905397060 83147452609
29641526586 83147452609 -202835996370 83147452609
156224378772 83147452609 124049798460 83147452609
-199364970042 83147452609 108237844890 83147452609
-169723443456 83147452609 0 1
78455410544952 44982771861469 -77491060766280 44982771861469
-15119504196174 44982771861469 -30998750280750 44982771861469
79955941886352 44982771861469 12342444387840 44982771861469
143793811747026 44982771861469 7475683775490 44982771861469
81847554409152 44982771861469 -76669790285340 44982771861469
116169628113000 44982771861469 28125778319100 44982771861469
-7606073177850168 24335679577054729 55381712770698300 24335679577054729
55128481395407532 24335679577054729 85906744365371580 24335679577054729
21615556175617698 24335679577054729 40384042898462550 24335679577054729
71380288343952 44982771861469 86499325668420 44982771861469
26285596835652 44982771861469 207316824718500 44982771861469
-35660660502222 44982771861469 123171350657670 44982771861469
143570378788326 44982771861469 10958671417050 44982771861469
-55652748675174 44982771861469 45870152801130 44982771861469
65702596396878 44982771861469 103658412359250 44982771861469
11798513773326 44982771861469 23179052676150 44982771861469
-153174573259722 44982771861469 14566212655470 44982771861469
105373428514452 44982771861469 -23313257809380 44982771861469
44771455821078 44982771861469 -26979372187110 44982771861469
19992088172952 44982771861469 -38275321259700 44982771861469
-57875694218496 44982771861469 71283846251520 44982771861469
-55624300629213834 24335679577054729 25554169491680970 24335679577054729
-26690548153986234 24335679577054729 -28459376929313190 24335679577054729
-22985082396463068 24335679577054729 4176542656135080 24335679577054729
33479690461300566 24335679577054729 6852721228971030 24335679577054729
-68580154744295166 24335679577054729 8557474885935570 24335679577054729
-17144338413648600 24335679577054729 32005061201642760 24335679577054729
17545653911525304600 12970917214570170557 19061533573067898360 12970917214570170557
-3270575238381271422 12970917214570170557 40843907848413191970 12970917214570170557
4307312474945519256 12970917214570170557 11682926333778683340 12970917214570170557
-7452017943783260400 12970917214570170557 57843917572662334260 12970917214570170557
-25314407085931241922 12970917214570170557 33580317690799821270 12970917214570170557
-32058012445865217000 12970917214570170557 49736077668980812620 12970917214570170557
-24480124732538426322 12970917214570170557 20575096154346303990 12970917214570170557
-3663895582631850300 12970917214570170557 -1207278120998989620 12970917214570170557
41886390777218977500 12779110675352866741 17663213301431254200 12779110675352866741
21377980172967212214 12779110675352866741 39123482227048706130 12779110675352866741
28843810397002664028 12779110675352866741 10393716705236888940 12779110675352866741
-3300096677952721500 12779110675352866741 22627101690321930900 12779110675352866741
4165733546082730314 12779110675352866741 -6102663831489886290 12779110675352866741
33752944201922253000 12779110675352866741 -3707875014206724900 12779110675352866741
15709938344886842450226 6913498875365900906881 3330195518163818764530 6913498875365900906881
43107766574621616 23975817402162977 -1079327257606080 23975817402162977
-12723433400046600 23975817402162977 -33431536846433880 23975817402162977
70869386635065774 23975817402162977 -38185224022473570 23975817402162977
103886741796152616 23975817402162977 6664313651948820 23975817402162977
60216640590867516 23975817402162977 38813390681070600 23975817402162977
27199285429780674 23975817402162977 -6036146993351790 23975817402162977
33576898402805058 23975817402162977 -2481479554263570 23975817402162977
65409423589301274 23975817402162977 46927482367929030 23975817402162977
-18283144333771926 23975817402162977 -21022912064851830 23975817402162977
-21933815773254084 23975817402162977 -6974516734907400 23975817402162977
42748583150149632 23975817402162977 23826625609570560 23975817402162977
-10562166583442812422 12970917214570170557 -13961569782324940650 12970917214570170557
-28424555725590793944 12970917214570170557 -38225169664187453640 12970917214570170557
1671168207597222978 12970917214570170557 -36798766484865892290 12970917214570170557
-9574445853947935044 12970917214570170557 -6171329118290225400 12970917214570170557
-1996558140621144366 12970917214570170557 -35332310632924734030 12970917214570170557
18819671009285431656 12970917214570170557 -57114684908270027640 12970917214570170557
27264883439174056956 12970917214570170557 -20900685917149655400 12970917214570170557
22609436361460812234 12970917214570170557 -27224470729243212390 12970917214570170557
24584449610220659712 12970917214570170557 -9829525590199284480 12970917214570170557
-15709938344886842450226 6913498875365900906881 -3330195518163818764530 6913498875365900906881
-366234313297899457152 6913498875365900906881 -8069722032526360570980 6913498875365900906881
-11461284450198104476878 6913498875365900906881 3540283456232680923150 6913498875365900906881
-7422270298994925045504 6913498875365900906881 -12002519691067512176640 6913498875365900906881
